currency,issue_date,doc_number,booking_class,fare_flag,fee_local,service_type,doc_type_ref,doc_type,service_date,origin,destination,flight_no,trans_code,doc_category,base_fare_usd,fee_usd,equipment_type
CCY-2,2025-12-15,9979348329480,Class 8,N,113.05,Service Type 2,Doc Type A,A,2025-12-13,KEE,GNP,FN-395,TYPE-A,DOC,9.06,3.23,Equip-1
CCY-1,2025-12-04,7754750316815,Class 8,Y,117.25,Service Type 4,Doc Type A,A,2025-12-14,ZYR,PVS,FN-118,TYPE-A,DOC,6.33,3.35,Equip-3
CCY-4,2025-12-18,0120039081970,Class 5,N,142.1,Service Type 4,Doc Type A,A,2025-12-11,RZP,SUQ,FN-508,TYPE-C,DOC,7.52,4.06,Equip-2
CCY-1,2025-12-18,8885037219304,Class 2,Y,74.9,Service Type 5,Doc Type A,A,2025-12-21,SZV,TDX,FN-118,TYPE-B,DOC,23.69,2.14,Equip-3
CCY-1,2025-12-23,4620873843221,Class 6,N,79.45,Service Type 2,Doc Type A,A,2025-12-26,KUV,UBR,FN-118,TYPE-B,DOC,14.67,2.27,Equip-3
CCY-4,2025-12-28,8252381547432,Class 6,N,60.55,Service Type 4,Doc Type A,A,2025-12-12,KHV,LNR,FN-132,TYPE-B,DOC,17.2,1.73,Equip-3
CCY-1,2025-12-14,5413907443297,Class 3,Y,74.55,Service Type 2,Doc Type A,A,2025-12-29,JYN,PVS,FN-117,TYPE-B,DOC,14.4,2.13,Equip-1
CCY-2,2025-12-22,7032288897026,Class 1,Y,68.95,Service Type 3,Doc Type A,A,2025-12-05,KUV,QFX,FN-101,TYPE-D,DOC,10.97,1.97,Equip-1
CCY-3,2025-12-04,0697775323863,Class 8,N,75.6,Service Type 2,Doc Type A,A,2025-12-30,KEE,KUV,FN-133,TYPE-C,DOC,16.11,2.16,Equip-1
CCY-3,2025-12-23,7228043691742,Class 4,Y,93.1,Service Type 5,Doc Type A,A,2025-12-14,YML,ZYR,FN-508,TYPE-A,DOC,14.76,2.66,Equip-3
CCY-1,2025-12-19,8174552753700,Class 5,Y,110.25,Service Type 1,Doc Type A,A,2025-12-06,KSN,GNP,FN-119,TYPE-B,DOC,11.43,3.15,Equip-2
CCY-4,2025-12-10,1169277038931,Class 4,N,112.35,Service Type 3,Doc Type A,A,2025-12-19,KUV,JKS,FN-101,TYPE-B,DOC,8.19,3.21,Equip-2
CCY-4,2025-12-03,6889729319010,Class 2,N,77.7,Service Type 3,Doc Type A,A,2025-12-09,KHV,NAB,FN-101,TYPE-C,DOC,19.65,2.22,Equip-2
CCY-3,2025-12-17,7038171747490,Class 8,Y,157.5,Service Type 2,Doc Type A,A,2025-12-05,KUV,UMK,FN-395,TYPE-C,DOC,17.86,4.5,Equip-1
CCY-2,2025-12-13,2305762072669,Class 4,Y,53.9,Service Type 5,Doc Type A,A,2025-12-23,JYN,LNR,FN-132,TYPE-C,DOC,7.92,1.54,Equip-1
CCY-1,2025-12-31,8625395639487,Class 5,Y,85.75,Service Type 2,Doc Type A,A,2025-12-09,KHV,TPX,FN-119,TYPE-C,DOC,13.51,2.45,Equip-3
CCY-2,2025-12-26,4269263444830,Class 5,Y,106.05,Service Type 1,Doc Type A,A,2025-12-28,FUG,MBT,FN-132,TYPE-C,DOC,21.34,3.03,Equip-2
CCY-4,2025-12-01,1937728675668,Class 1,N,64.75,Service Type 2,Doc Type A,A,2025-12-10,TPX,SZV,FN-132,TYPE-D,DOC,7.99,1.85,Equip-1
CCY-1,2025-12-15,8065502647223,Class 2,N,85.05,Service Type 4,Doc Type A,A,2025-12-22,KEE,ZYR,FN-118,TYPE-B,DOC,17.45,2.43,Equip-1
CCY-4,2025-12-13,5796675813434,Class 5,N,138.6,Service Type 4,Doc Type A,A,2025-12-27,QFX,KEE,FN-133,TYPE-B,DOC,12.22,3.96,Equip-1
CCY-4,2025-12-14,3786120459776,Class 8,N,103.25,Service Type 1,Doc Type A,A,2025-12-09,KLC,KHV,FN-508,TYPE-C,DOC,9.58,2.95,Equip-1
CCY-2,2025-12-12,1911556529278,Class 2,Y,128.8,Service Type 4,Doc Type A,A,2025-12-05,KLC,MFP,FN-118,TYPE-A,DOC,11.92,3.68,Equip-3
CCY-4,2025-12-16,9338395027862,Class 7,Y,97.3,Service Type 1,Doc Type A,A,2025-12-09,UMK,UBR,FN-105,TYPE-B,DOC,14.95,2.78,Equip-2
CCY-2,2025-12-23,9785141201190,Class 7,N,92.05,Service Type 4,Doc Type A,A,2025-12-08,SUQ,FUG,FN-133,TYPE-C,DOC,12.32,2.63,Equip-1
CCY-4,2025-12-30,4761155849738,Class 5,Y,114.1,Service Type 1,Doc Type A,A,2025-12-17,HGV,JYN,FN-105,TYPE-A,DOC,4.61,3.26,Equip-1
CCY-2,2025-12-03,2407667861986,Class 7,N,74.2,Service Type 3,Doc Type A,A,2025-12-07,PVS,SZV,FN-119,TYPE-B,DOC,21.46,2.12,Equip-2
CCY-1,2025-12-02,7476031077735,Class 4,Y,74.55,Service Type 5,Doc Type A,A,2025-12-14,JYN,DRW,FN-118,TYPE-A,DOC,8.13,2.13,Equip-2
CCY-2,2025-12-16,5798802720993,Class 6,Y,120.75,Service Type 3,Doc Type A,A,2025-12-03,TDX,KSN,FN-117,TYPE-A,DOC,15.62,3.45,Equip-3
CCY-3,2025-12-11,4670047587012,Class 9,Y,72.8,Service Type 5,Doc Type A,A,2025-12-15,GNP,ZYR,FN-101,TYPE-B,DOC,11.21,2.08,Equip-2
CCY-2,2025-12-18,6101083015352,Class 8,Y,50.4,Service Type 1,Doc Type A,A,2025-12-26,YML,KLC,FN-132,TYPE-D,DOC,12.46,1.44,Equip-1
CCY-4,2025-12-07,8419628419447,Class 5,N,135.45,Service Type 5,Doc Type A,A,2025-12-01,GNP,VQR,FN-132,TYPE-D,DOC,12.72,3.87,Equip-3
CCY-2,2025-12-22,1839576853893,Class 4,N,51.45,Service Type 4,Doc Type A,A,2025-12-05,JKS,JYN,FN-118,TYPE-A,DOC,5.74,1.47,Equip-3
CCY-4,2025-12-29,8631892786985,Class 7,N,83.65,Service Type 5,Doc Type A,A,2025-12-13,PVS,KSN,FN-394,TYPE-B,DOC,19.9,2.39,Equip-2
CCY-3,2025-12-13,8808596652163,Class 5,N,99.75,Service Type 5,Doc Type A,A,2025-12-27,KHV,RZP,FN-133,TYPE-C,DOC,17.68,2.85,Equip-3
CCY-1,2025-12-11,1184264102205,Class 9,Y,120.4,Service Type 3,Doc Type A,A,2025-12-19,KEE,YML,FN-132,TYPE-D,DOC,11.19,3.44,Equip-3
CCY-2,2025-12-12,2627382760670,Class 7,Y,109.55,Service Type 3,Doc Type A,A,2025-12-01,GNP,KEE,FN-508,TYPE-A,DOC,7.58,3.13,Equip-3
CCY-2,2025-12-28,6119809560699,Class 4,Y,58.8,Service Type 2,Doc Type A,A,2025-12-05,LNR,SUQ,FN-119,TYPE-D,DOC,10.09,1.68,Equip-2
CCY-4,2025-12-23,5401973111202,Class 8,Y,95.9,Service Type 2,Doc Type A,A,2025-12-04,KHV,JYN,FN-133,TYPE-B,DOC,13.69,2.74,Equip-1
CCY-1,2025-12-20,9389273340958,Class 7,Y,62.65,Service Type 3,Doc Type A,A,2025-12-10,LNR,TDX,FN-133,TYPE-B,DOC,11.21,1.79,Equip-1
CCY-4,2025-12-25,6242996639074,Class 3,N,135.8,Service Type 4,Doc Type A,A,2025-12-07,MFP,QFX,FN-119,TYPE-A,DOC,19.96,3.88,Equip-1
CCY-1,2025-12-01,2370609314173,Class 4,N,94.15,Service Type 1,Doc Type A,A,2025-12-06,QFX,GNP,FN-119,TYPE-B,DOC,16.82,2.69,Equip-1
CCY-3,2025-12-11,4975152385897,Class 3,N,173.25,Service Type 1,Doc Type A,A,2025-12-31,VQR,KSN,FN-133,TYPE-D,DOC,3.35,4.95,Equip-3
CCY-2,2025-12-05,3709031346443,Class 1,Y,78.75,Service Type 3,Doc Type A,A,2025-12-22,KSN,JYN,FN-119,TYPE-B,DOC,11.69,2.25,Equip-3
CCY-2,2025-12-27,3265090128184,Class 9,Y,145.95,Service Type 4,Doc Type A,A,2025-12-10,NAB,VQR,FN-132,TYPE-A,DOC,14.08,4.17,Equip-1
CCY-1,2025-12-25,0679913468060,Class 7,N,149.8,Service Type 4,Doc Type A,A,2025-12-03,SZV,HGV,FN-117,TYPE-A,DOC,11.88,4.28,Equip-3
CCY-3,2025-12-16,2672340688772,Class 8,N,67.2,Service Type 2,Doc Type A,A,2025-12-18,LNR,DPQ,FN-133,TYPE-D,DOC,17.41,1.92,Equip-3
CCY-4,2025-12-23,0734218089316,Class 9,Y,138.6,Service Type 2,Doc Type A,A,2025-12-24,RZP,KHV,FN-394,TYPE-C,DOC,8.63,3.96,Equip-1
CCY-2,2025-12-22,0566807352675,Class 7,N,99.75,Service Type 2,Doc Type A,A,2025-12-20,KHV,TDX,FN-395,TYPE-A,DOC,1.56,2.85,Equip-2
CCY-1,2025-12-26,3610046051001,Class 6,Y,88.2,Service Type 1,Doc Type A,A,2025-12-20,JYN,TPX,FN-395,TYPE-D,DOC,4.85,2.52,Equip-1
CCY-4,2025-12-05,7167520593541,Class 6,N,92.4,Service Type 2,Doc Type A,A,2025-12-08,KLC,UMK,FN-508,TYPE-D,DOC,10.51,2.64,Equip-2
CCY-4,2025-12-10,2589199597465,Class 2,N,66.5,Service Type 4,Doc Type A,A,2025-12-22,JKS,UMK,FN-132,TYPE-D,DOC,9.24,1.9,Equip-1
CCY-4,2025-12-01,3288894897894,Class 2,N,170.45,Service Type 2,Doc Type A,A,2025-12-14,SUQ,YML,FN-119,TYPE-C,DOC,23.46,4.87,Equip-1
CCY-2,2025-12-29,8082314302520,Class 1,Y,160.3,Service Type 5,Doc Type A,A,2025-12-25,GNP,VQR,FN-395,TYPE-A,DOC,6.19,4.58,Equip-2
CCY-4,2025-12-19,8087825346709,Class 8,N,109.55,Service Type 1,Doc Type A,A,2025-12-25,JKS,HGV,FN-133,TYPE-A,DOC,10.0,3.13,Equip-2
CCY-1,2025-12-21,2178888162666,Class 9,N,81.9,Service Type 3,Doc Type A,A,2025-12-25,KSN,JYN,FN-117,TYPE-B,DOC,11.68,2.34,Equip-1
CCY-3,2025-12-10,4611795495711,Class 8,Y,109.55,Service Type 3,Doc Type A,A,2025-12-20,SZV,JYN,FN-118,TYPE-C,DOC,16.92,3.13,Equip-3
CCY-3,2025-12-30,3614518313218,Class 2,N,59.5,Service Type 4,Doc Type A,A,2025-12-26,TPX,KSN,FN-101,TYPE-C,DOC,9.62,1.7,Equip-3
CCY-4,2025-12-27,1007260768516,Class 5,Y,47.6,Service Type 4,Doc Type A,A,2025-12-10,YML,PVS,FN-101,TYPE-A,DOC,7.53,1.36,Equip-2
CCY-3,2025-12-31,4512827294289,Class 9,Y,63.0,Service Type 1,Doc Type A,A,2025-12-28,VQR,KUV,FN-133,TYPE-D,DOC,12.06,1.8,Equip-2
CCY-4,2025-12-06,4832595748591,Class 4,Y,152.95,Service Type 4,Doc Type A,A,2025-12-12,MFP,SZV,FN-508,TYPE-B,DOC,10.67,4.37,Equip-1
CCY-2,2025-12-25,3881871694675,Class 7,Y,103.95,Service Type 5,Doc Type A,A,2025-12-21,UMK,PVS,FN-117,TYPE-C,DOC,18.0,2.97,Equip-3
CCY-4,2025-12-17,0725797513154,Class 7,Y,170.8,Service Type 4,Doc Type A,A,2025-12-16,MFP,ZYR,FN-133,TYPE-B,DOC,11.56,4.88,Equip-1
CCY-4,2025-12-27,0629494472724,Class 6,N,93.45,Service Type 4,Doc Type A,A,2025-12-13,DRW,HGV,FN-508,TYPE-D,DOC,14.6,2.67,Equip-2
CCY-3,2025-12-17,9333639960144,Class 8,Y,118.65,Service Type 3,Doc Type A,A,2025-12-31,KSN,YML,FN-508,TYPE-D,DOC,4.87,3.39,Equip-2
CCY-1,2025-12-19,4459596140977,Class 5,Y,82.95,Service Type 5,Doc Type A,A,2025-12-10,HGV,DPQ,FN-105,TYPE-B,DOC,16.15,2.37,Equip-2
CCY-1,2025-12-11,3529322769730,Class 6,N,92.4,Service Type 2,Doc Type A,A,2025-12-04,UMK,DPQ,FN-395,TYPE-D,DOC,13.46,2.64,Equip-2
CCY-2,2025-12-05,6169174993945,Class 3,Y,17.85,Service Type 4,Doc Type A,A,2025-12-23,NAB,DPQ,FN-508,TYPE-A,DOC,11.08,0.51,Equip-3
CCY-3,2025-12-11,4700688730296,Class 3,Y,138.95,Service Type 3,Doc Type A,A,2025-12-24,MFP,KEE,FN-133,TYPE-B,DOC,10.89,3.97,Equip-1
CCY-3,2025-12-02,9762827128826,Class 4,Y,106.75,Service Type 1,Doc Type A,A,2025-12-24,KLC,SZV,FN-508,TYPE-D,DOC,8.84,3.05,Equip-3
CCY-3,2025-12-31,4077488168204,Class 4,Y,117.6,Service Type 5,Doc Type A,A,2025-12-03,ZYR,JKS,FN-117,TYPE-D,DOC,8.22,3.36,Equip-2
CCY-4,2025-12-25,7427894378872,Class 5,Y,72.1,Service Type 4,Doc Type A,A,2025-12-12,DRW,YML,FN-395,TYPE-A,DOC,10.92,2.06,Equip-2
CCY-4,2025-12-11,0580953164705,Class 5,N,137.55,Service Type 3,Doc Type A,A,2025-12-07,KEE,KHV,FN-118,TYPE-A,DOC,18.66,3.93,Equip-2
CCY-2,2025-12-18,4568893228171,Class 1,Y,122.5,Service Type 2,Doc Type A,A,2025-12-30,TPX,DRW,FN-395,TYPE-A,DOC,8.98,3.5,Equip-3
CCY-2,2025-12-07,4977593367835,Class 9,N,127.4,Service Type 3,Doc Type A,A,2025-12-09,UMK,FUG,FN-508,TYPE-A,DOC,14.69,3.64,Equip-3
CCY-4,2025-12-21,8138231196764,Class 8,N,140.35,Service Type 5,Doc Type A,A,2025-12-24,VQR,UBR,FN-119,TYPE-B,DOC,3.53,4.01,Equip-2
CCY-2,2025-12-29,8227069777730,Class 9,N,92.4,Service Type 2,Doc Type A,A,2025-12-19,KLC,JYN,FN-395,TYPE-C,DOC,9.15,2.64,Equip-1
CCY-4,2025-12-02,2368104636320,Class 2,N,115.5,Service Type 3,Doc Type A,A,2025-12-13,ZYR,DPQ,FN-105,TYPE-B,DOC,25.19,3.3,Equip-1
CCY-1,2025-12-24,2286731941949,Class 3,N,27.65,Service Type 3,Doc Type A,A,2025-12-22,UMK,SUQ,FN-105,TYPE-A,DOC,10.07,0.79,Equip-3
CCY-1,2025-12-27,2023152180961,Class 3,N,57.75,Service Type 5,Doc Type A,A,2025-12-05,NAB,KHV,FN-101,TYPE-A,DOC,18.95,1.65,Equip-3
CCY-3,2025-12-24,3597309806572,Class 8,Y,93.45,Service Type 5,Doc Type A,A,2025-12-02,SUQ,DPQ,FN-105,TYPE-D,DOC,6.98,2.67,Equip-3
CCY-3,2025-12-28,5632454053606,Class 6,N,131.95,Service Type 5,Doc Type A,A,2025-12-04,NAB,VQR,FN-132,TYPE-C,DOC,19.08,3.77,Equip-3
CCY-3,2025-12-22,2177296229234,Class 7,N,115.85,Service Type 1,Doc Type A,A,2025-12-18,KEE,DPQ,FN-118,TYPE-C,DOC,11.21,3.31,Equip-2
CCY-4,2025-12-07,2743076674001,Class 9,N,109.9,Service Type 4,Doc Type A,A,2025-12-26,KSN,HGV,FN-133,TYPE-D,DOC,9.0,3.14,Equip-3
CCY-3,2025-12-07,5960712408476,Class 6,Y,138.95,Service Type 1,Doc Type A,A,2025-12-25,RZP,DPQ,FN-132,TYPE-D,DOC,12.37,3.97,Equip-1
CCY-3,2025-12-25,7180388143710,Class 5,N,122.15,Service Type 5,Doc Type A,A,2025-12-06,JKS,HGV,FN-133,TYPE-A,DOC,16.84,3.49,Equip-3
CCY-1,2025-12-29,0750797522178,Class 1,N,130.9,Service Type 4,Doc Type A,A,2025-12-16,KLC,SUQ,FN-394,TYPE-C,DOC,10.19,3.74,Equip-3
CCY-2,2025-12-01,1636842633618,Class 2,Y,67.2,Service Type 3,Doc Type A,A,2025-12-11,KSN,GNP,FN-508,TYPE-D,DOC,11.54,1.92,Equip-2
CCY-4,2025-12-05,8781841476238,Class 1,Y,107.8,Service Type 4,Doc Type A,A,2025-12-27,ZYR,JKS,FN-394,TYPE-A,DOC,9.98,3.08,Equip-3
CCY-1,2025-12-18,6771641814604,Class 2,Y,98.7,Service Type 5,Doc Type A,A,2025-12-22,TDX,UBR,FN-119,TYPE-D,DOC,16.55,2.82,Equip-1
CCY-2,2025-12-17,0297980134720,Class 7,N,107.1,Service Type 2,Doc Type A,A,2025-12-18,KUV,QFX,FN-133,TYPE-D,DOC,5.95,3.06,Equip-2
CCY-4,2025-12-12,3767039274991,Class 5,Y,111.65,Service Type 5,Doc Type A,A,2025-12-08,PVS,KSN,FN-508,TYPE-D,DOC,12.57,3.19,Equip-3
CCY-1,2025-12-11,3083360146715,Class 2,Y,140.7,Service Type 5,Doc Type A,A,2025-12-22,NAB,DPQ,FN-395,TYPE-B,DOC,16.6,4.02,Equip-2
CCY-2,2025-12-24,2489136043745,Class 6,N,83.3,Service Type 4,Doc Type A,A,2025-12-14,FUG,JYN,FN-119,TYPE-C,DOC,9.03,2.38,Equip-1
CCY-2,2025-12-16,5848277594792,Class 3,N,129.5,Service Type 1,Doc Type A,A,2025-12-03,VQR,KSN,FN-508,TYPE-B,DOC,6.8,3.7,Equip-2
CCY-4,2025-12-12,9579633711935,Class 2,N,93.8,Service Type 1,Doc Type A,A,2025-12-18,TPX,KLC,FN-394,TYPE-A,DOC,19.24,2.68,Equip-2
CCY-1,2025-12-15,0376135242816,Class 5,N,156.45,Service Type 2,Doc Type A,A,2025-12-26,NAB,FUG,FN-395,TYPE-C,DOC,10.79,4.47,Equip-2
CCY-2,2025-12-21,7244753987920,Class 2,N,120.4,Service Type 5,Doc Type A,A,2025-12-05,NAB,TDX,FN-508,TYPE-B,DOC,14.53,3.44,Equip-1
CCY-2,2025-12-12,9968650660116,Class 6,N,128.8,Service Type 5,Doc Type A,A,2025-12-30,LNR,RZP,FN-133,TYPE-C,DOC,6.05,3.68,Equip-1
CCY-1,2025-12-08,5558180066056,Class 8,N,65.45,Service Type 2,Doc Type A,A,2025-12-21,KSN,PVS,FN-105,TYPE-B,DOC,7.35,1.87,Equip-2
CCY-3,2025-12-24,3800639937823,Class 7,Y,84.35,Service Type 1,Doc Type A,A,2025-12-20,KEE,FUG,FN-508,TYPE-D,DOC,10.27,2.41,Equip-3
CCY-2,2025-12-27,1916309165168,Class 1,Y,54.6,Service Type 3,Doc Type A,A,2025-12-27,GNP,ZYR,FN-394,TYPE-B,DOC,10.89,1.56,Equip-1
CCY-3,2025-12-16,0093587170200,Class 6,N,144.55,Service Type 3,Doc Type A,A,2025-12-01,NAB,DRW,FN-105,TYPE-D,DOC,16.79,4.13,Equip-3
CCY-1,2025-12-21,5299423255433,Class 5,Y,139.3,Service Type 2,Doc Type A,A,2025-12-06,MBT,KEE,FN-105,TYPE-B,DOC,2.26,3.98,Equip-3
CCY-1,2025-12-05,5833036132276,Class 1,N,135.1,Service Type 4,Doc Type A,A,2025-12-31,TDX,DRW,FN-118,TYPE-C,DOC,7.95,3.86,Equip-2
CCY-2,2025-12-01,9811078087667,Class 9,N,106.05,Service Type 3,Doc Type A,A,2025-12-07,TPX,SZV,FN-119,TYPE-C,DOC,11.66,3.03,Equip-3
CCY-2,2025-12-12,7843701180336,Class 2,Y,147.35,Service Type 4,Doc Type A,A,2025-12-07,TPX,DRW,FN-394,TYPE-C,DOC,11.07,4.21,Equip-1
CCY-3,2025-12-02,3351163784573,Class 7,Y,126.35,Service Type 3,Doc Type A,A,2025-12-29,UBR,KEE,FN-119,TYPE-A,DOC,5.8,3.61,Equip-1
CCY-2,2025-12-26,6027322699272,Class 9,N,130.2,Service Type 1,Doc Type A,A,2025-12-05,UMK,HGV,FN-117,TYPE-C,DOC,17.51,3.72,Equip-3
CCY-4,2025-12-11,1102939409965,Class 7,N,86.45,Service Type 5,Doc Type A,A,2025-12-19,KEE,MBT,FN-132,TYPE-D,DOC,23.62,2.47,Equip-2
CCY-1,2025-12-25,7130329284422,Class 2,Y,101.15,Service Type 5,Doc Type A,A,2025-12-10,SUQ,PVS,FN-119,TYPE-B,DOC,16.79,2.89,Equip-1
CCY-2,2025-12-29,3000429560302,Class 4,Y,104.65,Service Type 5,Doc Type A,A,2025-12-11,KSN,KUV,FN-395,TYPE-D,DOC,18.17,2.99,Equip-3
CCY-2,2025-12-01,7520025569318,Class 7,Y,150.85,Service Type 4,Doc Type A,A,2025-12-23,JKS,KEE,FN-117,TYPE-B,DOC,10.06,4.31,Equip-3
CCY-3,2025-12-08,8744373053596,Class 3,N,55.65,Service Type 4,Doc Type A,A,2025-12-08,MFP,YML,FN-101,TYPE-A,DOC,9.54,1.59,Equip-3
CCY-4,2025-12-25,3252739767488,Class 2,Y,126.7,Service Type 5,Doc Type A,A,2025-12-04,MBT,LNR,FN-118,TYPE-B,DOC,9.42,3.62,Equip-1
CCY-3,2025-12-25,6941431401398,Class 9,N,108.85,Service Type 5,Doc Type A,A,2025-12-10,JYN,LNR,FN-117,TYPE-C,DOC,18.96,3.11,Equip-1
CCY-2,2025-12-24,7189428408885,Class 7,Y,57.4,Service Type 5,Doc Type A,A,2025-12-01,KHV,KUV,FN-117,TYPE-C,DOC,18.59,1.64,Equip-1
CCY-1,2025-12-02,4164851559648,Class 8,Y,94.85,Service Type 2,Doc Type A,A,2025-12-28,KSN,QFX,FN-117,TYPE-A,DOC,9.78,2.71,Equip-3
CCY-2,2025-12-20,5088884235940,Class 3,Y,107.8,Service Type 4,Doc Type A,A,2025-12-19,ZYR,KEE,FN-395,TYPE-A,DOC,11.43,3.08,Equip-2
CCY-2,2025-12-11,6362244626556,Class 2,N,89.6,Service Type 4,Doc Type A,A,2025-12-22,VQR,KSN,FN-394,TYPE-B,DOC,15.45,2.56,Equip-1
CCY-3,2025-12-28,1727484792705,Class 5,N,103.25,Service Type 4,Doc Type A,A,2025-12-04,NAB,HGV,FN-394,TYPE-B,DOC,12.7,2.95,Equip-2
CCY-1,2025-12-14,8447067409126,Class 1,Y,101.15,Service Type 5,Doc Type A,A,2025-12-15,JYN,KLC,FN-101,TYPE-A,DOC,7.37,2.89,Equip-3
CCY-1,2025-12-04,0648023258699,Class 9,Y,99.05,Service Type 1,Doc Type A,A,2025-12-25,ZYR,KUV,FN-395,TYPE-A,DOC,11.28,2.83,Equip-2
CCY-3,2025-12-13,5411242296069,Class 2,Y,107.8,Service Type 5,Doc Type A,A,2025-12-06,GNP,TDX,FN-105,TYPE-D,DOC,12.16,3.08,Equip-3
CCY-3,2025-12-27,2186678239675,Class 7,N,149.45,Service Type 4,Doc Type A,A,2025-12-23,JKS,SUQ,FN-132,TYPE-C,DOC,9.84,4.27,Equip-3
CCY-2,2025-12-15,8785597118972,Class 5,Y,79.8,Service Type 5,Doc Type A,A,2025-12-24,VQR,KLC,FN-394,TYPE-A,DOC,6.15,2.28,Equip-2
CCY-4,2025-12-09,7267326813615,Class 4,N,68.6,Service Type 3,Doc Type A,A,2025-12-02,DRW,LNR,FN-394,TYPE-D,DOC,25.9,1.96,Equip-1
CCY-2,2025-12-31,8207495962413,Class 3,N,130.55,Service Type 3,Doc Type A,A,2025-12-20,FUG,KHV,FN-105,TYPE-B,DOC,5.23,3.73,Equip-1
CCY-1,2025-12-10,1421582545143,Class 5,Y,96.6,Service Type 5,Doc Type A,A,2025-12-30,HGV,DPQ,FN-117,TYPE-C,DOC,1.61,2.76,Equip-1
CCY-4,2025-12-31,9920510341594,Class 3,Y,51.1,Service Type 3,Doc Type A,A,2025-12-19,FUG,GNP,FN-118,TYPE-B,DOC,22.73,1.46,Equip-3
CCY-2,2025-12-15,0607714976423,Class 7,Y,52.5,Service Type 4,Doc Type A,A,2025-12-29,JYN,PVS,FN-101,TYPE-B,DOC,2.09,1.5,Equip-1
CCY-2,2025-12-08,4177921170052,Class 5,N,144.2,Service Type 5,Doc Type A,A,2025-12-13,TDX,JKS,FN-101,TYPE-A,DOC,16.49,4.12,Equip-1
CCY-4,2025-12-28,1720984027094,Class 4,Y,128.8,Service Type 3,Doc Type A,A,2025-12-06,JKS,KUV,FN-105,TYPE-A,DOC,9.44,3.68,Equip-3
CCY-4,2025-12-04,7862561563688,Class 7,N,167.65,Service Type 4,Doc Type A,A,2025-12-21,DPQ,KUV,FN-132,TYPE-A,DOC,18.95,4.79,Equip-2
CCY-4,2025-12-19,6062853674928,Class 2,N,24.5,Service Type 1,Doc Type A,A,2025-12-26,KUV,NAB,FN-105,TYPE-B,DOC,10.77,0.7,Equip-3
CCY-3,2025-12-25,4313311270645,Class 5,N,89.95,Service Type 5,Doc Type A,A,2025-12-26,UBR,JYN,FN-119,TYPE-A,DOC,7.9,2.57,Equip-2
CCY-4,2025-12-20,1030337991618,Class 6,Y,98.35,Service Type 2,Doc Type A,A,2025-12-20,SZV,MBT,FN-394,TYPE-D,DOC,10.71,2.81,Equip-2
CCY-4,2025-12-09,4093057761406,Class 3,N,149.45,Service Type 1,Doc Type A,A,2025-12-02,FUG,KUV,FN-132,TYPE-C,DOC,17.59,4.27,Equip-1
CCY-2,2025-12-12,7408851744441,Class 4,Y,143.5,Service Type 3,Doc Type A,A,2025-12-18,VQR,UBR,FN-117,TYPE-B,DOC,11.14,4.1,Equip-3
CCY-2,2025-12-13,3733806177998,Class 1,N,107.1,Service Type 2,Doc Type A,A,2025-12-18,PVS,NAB,FN-105,TYPE-A,DOC,13.79,3.06,Equip-1
CCY-1,2025-12-01,5950761404868,Class 8,Y,107.45,Service Type 4,Doc Type A,A,2025-12-20,KLC,DRW,FN-101,TYPE-D,DOC,16.53,3.07,Equip-1
CCY-2,2025-12-26,1092009114989,Class 3,Y,54.6,Service Type 4,Doc Type A,A,2025-12-18,SZV,JYN,FN-132,TYPE-A,DOC,22.29,1.56,Equip-3
CCY-3,2025-12-15,9398364690610,Class 7,Y,100.45,Service Type 2,Doc Type A,A,2025-12-29,GNP,DPQ,FN-119,TYPE-B,DOC,9.42,2.87,Equip-1
CCY-2,2025-12-18,2235375572705,Class 3,N,149.45,Service Type 1,Doc Type A,A,2025-12-21,HGV,SZV,FN-105,TYPE-D,DOC,14.2,4.27,Equip-1
CCY-4,2025-12-12,7767788713084,Class 9,Y,55.3,Service Type 5,Doc Type A,A,2025-12-16,FUG,UBR,FN-117,TYPE-A,DOC,11.88,1.58,Equip-1
CCY-4,2025-12-07,2956898657489,Class 4,N,131.25,Service Type 4,Doc Type A,A,2025-12-28,KLC,KHV,FN-101,TYPE-D,DOC,16.21,3.75,Equip-3
CCY-4,2025-12-30,5003814043880,Class 2,N,105.0,Service Type 2,Doc Type A,A,2025-12-03,KSN,MBT,FN-132,TYPE-A,DOC,2.29,3.0,Equip-1
CCY-2,2025-12-12,3485842556141,Class 8,N,81.9,Service Type 2,Doc Type A,A,2025-12-29,KUV,PVS,FN-394,TYPE-D,DOC,4.05,2.34,Equip-1
CCY-2,2025-12-06,5798169535246,Class 4,N,133.35,Service Type 1,Doc Type A,A,2025-12-09,YML,KUV,FN-117,TYPE-C,DOC,7.49,3.81,Equip-3
CCY-3,2025-12-24,0193958981843,Class 3,N,59.85,Service Type 3,Doc Type A,A,2025-12-29,MBT,KEE,FN-132,TYPE-D,DOC,12.58,1.71,Equip-3
CCY-2,2025-12-10,2595122869529,Class 4,Y,54.95,Service Type 1,Doc Type A,A,2025-12-02,TDX,DPQ,FN-133,TYPE-B,DOC,16.4,1.57,Equip-3
CCY-3,2025-12-05,1007359013257,Class 1,N,76.65,Service Type 3,Doc Type A,A,2025-12-26,KLC,VQR,FN-105,TYPE-C,DOC,13.65,2.19,Equip-3
CCY-2,2025-12-26,0259588855739,Class 4,N,122.5,Service Type 3,Doc Type A,A,2025-12-06,QFX,UMK,FN-133,TYPE-A,DOC,10.17,3.5,Equip-3
CCY-2,2025-12-22,6259914353959,Class 6,N,151.9,Service Type 5,Doc Type A,A,2025-12-27,PVS,FUG,FN-105,TYPE-D,DOC,14.61,4.34,Equip-1
CCY-1,2025-12-08,6798893736301,Class 6,Y,115.85,Service Type 4,Doc Type A,A,2025-12-30,KEE,LNR,FN-394,TYPE-B,DOC,11.59,3.31,Equip-2
CCY-1,2025-12-04,8448789052918,Class 5,N,111.3,Service Type 1,Doc Type A,A,2025-12-19,TDX,KHV,FN-101,TYPE-A,DOC,9.81,3.18,Equip-1
CCY-3,2025-12-30,8782573130220,Class 4,N,101.5,Service Type 2,Doc Type A,A,2025-12-30,NAB,MFP,FN-132,TYPE-C,DOC,14.2,2.9,Equip-1
CCY-3,2025-12-21,3340164785060,Class 4,Y,116.55,Service Type 4,Doc Type A,A,2025-12-03,SZV,MFP,FN-508,TYPE-D,DOC,2.98,3.33,Equip-2
CCY-1,2025-12-01,2146548193220,Class 7,Y,81.2,Service Type 3,Doc Type A,A,2025-12-06,GNP,NAB,FN-132,TYPE-A,DOC,13.82,2.32,Equip-1
CCY-1,2025-12-15,7987950470062,Class 3,N,156.8,Service Type 1,Doc Type A,A,2025-12-03,RZP,MFP,FN-394,TYPE-D,DOC,5.58,4.48,Equip-2
CCY-4,2025-12-22,4890923936044,Class 8,Y,96.95,Service Type 4,Doc Type A,A,2025-12-24,RZP,KSN,FN-101,TYPE-D,DOC,14.46,2.77,Equip-2
CCY-3,2025-12-16,9652739831125,Class 9,Y,76.3,Service Type 2,Doc Type A,A,2025-12-30,FUG,SUQ,FN-105,TYPE-D,DOC,6.31,2.18,Equip-1
CCY-2,2025-12-22,4445169613703,Class 5,Y,109.9,Service Type 5,Doc Type A,A,2025-12-22,YML,UBR,FN-118,TYPE-D,DOC,18.51,3.14,Equip-3
CCY-1,2025-12-11,0274393919165,Class 5,N,122.85,Service Type 5,Doc Type A,A,2025-12-09,NAB,JYN,FN-395,TYPE-A,DOC,9.25,3.51,Equip-2
CCY-3,2025-12-26,2795860725093,Class 4,Y,157.5,Service Type 1,Doc Type A,A,2025-12-05,QFX,FUG,FN-101,TYPE-D,DOC,7.93,4.5,Equip-3
CCY-2,2025-12-01,5384528134978,Class 6,N,88.55,Service Type 3,Doc Type A,A,2025-12-28,JKS,MFP,FN-117,TYPE-B,DOC,18.76,2.53,Equip-1
CCY-1,2025-12-07,8211862050255,Class 2,Y,13.3,Service Type 1,Doc Type A,A,2025-12-29,KLC,KSN,FN-508,TYPE-D,DOC,8.86,0.38,Equip-1
CCY-2,2025-12-26,6497707034562,Class 2,N,58.1,Service Type 3,Doc Type A,A,2025-12-11,RZP,TDX,FN-117,TYPE-D,DOC,4.59,1.66,Equip-2
CCY-1,2025-12-13,9195759419045,Class 5,Y,93.45,Service Type 4,Doc Type A,A,2025-12-11,QFX,SZV,FN-118,TYPE-D,DOC,12.68,2.67,Equip-3
CCY-2,2025-12-20,2409886661187,Class 1,Y,95.2,Service Type 4,Doc Type A,A,2025-12-09,SUQ,DPQ,FN-508,TYPE-A,DOC,5.27,2.72,Equip-1
CCY-1,2025-12-05,0315567752163,Class 6,Y,123.55,Service Type 3,Doc Type A,A,2025-12-24,UBR,KSN,FN-118,TYPE-C,DOC,14.53,3.53,Equip-2
CCY-4,2025-12-11,4788915593989,Class 8,N,100.45,Service Type 3,Doc Type A,A,2025-12-31,KEE,ZYR,FN-105,TYPE-C,DOC,2.5,2.87,Equip-1
CCY-1,2025-12-16,4221203736001,Class 5,N,136.5,Service Type 2,Doc Type A,A,2025-12-30,NAB,KHV,FN-119,TYPE-B,DOC,5.08,3.9,Equip-1
CCY-1,2025-12-25,4204179395384,Class 4,Y,73.5,Service Type 4,Doc Type A,A,2025-12-03,QFX,KUV,FN-395,TYPE-C,DOC,15.92,2.1,Equip-2
CCY-1,2025-12-08,5149033313936,Class 1,N,88.9,Service Type 4,Doc Type A,A,2025-12-05,UBR,KEE,FN-101,TYPE-D,DOC,8.17,2.54,Equip-1
CCY-4,2025-12-16,6238658263016,Class 2,Y,116.9,Service Type 2,Doc Type A,A,2025-12-02,KSN,PVS,FN-119,TYPE-D,DOC,0.74,3.34,Equip-3
CCY-2,2025-12-13,3405475515698,Class 4,Y,138.95,Service Type 2,Doc Type A,A,2025-12-20,KUV,UMK,FN-508,TYPE-A,DOC,10.64,3.97,Equip-3
CCY-1,2025-12-06,8091917701982,Class 8,N,83.3,Service Type 1,Doc Type A,A,2025-12-15,MFP,VQR,FN-508,TYPE-C,DOC,6.51,2.38,Equip-2
CCY-3,2025-12-31,8766121774441,Class 6,N,70.0,Service Type 3,Doc Type A,A,2025-12-15,LNR,GNP,FN-118,TYPE-B,DOC,4.47,2.0,Equip-2
CCY-2,2025-12-10,8132818012955,Class 9,N,140.0,Service Type 3,Doc Type A,A,2025-12-11,NAB,SZV,FN-394,TYPE-B,DOC,6.09,4.0,Equip-2
CCY-3,2025-12-02,7149131046527,Class 5,Y,109.2,Service Type 3,Doc Type A,A,2025-12-12,JKS,KLC,FN-133,TYPE-C,DOC,8.51,3.12,Equip-2
CCY-2,2025-12-03,2903826512947,Class 3,Y,60.55,Service Type 4,Doc Type A,A,2025-12-25,UMK,MFP,FN-119,TYPE-B,DOC,10.1,1.73,Equip-2
CCY-1,2025-12-20,5113912227615,Class 9,N,126.0,Service Type 2,Doc Type A,A,2025-12-12,FUG,TPX,FN-105,TYPE-A,DOC,11.16,3.6,Equip-3
CCY-4,2025-12-23,4223185831329,Class 8,N,133.35,Service Type 4,Doc Type A,A,2025-12-01,KUV,SZV,FN-119,TYPE-C,DOC,5.96,3.81,Equip-1
CCY-1,2025-12-24,8148543627481,Class 9,N,88.2,Service Type 2,Doc Type A,A,2025-12-04,RZP,ZYR,FN-394,TYPE-C,DOC,7.75,2.52,Equip-1
CCY-4,2025-12-10,2846851926175,Class 9,N,81.9,Service Type 5,Doc Type A,A,2025-12-05,MBT,LNR,FN-394,TYPE-C,DOC,14.65,2.34,Equip-1
CCY-1,2025-12-27,0391610281111,Class 8,Y,94.15,Service Type 3,Doc Type A,A,2025-12-01,HGV,RZP,FN-118,TYPE-D,DOC,12.19,2.69,Equip-3
CCY-4,2025-12-08,7480521702073,Class 8,Y,21.7,Service Type 1,Doc Type A,A,2025-12-14,TPX,HGV,FN-119,TYPE-A,DOC,12.65,0.62,Equip-2
CCY-3,2025-12-17,1077196767416,Class 7,Y,126.7,Service Type 4,Doc Type A,A,2025-12-09,QFX,MBT,FN-395,TYPE-C,DOC,2.85,3.62,Equip-3
CCY-3,2025-12-26,4424504988645,Class 4,N,73.15,Service Type 5,Doc Type A,A,2025-12-24,HGV,DPQ,FN-118,TYPE-C,DOC,17.19,2.09,Equip-1
CCY-3,2025-12-29,2766731552541,Class 8,Y,115.15,Service Type 2,Doc Type A,A,2025-12-03,JKS,UBR,FN-105,TYPE-B,DOC,10.78,3.29,Equip-2
CCY-4,2025-12-17,5063458569771,Class 1,N,33.95,Service Type 3,Doc Type A,A,2025-12-21,VQR,YML,FN-133,TYPE-B,DOC,15.47,0.97,Equip-2
CCY-3,2025-12-06,4235928870052,Class 6,Y,93.45,Service Type 2,Doc Type A,A,2025-12-13,KHV,JYN,FN-117,TYPE-D,DOC,7.57,2.67,Equip-1
CCY-4,2025-12-04,8211408487426,Class 2,N,192.5,Service Type 3,Doc Type A,A,2025-12-15,NAB,VQR,FN-105,TYPE-B,DOC,15.52,5.5,Equip-1
CCY-4,2025-12-31,2757332006119,Class 4,N,55.65,Service Type 5,Doc Type A,A,2025-12-20,KUV,SUQ,FN-132,TYPE-B,DOC,10.86,1.59,Equip-3
CCY-4,2025-12-25,4802335235845,Class 7,Y,151.2,Service Type 5,Doc Type A,A,2025-12-07,KHV,HGV,FN-395,TYPE-C,DOC,14.01,4.32,Equip-2
CCY-3,2025-12-19,1698155561396,Class 1,N,73.15,Service Type 4,Doc Type A,A,2025-12-21,FUG,ZYR,FN-132,TYPE-A,DOC,12.54,2.09,Equip-3
CCY-2,2025-12-09,2584658993335,Class 8,Y,128.1,Service Type 4,Doc Type A,A,2025-12-30,KEE,TDX,FN-133,TYPE-C,DOC,16.79,3.66,Equip-1
CCY-3,2025-12-19,9408477279728,Class 1,Y,118.3,Service Type 4,Doc Type A,A,2025-12-15,GNP,DPQ,FN-105,TYPE-C,DOC,6.87,3.38,Equip-1
CCY-3,2025-12-26,6408798173618,Class 9,N,146.3,Service Type 4,Doc Type A,A,2025-12-24,KEE,SZV,FN-132,TYPE-B,DOC,16.99,4.18,Equip-2
CCY-1,2025-12-13,4201180829548,Class 6,Y,92.4,Service Type 1,Doc Type A,A,2025-12-24,PVS,JKS,FN-105,TYPE-B,DOC,11.67,2.64,Equip-1
CCY-3,2025-12-19,4633381798427,Class 7,Y,62.65,Service Type 1,Doc Type A,A,2025-12-15,MFP,KHV,FN-394,TYPE-A,DOC,18.14,1.79,Equip-2
CCY-1,2025-12-23,5337019363998,Class 7,N,57.05,Service Type 1,Doc Type A,A,2025-12-29,RZP,TPX,FN-118,TYPE-B,DOC,14.19,1.63,Equip-2
CCY-2,2025-12-19,6905452190926,Class 8,Y,95.9,Service Type 2,Doc Type A,A,2025-12-31,UMK,UBR,FN-132,TYPE-C,DOC,17.33,2.74,Equip-1
CCY-4,2025-12-14,0830735460079,Class 8,N,122.15,Service Type 1,Doc Type A,A,2025-12-21,TDX,MFP,FN-394,TYPE-D,DOC,18.34,3.49,Equip-3
CCY-4,2025-12-09,4925593348869,Class 6,N,154.7,Service Type 4,Doc Type A,A,2025-12-18,PVS,KUV,FN-101,TYPE-A,DOC,5.88,4.42,Equip-1
CCY-4,2025-12-14,4653175959627,Class 5,Y,135.8,Service Type 2,Doc Type A,A,2025-12-08,JKS,KEE,FN-118,TYPE-A,DOC,19.76,3.88,Equip-1
CCY-2,2025-12-10,3703752696857,Class 6,Y,94.15,Service Type 5,Doc Type A,A,2025-12-03,VQR,KHV,FN-133,TYPE-A,DOC,8.19,2.69,Equip-1
CCY-4,2025-12-18,9332766163984,Class 9,Y,80.5,Service Type 1,Doc Type A,A,2025-12-15,RZP,UMK,FN-117,TYPE-B,DOC,12.73,2.3,Equip-2
CCY-3,2025-12-16,4815324606398,Class 2,Y,109.9,Service Type 5,Doc Type A,A,2025-12-11,YML,JKS,FN-132,TYPE-C,DOC,20.46,3.14,Equip-1
CCY-4,2025-12-01,9939600789493,Class 6,Y,116.9,Service Type 4,Doc Type A,A,2025-12-04,FUG,KUV,FN-394,TYPE-D,DOC,1.52,3.34,Equip-1
CCY-2,2025-12-02,7511348657968,Class 2,Y,102.55,Service Type 2,Doc Type A,A,2025-12-06,DRW,GNP,FN-101,TYPE-B,DOC,10.26,2.93,Equip-1
CCY-1,2025-12-16,3281595431246,Class 8,N,133.35,Service Type 1,Doc Type A,A,2025-12-23,UMK,KEE,FN-101,TYPE-C,DOC,10.16,3.81,Equip-1
CCY-4,2025-12-18,1411958736063,Class 5,Y,114.8,Service Type 3,Doc Type A,A,2025-12-26,TDX,JYN,FN-105,TYPE-B,DOC,17.6,3.28,Equip-1
CCY-4,2025-12-06,3953279182331,Class 7,N,103.6,Service Type 1,Doc Type A,A,2025-12-14,FUG,PVS,FN-117,TYPE-D,DOC,10.3,2.96,Equip-3
CCY-1,2025-12-22,7548144233521,Class 6,N,77.0,Service Type 1,Doc Type A,A,2025-12-05,KHV,VQR,FN-119,TYPE-B,DOC,12.1,2.2,Equip-2
CCY-4,2025-12-10,6879271855137,Class 1,Y,121.1,Service Type 3,Doc Type A,A,2025-12-23,MFP,SZV,FN-508,TYPE-D,DOC,14.89,3.46,Equip-3
CCY-1,2025-12-18,7841786793936,Class 4,N,149.1,Service Type 5,Doc Type A,A,2025-12-19,ZYR,SZV,FN-132,TYPE-D,DOC,19.7,4.26,Equip-1
CCY-1,2025-12-07,5210481146813,Class 9,Y,133.7,Service Type 2,Doc Type A,A,2025-12-03,KEE,QFX,FN-119,TYPE-D,DOC,8.57,3.82,Equip-1
CCY-2,2025-12-07,5249371041762,Class 9,N,129.5,Service Type 1,Doc Type A,A,2025-12-28,HGV,TDX,FN-101,TYPE-B,DOC,7.25,3.7,Equip-3
CCY-1,2025-12-14,4040397621188,Class 1,N,69.3,Service Type 5,Doc Type A,A,2025-12-02,KEE,MFP,FN-118,TYPE-B,DOC,9.42,1.98,Equip-3
CCY-1,2025-12-10,8219912062441,Class 9,N,11.55,Service Type 1,Doc Type A,A,2025-12-03,MBT,KSN,FN-133,TYPE-D,DOC,13.4,0.33,Equip-3
CCY-1,2025-12-11,0995756811343,Class 2,N,98.7,Service Type 2,Doc Type A,A,2025-12-27,TDX,HGV,FN-117,TYPE-B,DOC,3.25,2.82,Equip-1
CCY-2,2025-12-20,2822359634726,Class 3,N,92.05,Service Type 4,Doc Type A,A,2025-12-04,UMK,MBT,FN-508,TYPE-B,DOC,12.41,2.63,Equip-3
CCY-3,2025-12-29,2773087240364,Class 9,Y,76.3,Service Type 1,Doc Type A,A,2025-12-29,YML,UBR,FN-117,TYPE-C,DOC,4.1,2.18,Equip-3
CCY-4,2025-12-23,4676517277532,Class 2,Y,125.3,Service Type 2,Doc Type A,A,2025-12-21,TDX,KEE,FN-133,TYPE-C,DOC,13.96,3.58,Equip-3
CCY-3,2025-12-09,1493001590382,Class 5,Y,145.6,Service Type 2,Doc Type A,A,2025-12-02,NAB,UBR,FN-508,TYPE-B,DOC,11.92,4.16,Equip-1
CCY-2,2025-12-26,4364456630906,Class 7,N,78.75,Service Type 5,Doc Type A,A,2025-12-02,HGV,GNP,FN-118,TYPE-C,DOC,13.99,2.25,Equip-1
CCY-3,2025-12-10,6515717923002,Class 9,Y,56.0,Service Type 3,Doc Type A,A,2025-12-19,KLC,UBR,FN-117,TYPE-C,DOC,10.6,1.6,Equip-2
CCY-1,2025-12-16,4298280379440,Class 1,Y,143.85,Service Type 1,Doc Type A,A,2025-12-01,NAB,KUV,FN-132,TYPE-D,DOC,11.46,4.11,Equip-3
CCY-4,2025-12-20,0364964422169,Class 7,Y,154.0,Service Type 5,Doc Type A,A,2025-12-14,MBT,LNR,FN-508,TYPE-D,DOC,15.43,4.4,Equip-3
CCY-2,2025-12-27,4859635722315,Class 3,N,152.25,Service Type 1,Doc Type A,A,2025-12-12,MFP,ZYR,FN-394,TYPE-C,DOC,10.49,4.35,Equip-3
CCY-4,2025-12-11,8100154475124,Class 6,N,156.45,Service Type 2,Doc Type A,A,2025-12-16,KSN,NAB,FN-508,TYPE-C,DOC,11.03,4.47,Equip-3
CCY-1,2025-12-05,0328707896178,Class 4,Y,129.85,Service Type 2,Doc Type A,A,2025-12-12,DPQ,FUG,FN-101,TYPE-A,DOC,11.89,3.71,Equip-2
CCY-3,2025-12-15,3222232601754,Class 3,N,98.35,Service Type 5,Doc Type A,A,2025-12-31,SUQ,DPQ,FN-395,TYPE-B,DOC,19.38,2.81,Equip-1
CCY-1,2025-12-05,4234839061845,Class 7,N,150.15,Service Type 2,Doc Type A,A,2025-12-15,FUG,RZP,FN-395,TYPE-C,DOC,13.09,4.29,Equip-2
CCY-2,2025-12-23,3948477146733,Class 1,Y,58.8,Service Type 1,Doc Type A,A,2025-12-08,DRW,KEE,FN-394,TYPE-A,DOC,11.33,1.68,Equip-1
CCY-2,2025-12-16,4031694743418,Class 9,Y,88.55,Service Type 3,Doc Type A,A,2025-12-28,GNP,DRW,FN-394,TYPE-D,DOC,22.72,2.53,Equip-3
CCY-3,2025-12-03,5021864598219,Class 5,Y,145.6,Service Type 3,Doc Type A,A,2025-12-03,KUV,SZV,FN-394,TYPE-D,DOC,12.79,4.16,Equip-1
CCY-1,2025-12-18,9085403032535,Class 6,N,69.65,Service Type 5,Doc Type A,A,2025-12-20,GNP,UBR,FN-132,TYPE-B,DOC,8.96,1.99,Equip-3
CCY-1,2025-12-25,5600642092259,Class 8,Y,42.35,Service Type 5,Doc Type A,A,2025-12-27,ZYR,JKS,FN-133,TYPE-D,DOC,13.27,1.21,Equip-1
CCY-1,2025-12-02,6011303223235,Class 5,Y,113.75,Service Type 2,Doc Type A,A,2025-12-23,ZYR,MFP,FN-394,TYPE-C,DOC,10.56,3.25,Equip-2
CCY-4,2025-12-23,5602674121638,Class 3,N,51.1,Service Type 3,Doc Type A,A,2025-12-19,DRW,DPQ,FN-133,TYPE-B,DOC,10.65,1.46,Equip-1
CCY-4,2025-12-05,4843960996079,Class 4,Y,108.5,Service Type 1,Doc Type A,A,2025-12-12,JYN,RZP,FN-105,TYPE-C,DOC,19.97,3.1,Equip-3
CCY-4,2025-12-03,0816535985153,Class 3,Y,95.9,Service Type 5,Doc Type A,A,2025-12-06,KEE,SUQ,FN-395,TYPE-B,DOC,19.16,2.74,Equip-3
CCY-3,2025-12-05,4950152800648,Class 7,Y,114.45,Service Type 3,Doc Type A,A,2025-12-15,PVS,JYN,FN-394,TYPE-B,DOC,7.6,3.27,Equip-3
CCY-4,2025-12-23,9649289638999,Class 7,Y,63.7,Service Type 1,Doc Type A,A,2025-12-06,JKS,UMK,FN-133,TYPE-D,DOC,10.92,1.82,Equip-3
CCY-2,2025-12-27,0054764249442,Class 9,Y,83.3,Service Type 5,Doc Type A,A,2025-12-03,SUQ,RZP,FN-395,TYPE-B,DOC,19.35,2.38,Equip-1
CCY-1,2025-12-27,2669178272972,Class 2,Y,151.55,Service Type 4,Doc Type A,A,2025-12-20,NAB,PVS,FN-101,TYPE-D,DOC,2.8,4.33,Equip-2
CCY-2,2025-12-19,6316501240403,Class 5,Y,83.65,Service Type 4,Doc Type A,A,2025-12-14,KEE,JKS,FN-101,TYPE-D,DOC,9.48,2.39,Equip-1
CCY-4,2025-12-16,9386404704208,Class 7,N,165.9,Service Type 3,Doc Type A,A,2025-12-16,DRW,LNR,FN-395,TYPE-D,DOC,3.17,4.74,Equip-1
CCY-3,2025-12-08,0122694153543,Class 2,N,107.1,Service Type 1,Doc Type A,A,2025-12-21,PVS,KHV,FN-132,TYPE-A,DOC,5.55,3.06,Equip-3
CCY-2,2025-12-29,2162593224084,Class 1,N,119.7,Service Type 3,Doc Type A,A,2025-12-19,VQR,DPQ,FN-119,TYPE-B,DOC,16.56,3.42,Equip-2
CCY-2,2025-12-29,3252874402913,Class 4,Y,45.5,Service Type 2,Doc Type A,A,2025-12-16,KSN,UBR,FN-133,TYPE-A,DOC,11.7,1.3,Equip-1
CCY-1,2025-12-19,1658064385512,Class 9,N,111.65,Service Type 4,Doc Type A,A,2025-12-23,MBT,JKS,FN-119,TYPE-A,DOC,7.95,3.19,Equip-3
CCY-3,2025-12-17,3097690463507,Class 8,Y,112.0,Service Type 1,Doc Type A,A,2025-12-18,HGV,KEE,FN-395,TYPE-C,DOC,8.06,3.2,Equip-3
CCY-4,2025-12-15,5335940953324,Class 4,Y,138.6,Service Type 3,Doc Type A,A,2025-12-28,JYN,SZV,FN-101,TYPE-D,DOC,15.41,3.96,Equip-3
CCY-3,2025-12-28,4338902547127,Class 9,Y,182.0,Service Type 4,Doc Type A,A,2025-12-13,KUV,GNP,FN-118,TYPE-C,DOC,5.87,5.2,Equip-3
CCY-4,2025-12-26,7868926855127,Class 1,Y,105.0,Service Type 1,Doc Type A,A,2025-12-17,PVS,TPX,FN-119,TYPE-D,DOC,15.84,3.0,Equip-1
CCY-4,2025-12-01,5545651541423,Class 9,N,187.95,Service Type 1,Doc Type A,A,2025-12-10,KLC,JYN,FN-132,TYPE-A,DOC,17.45,5.37,Equip-3
CCY-2,2025-12-21,8225814010119,Class 1,N,96.95,Service Type 1,Doc Type A,A,2025-12-22,TDX,YML,FN-118,TYPE-C,DOC,4.81,2.77,Equip-3
CCY-1,2025-12-14,4580810635519,Class 8,Y,111.65,Service Type 4,Doc Type A,A,2025-12-07,JKS,HGV,FN-118,TYPE-C,DOC,0.11,3.19,Equip-2
CCY-3,2025-12-27,8247682584597,Class 3,Y,103.6,Service Type 1,Doc Type A,A,2025-12-12,NAB,UBR,FN-101,TYPE-A,DOC,13.83,2.96,Equip-3
CCY-1,2025-12-01,2684967776192,Class 1,Y,33.25,Service Type 5,Doc Type A,A,2025-12-27,KSN,KLC,FN-394,TYPE-D,DOC,8.73,0.95,Equip-1
CCY-3,2025-12-27,5794319366711,Class 7,Y,156.1,Service Type 3,Doc Type A,A,2025-12-07,ZYR,NAB,FN-132,TYPE-B,DOC,13.87,4.46,Equip-1
CCY-2,2025-12-25,8629187937593,Class 8,Y,120.4,Service Type 4,Doc Type A,A,2025-12-12,RZP,DPQ,FN-105,TYPE-B,DOC,9.04,3.44,Equip-1
CCY-3,2025-12-17,6207138947785,Class 5,Y,121.1,Service Type 4,Doc Type A,A,2025-12-19,KUV,SZV,FN-118,TYPE-C,DOC,4.16,3.46,Equip-1
CCY-3,2025-12-03,1236462850696,Class 8,Y,78.4,Service Type 1,Doc Type A,A,2025-12-13,RZP,DRW,FN-118,TYPE-D,DOC,10.03,2.24,Equip-2
CCY-3,2025-12-12,0375016055704,Class 8,N,91.35,Service Type 1,Doc Type A,A,2025-12-30,KEE,KHV,FN-117,TYPE-B,DOC,8.2,2.61,Equip-2
CCY-4,2025-12-23,3576856429653,Class 1,N,59.15,Service Type 3,Doc Type A,A,2025-12-16,SUQ,JKS,FN-105,TYPE-D,DOC,13.91,1.69,Equip-3
CCY-3,2025-12-29,1686744899615,Class 2,N,103.6,Service Type 1,Doc Type A,A,2025-12-01,ZYR,MFP,FN-395,TYPE-A,DOC,10.01,2.96,Equip-2
CCY-3,2025-12-24,8351006707603,Class 5,N,168.0,Service Type 2,Doc Type A,A,2025-12-01,TDX,DRW,FN-101,TYPE-D,DOC,6.5,4.8,Equip-3
CCY-1,2025-12-12,2742128133094,Class 4,Y,81.55,Service Type 1,Doc Type A,A,2025-12-25,DRW,UMK,FN-395,TYPE-A,DOC,7.73,2.33,Equip-3
CCY-3,2025-12-25,3741260026745,Class 9,N,168.0,Service Type 1,Doc Type A,A,2025-12-27,LNR,SZV,FN-395,TYPE-C,DOC,7.11,4.8,Equip-1
CCY-4,2025-12-05,4887820282536,Class 6,N,72.1,Service Type 2,Doc Type A,A,2025-12-05,KUV,KEE,FN-101,TYPE-C,DOC,14.76,2.06,Equip-1
CCY-3,2025-12-28,8030251571619,Class 6,N,112.0,Service Type 4,Doc Type A,A,2025-12-15,MFP,VQR,FN-117,TYPE-B,DOC,17.53,3.2,Equip-3
CCY-3,2025-12-31,4185071138351,Class 5,N,93.1,Service Type 2,Doc Type A,A,2025-12-12,KEE,KUV,FN-118,TYPE-D,DOC,13.29,2.66,Equip-2
CCY-3,2025-12-18,8547620693486,Class 8,Y,116.9,Service Type 4,Doc Type A,A,2025-12-01,PVS,VQR,FN-117,TYPE-A,DOC,8.25,3.34,Equip-3
CCY-4,2025-12-26,1743264172255,Class 2,N,168.7,Service Type 3,Doc Type A,A,2025-12-18,RZP,LNR,FN-395,TYPE-C,DOC,9.27,4.82,Equip-1
CCY-2,2025-12-19,9909101026390,Class 1,Y,158.9,Service Type 5,Doc Type A,A,2025-12-19,YML,VQR,FN-101,TYPE-D,DOC,5.65,4.54,Equip-3
CCY-3,2025-12-18,8340390607718,Class 8,Y,115.5,Service Type 5,Doc Type A,A,2025-12-16,JYN,MBT,FN-101,TYPE-B,DOC,11.44,3.3,Equip-2
CCY-3,2025-12-18,8202446943974,Class 3,Y,82.95,Service Type 3,Doc Type A,A,2025-12-16,NAB,FUG,FN-394,TYPE-B,DOC,16.17,2.37,Equip-1
CCY-2,2025-12-04,4538233213019,Class 4,N,10.15,Service Type 5,Doc Type A,A,2025-12-25,TDX,SZV,FN-117,TYPE-B,DOC,16.32,0.29,Equip-2
CCY-2,2025-12-11,6119436147562,Class 8,Y,72.8,Service Type 2,Doc Type A,A,2025-12-12,ZYR,JKS,FN-132,TYPE-B,DOC,8.4,2.08,Equip-1
CCY-3,2025-12-10,4690488356347,Class 2,N,97.65,Service Type 5,Doc Type A,A,2025-12-21,VQR,SZV,FN-395,TYPE-A,DOC,5.73,2.79,Equip-1
CCY-4,2025-12-15,1086965406500,Class 3,Y,129.5,Service Type 3,Doc Type A,A,2025-12-13,SZV,DPQ,FN-118,TYPE-A,DOC,13.93,3.7,Equip-2
CCY-4,2025-12-15,1421054351371,Class 9,Y,81.55,Service Type 3,Doc Type A,A,2025-12-29,KUV,FUG,FN-508,TYPE-D,DOC,13.2,2.33,Equip-3
CCY-2,2025-12-20,1080778585991,Class 3,Y,109.2,Service Type 1,Doc Type A,A,2025-12-25,MBT,QFX,FN-394,TYPE-D,DOC,13.85,3.12,Equip-3
CCY-1,2025-12-30,3834786264616,Class 2,N,132.3,Service Type 1,Doc Type A,A,2025-12-03,DPQ,UBR,FN-395,TYPE-D,DOC,16.68,3.78,Equip-1
CCY-2,2025-12-11,0907861140767,Class 1,Y,73.5,Service Type 3,Doc Type A,A,2025-12-31,NAB,KEE,FN-394,TYPE-A,DOC,12.15,2.1,Equip-1
CCY-4,2025-12-07,7464622507476,Class 3,Y,85.75,Service Type 5,Doc Type A,A,2025-12-18,GNP,QFX,FN-508,TYPE-B,DOC,8.74,2.45,Equip-3
CCY-2,2025-12-24,5930168497071,Class 3,N,114.45,Service Type 4,Doc Type A,A,2025-12-11,VQR,SUQ,FN-105,TYPE-A,DOC,10.42,3.27,Equip-2
CCY-3,2025-12-28,0342875673110,Class 2,N,103.25,Service Type 4,Doc Type A,A,2025-12-13,KSN,UMK,FN-101,TYPE-B,DOC,15.58,2.95,Equip-2
CCY-2,2025-12-14,1540985691039,Class 4,N,109.9,Service Type 5,Doc Type A,A,2025-12-04,RZP,KSN,FN-101,TYPE-A,DOC,12.08,3.14,Equip-1
CCY-3,2025-12-07,9317422165981,Class 2,N,72.45,Service Type 4,Doc Type A,A,2025-12-25,DRW,TDX,FN-508,TYPE-A,DOC,9.42,2.07,Equip-1
CCY-4,2025-12-22,8953792806396,Class 9,Y,80.5,Service Type 3,Doc Type A,A,2025-12-17,KLC,DPQ,FN-105,TYPE-D,DOC,3.22,2.3,Equip-3
CCY-4,2025-12-04,3115825084342,Class 2,Y,80.5,Service Type 2,Doc Type A,A,2025-12-04,SZV,JKS,FN-395,TYPE-B,DOC,14.37,2.3,Equip-3
CCY-2,2025-12-19,1454705433212,Class 6,N,121.45,Service Type 3,Doc Type A,A,2025-12-07,GNP,SUQ,FN-117,TYPE-C,DOC,10.81,3.47,Equip-2
CCY-2,2025-12-06,0781050898940,Class 9,Y,67.2,Service Type 4,Doc Type A,A,2025-12-21,KHV,DRW,FN-394,TYPE-B,DOC,14.6,1.92,Equip-1
CCY-4,2025-12-19,3510738515343,Class 6,N,144.55,Service Type 4,Doc Type A,A,2025-12-29,KUV,DRW,FN-508,TYPE-C,DOC,16.99,4.13,Equip-1
CCY-1,2025-12-29,9461745563780,Class 2,N,76.3,Service Type 1,Doc Type A,A,2025-12-23,PVS,TDX,FN-132,TYPE-A,DOC,6.35,2.18,Equip-1
CCY-1,2025-12-01,6340961299262,Class 4,N,99.75,Service Type 1,Doc Type A,A,2025-12-18,MFP,SZV,FN-105,TYPE-C,DOC,17.96,2.85,Equip-2
CCY-4,2025-12-14,4237885079047,Class 6,N,56.0,Service Type 2,Doc Type A,A,2025-12-07,MBT,ZYR,FN-101,TYPE-B,DOC,0.9,1.6,Equip-1
CCY-1,2025-12-04,2329001124934,Class 2,N,64.4,Service Type 5,Doc Type A,A,2025-12-30,KHV,NAB,FN-117,TYPE-B,DOC,10.75,1.84,Equip-1
CCY-1,2025-12-25,5110880989506,Class 7,N,106.05,Service Type 5,Doc Type A,A,2025-12-26,SZV,JKS,FN-119,TYPE-C,DOC,9.93,3.03,Equip-2
CCY-3,2025-12-28,0081452860689,Class 3,Y,94.85,Service Type 4,Doc Type A,A,2025-12-24,DPQ,YML,FN-118,TYPE-C,DOC,19.31,2.71,Equip-2
CCY-4,2025-12-09,9522499498976,Class 4,Y,155.05,Service Type 4,Doc Type A,A,2025-12-01,SUQ,KEE,FN-101,TYPE-D,DOC,17.36,4.43,Equip-2
CCY-1,2025-12-23,6587015295063,Class 6,N,114.8,Service Type 1,Doc Type A,A,2025-12-21,MBT,TDX,FN-133,TYPE-D,DOC,19.17,3.28,Equip-3
CCY-2,2025-12-01,4456759818632,Class 5,Y,121.1,Service Type 2,Doc Type A,A,2025-12-11,TPX,NAB,FN-101,TYPE-C,DOC,2.18,3.46,Equip-1
CCY-2,2025-12-29,7481626985205,Class 7,N,102.2,Service Type 1,Doc Type A,A,2025-12-11,SZV,YML,FN-508,TYPE-B,DOC,17.24,2.92,Equip-1
CCY-4,2025-12-25,4656382569028,Class 8,N,135.1,Service Type 1,Doc Type A,A,2025-12-26,TPX,KSN,FN-508,TYPE-D,DOC,20.72,3.86,Equip-3
CCY-1,2025-12-08,8910208740289,Class 4,N,143.15,Service Type 3,Doc Type A,A,2025-12-21,UBR,MFP,FN-101,TYPE-A,DOC,14.84,4.09,Equip-3
CCY-1,2025-12-20,0857882584220,Class 9,N,17.85,Service Type 3,Doc Type A,A,2025-12-05,HGV,JYN,FN-101,TYPE-D,DOC,13.67,0.51,Equip-2
CCY-4,2025-12-02,2563781169097,Class 3,N,147.0,Service Type 2,Doc Type A,A,2025-12-06,TDX,DPQ,FN-395,TYPE-C,DOC,9.5,4.2,Equip-2
CCY-4,2025-12-25,7974840852286,Class 2,Y,97.3,Service Type 4,Doc Type A,A,2025-12-05,DPQ,KUV,FN-133,TYPE-A,DOC,7.96,2.78,Equip-2
CCY-4,2025-12-17,2996728241978,Class 7,Y,167.3,Service Type 3,Doc Type A,A,2025-12-06,NAB,LNR,FN-395,TYPE-D,DOC,6.78,4.78,Equip-3
CCY-2,2025-12-11,9867241954157,Class 2,N,74.2,Service Type 4,Doc Type A,A,2025-12-06,HGV,RZP,FN-133,TYPE-D,DOC,20.41,2.12,Equip-2
CCY-2,2025-12-12,7655514659983,Class 2,N,81.2,Service Type 2,Doc Type A,A,2025-12-02,DPQ,JKS,FN-508,TYPE-C,DOC,12.74,2.32,Equip-1
CCY-2,2025-12-04,5305865483388,Class 1,N,122.85,Service Type 4,Doc Type A,A,2025-12-04,JKS,YML,FN-508,TYPE-A,DOC,15.07,3.51,Equip-2
CCY-3,2025-12-31,1869756671752,Class 5,Y,116.55,Service Type 5,Doc Type A,A,2025-12-15,TDX,JKS,FN-132,TYPE-D,DOC,16.06,3.33,Equip-1
CCY-2,2025-12-09,7495004418500,Class 7,Y,68.95,Service Type 2,Doc Type A,A,2025-12-01,MFP,JYN,FN-394,TYPE-C,DOC,26.68,1.97,Equip-1
CCY-2,2025-12-27,4861565887934,Class 1,N,91.35,Service Type 5,Doc Type A,A,2025-12-13,KUV,KLC,FN-508,TYPE-B,DOC,3.45,2.61,Equip-3
CCY-1,2025-12-07,7078703301411,Class 9,Y,52.85,Service Type 4,Doc Type A,A,2025-12-21,KHV,UMK,FN-101,TYPE-D,DOC,4.16,1.51,Equip-3
CCY-4,2025-12-17,2179764670574,Class 3,Y,72.8,Service Type 3,Doc Type A,A,2025-12-02,FUG,KUV,FN-101,TYPE-A,DOC,6.99,2.08,Equip-1
CCY-2,2025-12-14,0620119906887,Class 1,Y,123.2,Service Type 5,Doc Type A,A,2025-12-02,FUG,KSN,FN-118,TYPE-B,DOC,7.23,3.52,Equip-1
CCY-4,2025-12-08,4564504079425,Class 3,Y,98.7,Service Type 1,Doc Type A,A,2025-12-06,QFX,UBR,FN-105,TYPE-B,DOC,9.47,2.82,Equip-3
CCY-3,2025-12-26,2076435932561,Class 9,Y,78.05,Service Type 4,Doc Type A,A,2025-12-02,TPX,DPQ,FN-105,TYPE-C,DOC,16.47,2.23,Equip-2
CCY-4,2025-12-10,4166214598484,Class 8,Y,117.95,Service Type 4,Doc Type A,A,2025-12-21,DPQ,MFP,FN-508,TYPE-B,DOC,10.68,3.37,Equip-2
CCY-4,2025-12-22,5682681415501,Class 5,N,21.7,Service Type 4,Doc Type A,A,2025-12-01,SUQ,YML,FN-101,TYPE-C,DOC,2.29,0.62,Equip-3
CCY-1,2025-12-16,3375911286131,Class 9,Y,122.15,Service Type 5,Doc Type A,A,2025-12-11,KEE,SZV,FN-132,TYPE-D,DOC,13.73,3.49,Equip-1
CCY-1,2025-12-04,6199594253525,Class 4,N,110.6,Service Type 1,Doc Type A,A,2025-12-20,KSN,UBR,FN-118,TYPE-B,DOC,22.32,3.16,Equip-1
CCY-4,2025-12-12,9995440809958,Class 3,Y,98.0,Service Type 1,Doc Type A,A,2025-12-21,DPQ,KHV,FN-132,TYPE-C,DOC,16.1,2.8,Equip-3
CCY-4,2025-12-07,0839772518833,Class 9,N,163.45,Service Type 2,Doc Type A,A,2025-12-10,KUV,TPX,FN-508,TYPE-A,DOC,13.49,4.67,Equip-1
CCY-4,2025-12-08,9864935449970,Class 8,N,119.35,Service Type 3,Doc Type A,A,2025-12-10,JKS,MFP,FN-132,TYPE-B,DOC,1.38,3.41,Equip-3
CCY-2,2025-12-05,3409170895743,Class 9,Y,114.8,Service Type 4,Doc Type A,A,2025-12-16,VQR,SZV,FN-395,TYPE-B,DOC,22.68,3.28,Equip-3
CCY-3,2025-12-19,8768079810513,Class 2,N,82.95,Service Type 4,Doc Type A,A,2025-12-19,JKS,ZYR,FN-117,TYPE-B,DOC,20.25,2.37,Equip-1
CCY-4,2025-12-24,3458723636285,Class 9,N,106.05,Service Type 5,Doc Type A,A,2025-12-18,TPX,GNP,FN-105,TYPE-A,DOC,11.84,3.03,Equip-3
CCY-3,2025-12-16,5873868805074,Class 6,Y,64.05,Service Type 1,Doc Type A,A,2025-12-11,UMK,DPQ,FN-117,TYPE-C,DOC,0.91,1.83,Equip-2
CCY-4,2025-12-24,1000300352751,Class 8,Y,133.7,Service Type 5,Doc Type A,A,2025-12-13,DPQ,KSN,FN-119,TYPE-B,DOC,6.52,3.82,Equip-2
CCY-4,2025-12-29,8360029845582,Class 9,Y,116.2,Service Type 3,Doc Type A,A,2025-12-25,RZP,TDX,FN-133,TYPE-A,DOC,16.36,3.32,Equip-2
CCY-2,2025-12-27,7018913887217,Class 3,Y,99.4,Service Type 4,Doc Type A,A,2025-12-01,SZV,SUQ,FN-133,TYPE-D,DOC,16.12,2.84,Equip-2
CCY-3,2025-12-25,4879493173322,Class 1,N,105.35,Service Type 2,Doc Type A,A,2025-12-09,SZV,VQR,FN-395,TYPE-A,DOC,18.01,3.01,Equip-2
CCY-3,2025-12-07,5856932874342,Class 1,N,95.55,Service Type 1,Doc Type A,A,2025-12-06,JKS,ZYR,FN-118,TYPE-A,DOC,12.29,2.73,Equip-3
CCY-3,2025-12-02,8345037350926,Class 3,N,90.3,Service Type 2,Doc Type A,A,2025-12-14,DPQ,KEE,FN-105,TYPE-D,DOC,15.42,2.58,Equip-2
CCY-3,2025-12-03,8822870021361,Class 4,Y,65.45,Service Type 2,Doc Type A,A,2025-12-05,KSN,PVS,FN-119,TYPE-D,DOC,16.88,1.87,Equip-3
CCY-3,2025-12-11,1227607866076,Class 5,N,129.15,Service Type 2,Doc Type A,A,2025-12-25,UMK,HGV,FN-101,TYPE-D,DOC,6.51,3.69,Equip-1
CCY-2,2025-12-31,5992331289985,Class 2,Y,89.25,Service Type 5,Doc Type A,A,2025-12-24,LNR,YML,FN-133,TYPE-A,DOC,11.56,2.55,Equip-2
CCY-2,2025-12-03,1262574894667,Class 5,N,83.65,Service Type 3,Doc Type A,A,2025-12-11,UMK,QFX,FN-101,TYPE-C,DOC,16.45,2.39,Equip-2
CCY-1,2025-12-19,4342548250851,Class 2,N,154.0,Service Type 3,Doc Type A,A,2025-12-26,NAB,HGV,FN-508,TYPE-C,DOC,11.0,4.4,Equip-2
CCY-3,2025-12-28,0465342542288,Class 1,Y,159.95,Service Type 2,Doc Type A,A,2025-12-14,KHV,DPQ,FN-101,TYPE-B,DOC,19.7,4.57,Equip-3
CCY-3,2025-12-25,8057968733520,Class 2,N,148.05,Service Type 4,Doc Type A,A,2025-12-28,LNR,TPX,FN-105,TYPE-A,DOC,10.59,4.23,Equip-1
CCY-4,2025-12-27,6302866535818,Class 9,N,73.15,Service Type 4,Doc Type A,A,2025-12-20,HGV,RZP,FN-105,TYPE-D,DOC,7.26,2.09,Equip-1
CCY-4,2025-12-18,8238551510934,Class 7,N,163.45,Service Type 4,Doc Type A,A,2025-12-08,KSN,UMK,FN-101,TYPE-A,DOC,0.25,4.67,Equip-2
CCY-1,2025-12-17,1272746001115,Class 7,N,100.45,Service Type 2,Doc Type A,A,2025-12-31,VQR,HGV,FN-105,TYPE-A,DOC,7.68,2.87,Equip-1
CCY-3,2025-12-18,5579393812401,Class 5,N,129.5,Service Type 4,Doc Type A,A,2025-12-13,SUQ,GNP,FN-508,TYPE-D,DOC,7.45,3.7,Equip-2
CCY-4,2025-12-03,5910145297173,Class 1,N,59.5,Service Type 2,Doc Type A,A,2025-12-22,VQR,UMK,FN-105,TYPE-A,DOC,10.12,1.7,Equip-1
CCY-4,2025-12-29,5093106173559,Class 8,Y,54.95,Service Type 4,Doc Type A,A,2025-12-16,GNP,SZV,FN-394,TYPE-B,DOC,14.21,1.57,Equip-1
CCY-3,2025-12-02,1625953454797,Class 3,Y,31.15,Service Type 5,Doc Type A,A,2025-12-27,UBR,KLC,FN-508,TYPE-B,DOC,7.81,0.89,Equip-2
CCY-3,2025-12-27,6168983750148,Class 2,Y,111.3,Service Type 2,Doc Type A,A,2025-12-16,QFX,NAB,FN-101,TYPE-B,DOC,4.88,3.18,Equip-2
CCY-4,2025-12-12,7610527237543,Class 6,N,53.2,Service Type 4,Doc Type A,A,2025-12-16,SZV,UMK,FN-395,TYPE-A,DOC,2.18,1.52,Equip-1
CCY-4,2025-12-27,0748699358839,Class 8,N,86.1,Service Type 4,Doc Type A,A,2025-12-20,NAB,JKS,FN-105,TYPE-D,DOC,11.99,2.46,Equip-2
CCY-1,2025-12-10,4450323124891,Class 5,Y,169.05,Service Type 4,Doc Type A,A,2025-12-09,NAB,MBT,FN-117,TYPE-C,DOC,21.96,4.83,Equip-3
CCY-3,2025-12-26,9654582737204,Class 2,N,124.6,Service Type 5,Doc Type A,A,2025-12-26,MBT,YML,FN-508,TYPE-B,DOC,7.66,3.56,Equip-3
CCY-2,2025-12-09,1850489006067,Class 1,N,84.0,Service Type 4,Doc Type A,A,2025-12-05,KHV,UMK,FN-118,TYPE-A,DOC,15.75,2.4,Equip-3
CCY-2,2025-12-31,3009273385289,Class 3,N,104.65,Service Type 4,Doc Type A,A,2025-12-01,QFX,VQR,FN-117,TYPE-D,DOC,4.52,2.99,Equip-3
CCY-1,2025-12-18,2571577317536,Class 4,N,89.6,Service Type 5,Doc Type A,A,2025-12-25,LNR,JKS,FN-133,TYPE-A,DOC,11.14,2.56,Equip-1
CCY-3,2025-12-08,9682298336919,Class 6,N,78.75,Service Type 1,Doc Type A,A,2025-12-16,KLC,YML,FN-395,TYPE-B,DOC,14.21,2.25,Equip-1
CCY-2,2025-12-01,5644158968974,Class 9,Y,108.85,Service Type 5,Doc Type A,A,2025-12-15,FUG,KHV,FN-132,TYPE-B,DOC,6.24,3.11,Equip-3
CCY-1,2025-12-18,3902157320836,Class 2,N,63.7,Service Type 2,Doc Type A,A,2025-12-05,HGV,DRW,FN-395,TYPE-D,DOC,13.93,1.82,Equip-3
CCY-2,2025-12-03,1098204816113,Class 4,N,43.05,Service Type 2,Doc Type A,A,2025-12-18,TDX,LNR,FN-395,TYPE-C,DOC,16.64,1.23,Equip-2
CCY-1,2025-12-04,5896719652630,Class 3,N,95.9,Service Type 4,Doc Type A,A,2025-12-20,MFP,TPX,FN-395,TYPE-A,DOC,9.11,2.74,Equip-1
CCY-4,2025-12-24,3996662909137,Class 5,Y,85.05,Service Type 2,Doc Type A,A,2025-12-18,QFX,TPX,FN-119,TYPE-A,DOC,8.82,2.43,Equip-3
CCY-4,2025-12-16,3508220473019,Class 3,N,75.25,Service Type 5,Doc Type A,A,2025-12-22,ZYR,PVS,FN-101,TYPE-D,DOC,21.36,2.15,Equip-2
CCY-3,2025-12-04,8335672071901,Class 5,N,120.4,Service Type 2,Doc Type A,A,2025-12-24,GNP,JKS,FN-118,TYPE-B,DOC,24.21,3.44,Equip-2
CCY-3,2025-12-18,0901517489862,Class 3,Y,121.8,Service Type 4,Doc Type A,A,2025-12-18,JKS,FUG,FN-133,TYPE-D,DOC,12.46,3.48,Equip-1
CCY-2,2025-12-21,8941523598202,Class 1,Y,70.35,Service Type 4,Doc Type A,A,2025-12-23,UBR,UMK,FN-133,TYPE-C,DOC,24.65,2.01,Equip-1
CCY-4,2025-12-09,7723436664798,Class 5,N,78.75,Service Type 3,Doc Type A,A,2025-12-26,PVS,KSN,FN-101,TYPE-B,DOC,6.4,2.25,Equip-1
CCY-3,2025-12-13,8015276509603,Class 1,N,44.45,Service Type 3,Doc Type A,A,2025-12-29,PVS,KEE,FN-395,TYPE-C,DOC,12.16,1.27,Equip-2
CCY-2,2025-12-27,9632299194576,Class 4,N,164.15,Service Type 2,Doc Type A,A,2025-12-28,RZP,HGV,FN-119,TYPE-D,DOC,12.11,4.69,Equip-1
CCY-4,2025-12-08,0619377061987,Class 9,Y,94.85,Service Type 1,Doc Type A,A,2025-12-18,JKS,JYN,FN-394,TYPE-A,DOC,12.76,2.71,Equip-2
CCY-2,2025-12-09,1055672427420,Class 8,N,136.5,Service Type 2,Doc Type A,A,2025-12-21,KLC,TPX,FN-394,TYPE-A,DOC,8.91,3.9,Equip-2
CCY-2,2025-12-15,5648671436489,Class 4,N,169.75,Service Type 1,Doc Type A,A,2025-12-15,HGV,KSN,FN-132,TYPE-A,DOC,7.87,4.85,Equip-3
CCY-4,2025-12-23,0025188281602,Class 6,Y,114.1,Service Type 2,Doc Type A,A,2025-12-09,GNP,TPX,FN-118,TYPE-A,DOC,21.67,3.26,Equip-1
CCY-2,2025-12-02,1392160922893,Class 8,Y,141.05,Service Type 5,Doc Type A,A,2025-12-24,KEE,JKS,FN-508,TYPE-D,DOC,11.94,4.03,Equip-1
CCY-2,2025-12-05,9330023285212,Class 5,Y,76.65,Service Type 1,Doc Type A,A,2025-12-13,UBR,JYN,FN-117,TYPE-B,DOC,17.47,2.19,Equip-2
CCY-3,2025-12-24,8600649882476,Class 1,Y,58.8,Service Type 5,Doc Type A,A,2025-12-01,YML,LNR,FN-117,TYPE-D,DOC,9.37,1.68,Equip-2
CCY-1,2025-12-27,4508202692782,Class 8,Y,128.45,Service Type 3,Doc Type A,A,2025-12-07,MBT,KHV,FN-508,TYPE-B,DOC,14.05,3.67,Equip-3
CCY-3,2025-12-08,7401268490856,Class 5,Y,88.9,Service Type 2,Doc Type A,A,2025-12-21,LNR,TDX,FN-101,TYPE-D,DOC,5.25,2.54,Equip-2
CCY-1,2025-12-05,4838279065457,Class 4,N,73.5,Service Type 5,Doc Type A,A,2025-12-24,RZP,JYN,FN-132,TYPE-C,DOC,5.26,2.1,Equip-1
CCY-2,2025-12-08,6616252308197,Class 4,Y,79.45,Service Type 3,Doc Type A,A,2025-12-20,DRW,DPQ,FN-118,TYPE-C,DOC,14.76,2.27,Equip-1
CCY-3,2025-12-12,2420526738890,Class 8,N,47.95,Service Type 1,Doc Type A,A,2025-12-08,KUV,KEE,FN-105,TYPE-D,DOC,10.5,1.37,Equip-3
CCY-3,2025-12-10,0022026788695,Class 2,Y,103.6,Service Type 4,Doc Type A,A,2025-12-24,KLC,JYN,FN-101,TYPE-C,DOC,12.93,2.96,Equip-2
CCY-2,2025-12-16,3038200003901,Class 2,Y,98.35,Service Type 5,Doc Type A,A,2025-12-02,KEE,KHV,FN-101,TYPE-B,DOC,8.36,2.81,Equip-3
CCY-1,2025-12-07,8878151417892,Class 7,N,76.65,Service Type 3,Doc Type A,A,2025-12-02,JKS,YML,FN-105,TYPE-D,DOC,12.9,2.19,Equip-1
CCY-2,2025-12-20,5553870979154,Class 3,Y,168.35,Service Type 1,Doc Type A,A,2025-12-12,SUQ,TDX,FN-395,TYPE-B,DOC,4.62,4.81,Equip-1
CCY-2,2025-12-16,1587544963242,Class 5,N,101.5,Service Type 4,Doc Type A,A,2025-12-02,KHV,GNP,FN-118,TYPE-D,DOC,8.83,2.9,Equip-1
CCY-3,2025-12-05,2090014310160,Class 8,Y,228.55,Service Type 4,Doc Type A,A,2025-12-15,RZP,UMK,FN-101,TYPE-C,DOC,17.05,6.53,Equip-3
CCY-2,2025-12-09,1935080542335,Class 8,N,120.75,Service Type 1,Doc Type A,A,2025-12-12,JYN,KEE,FN-105,TYPE-A,DOC,5.78,3.45,Equip-1
CCY-2,2025-12-22,8815147399053,Class 8,Y,86.1,Service Type 3,Doc Type A,A,2025-12-22,DPQ,UMK,FN-132,TYPE-D,DOC,8.46,2.46,Equip-1
CCY-4,2025-12-13,8418162826136,Class 3,N,65.45,Service Type 2,Doc Type A,A,2025-12-21,VQR,KHV,FN-118,TYPE-A,DOC,8.4,1.87,Equip-3
CCY-2,2025-12-23,9593295440554,Class 7,Y,53.55,Service Type 2,Doc Type A,A,2025-12-03,KSN,ZYR,FN-395,TYPE-B,DOC,11.79,1.53,Equip-2
CCY-4,2025-12-25,2686108447607,Class 8,N,107.1,Service Type 2,Doc Type A,A,2025-12-17,KEE,SZV,FN-133,TYPE-D,DOC,16.73,3.06,Equip-2
CCY-2,2025-12-27,9898525880496,Class 3,N,88.55,Service Type 2,Doc Type A,A,2025-12-12,DRW,JYN,FN-132,TYPE-A,DOC,14.11,2.53,Equip-1
CCY-3,2025-12-08,9531313521485,Class 8,N,115.15,Service Type 1,Doc Type A,A,2025-12-15,KHV,YML,FN-118,TYPE-B,DOC,10.16,3.29,Equip-1
CCY-2,2025-12-30,6219731457265,Class 5,Y,92.4,Service Type 3,Doc Type A,A,2025-12-30,RZP,DPQ,FN-395,TYPE-D,DOC,6.18,2.64,Equip-3
CCY-1,2025-12-19,4611608107452,Class 6,N,73.85,Service Type 5,Doc Type A,A,2025-12-31,KLC,KEE,FN-133,TYPE-A,DOC,7.7,2.11,Equip-3
CCY-3,2025-12-02,8551108030615,Class 5,N,151.9,Service Type 1,Doc Type A,A,2025-12-02,SZV,KUV,FN-132,TYPE-D,DOC,1.45,4.34,Equip-3
CCY-2,2025-12-21,7131194271003,Class 7,N,145.6,Service Type 4,Doc Type A,A,2025-12-30,ZYR,FUG,FN-101,TYPE-D,DOC,8.57,4.16,Equip-1
CCY-4,2025-12-20,8815945606955,Class 2,N,59.85,Service Type 2,Doc Type A,A,2025-12-25,QFX,VQR,FN-118,TYPE-B,DOC,17.34,1.71,Equip-2
CCY-1,2025-12-20,0161536443162,Class 4,Y,194.6,Service Type 1,Doc Type A,A,2025-12-27,KHV,NAB,FN-119,TYPE-A,DOC,6.56,5.56,Equip-1
CCY-3,2025-12-25,2082350968888,Class 4,Y,103.95,Service Type 1,Doc Type A,A,2025-12-10,TDX,HGV,FN-508,TYPE-D,DOC,20.75,2.97,Equip-1
CCY-4,2025-12-16,6844412191706,Class 3,Y,82.95,Service Type 1,Doc Type A,A,2025-12-16,KHV,GNP,FN-395,TYPE-C,DOC,13.29,2.37,Equip-1
CCY-1,2025-12-07,2003902915425,Class 5,Y,79.8,Service Type 5,Doc Type A,A,2025-12-08,KUV,UBR,FN-508,TYPE-A,DOC,14.16,2.28,Equip-1
CCY-1,2025-12-11,9701244236025,Class 7,N,58.8,Service Type 2,Doc Type A,A,2025-12-29,QFX,YML,FN-117,TYPE-B,DOC,1.84,1.68,Equip-3
CCY-1,2025-12-06,3209554093436,Class 9,N,65.45,Service Type 5,Doc Type A,A,2025-12-04,YML,ZYR,FN-118,TYPE-A,DOC,12.11,1.87,Equip-1
CCY-4,2025-12-12,6930090387556,Class 8,N,67.55,Service Type 1,Doc Type A,A,2025-12-08,KEE,KLC,FN-118,TYPE-B,DOC,11.66,1.93,Equip-3
CCY-2,2025-12-31,4430471427205,Class 2,Y,134.75,Service Type 5,Doc Type A,A,2025-12-12,QFX,JYN,FN-118,TYPE-A,DOC,8.09,3.85,Equip-2
CCY-1,2025-12-25,6111284256196,Class 3,Y,104.65,Service Type 2,Doc Type A,A,2025-12-21,MBT,SZV,FN-133,TYPE-D,DOC,13.24,2.99,Equip-1
CCY-2,2025-12-15,7276905559084,Class 9,Y,121.8,Service Type 1,Doc Type A,A,2025-12-01,PVS,KSN,FN-119,TYPE-C,DOC,16.39,3.48,Equip-2
CCY-3,2025-12-07,0749820976812,Class 8,Y,88.9,Service Type 1,Doc Type A,A,2025-12-21,UBR,RZP,FN-117,TYPE-B,DOC,19.23,2.54,Equip-2
CCY-3,2025-12-03,9062944205203,Class 1,N,59.5,Service Type 3,Doc Type A,A,2025-12-29,RZP,MBT,FN-394,TYPE-A,DOC,9.85,1.7,Equip-1
CCY-3,2025-12-23,3348080136049,Class 5,N,138.6,Service Type 3,Doc Type A,A,2025-12-23,VQR,LNR,FN-117,TYPE-A,DOC,9.86,3.96,Equip-2
CCY-3,2025-12-24,8271898045769,Class 3,Y,138.6,Service Type 5,Doc Type A,A,2025-12-14,JKS,NAB,FN-117,TYPE-C,DOC,18.5,3.96,Equip-3
CCY-3,2025-12-25,7072176999590,Class 6,Y,142.8,Service Type 1,Doc Type A,A,2025-12-09,KHV,SZV,FN-118,TYPE-B,DOC,3.03,4.08,Equip-1
CCY-4,2025-12-10,0639590700974,Class 1,N,136.5,Service Type 2,Doc Type A,A,2025-12-08,TPX,RZP,FN-508,TYPE-D,DOC,2.81,3.9,Equip-1
CCY-1,2025-12-25,9093318683985,Class 2,N,129.5,Service Type 4,Doc Type A,A,2025-12-20,NAB,YML,FN-119,TYPE-D,DOC,10.16,3.7,Equip-2
CCY-4,2025-12-08,9189009180732,Class 2,N,145.95,Service Type 1,Doc Type A,A,2025-12-09,SUQ,KHV,FN-105,TYPE-D,DOC,5.34,4.17,Equip-3
CCY-4,2025-12-02,7177545075686,Class 9,Y,81.55,Service Type 3,Doc Type A,A,2025-12-25,DRW,UMK,FN-394,TYPE-D,DOC,4.68,2.33,Equip-3
CCY-1,2025-12-03,3885978719139,Class 3,Y,43.75,Service Type 1,Doc Type A,A,2025-12-16,MBT,FUG,FN-101,TYPE-C,DOC,7.01,1.25,Equip-3
CCY-4,2025-12-13,9614797938926,Class 5,Y,168.35,Service Type 2,Doc Type A,A,2025-12-22,DPQ,TDX,FN-119,TYPE-C,DOC,12.47,4.81,Equip-1
CCY-3,2025-12-24,4005453042143,Class 2,N,108.5,Service Type 4,Doc Type A,A,2025-12-12,MBT,HGV,FN-105,TYPE-C,DOC,25.33,3.1,Equip-1
CCY-3,2025-12-02,2981687833262,Class 2,Y,113.05,Service Type 1,Doc Type A,A,2025-12-08,DRW,KLC,FN-395,TYPE-C,DOC,17.58,3.23,Equip-3
CCY-4,2025-12-05,9155152198362,Class 4,Y,93.1,Service Type 5,Doc Type A,A,2025-12-03,RZP,UMK,FN-394,TYPE-B,DOC,14.49,2.66,Equip-3
CCY-4,2025-12-14,1242044156820,Class 8,Y,123.9,Service Type 4,Doc Type A,A,2025-12-22,KLC,KEE,FN-508,TYPE-C,DOC,12.98,3.54,Equip-3
CCY-3,2025-12-28,0189892662936,Class 8,N,102.2,Service Type 1,Doc Type A,A,2025-12-17,KHV,RZP,FN-133,TYPE-C,DOC,9.11,2.92,Equip-2
CCY-1,2025-12-26,2295703493553,Class 5,Y,134.05,Service Type 4,Doc Type A,A,2025-12-13,SUQ,FUG,FN-101,TYPE-D,DOC,11.71,3.83,Equip-3
CCY-4,2025-12-13,7993689195209,Class 9,N,103.25,Service Type 4,Doc Type A,A,2025-12-23,KHV,GNP,FN-119,TYPE-C,DOC,6.67,2.95,Equip-2
CCY-1,2025-12-12,4633441901280,Class 3,Y,145.6,Service Type 3,Doc Type A,A,2025-12-07,ZYR,UMK,FN-508,TYPE-C,DOC,21.56,4.16,Equip-1
CCY-4,2025-12-09,8015597205652,Class 3,N,105.7,Service Type 1,Doc Type A,A,2025-12-20,KUV,FUG,FN-117,TYPE-D,DOC,18.75,3.02,Equip-3
CCY-4,2025-12-12,0096708338880,Class 7,N,140.0,Service Type 2,Doc Type A,A,2025-12-25,VQR,KEE,FN-119,TYPE-B,DOC,13.6,4.0,Equip-3
CCY-1,2025-12-22,7235288151369,Class 3,N,36.75,Service Type 1,Doc Type A,A,2025-12-23,LNR,GNP,FN-101,TYPE-A,DOC,19.8,1.05,Equip-1
CCY-4,2025-12-28,7043134551638,Class 9,Y,150.85,Service Type 2,Doc Type A,A,2025-12-17,DRW,SZV,FN-508,TYPE-D,DOC,5.42,4.31,Equip-3
CCY-1,2025-12-02,5754981118098,Class 2,N,81.55,Service Type 4,Doc Type A,A,2025-12-27,MFP,SUQ,FN-101,TYPE-A,DOC,10.62,2.33,Equip-3
CCY-1,2025-12-10,7143840115403,Class 4,N,85.4,Service Type 5,Doc Type A,A,2025-12-31,YML,QFX,FN-133,TYPE-A,DOC,5.73,2.44,Equip-1
CCY-1,2025-12-11,5309627718698,Class 7,Y,178.15,Service Type 1,Doc Type A,A,2025-12-04,SZV,ZYR,FN-394,TYPE-D,DOC,4.99,5.09,Equip-2
CCY-1,2025-12-20,4927453795696,Class 9,Y,102.9,Service Type 4,Doc Type A,A,2025-12-26,JKS,KLC,FN-101,TYPE-D,DOC,11.89,2.94,Equip-3
CCY-1,2025-12-10,1795883033500,Class 4,N,138.6,Service Type 4,Doc Type A,A,2025-12-13,QFX,VQR,FN-101,TYPE-A,DOC,14.94,3.96,Equip-1
CCY-3,2025-12-11,0384710689731,Class 8,Y,142.45,Service Type 4,Doc Type A,A,2025-12-15,DPQ,GNP,FN-117,TYPE-B,DOC,16.73,4.07,Equip-3
CCY-1,2025-12-23,0945975130120,Class 8,Y,94.5,Service Type 1,Doc Type A,A,2025-12-27,KSN,FUG,FN-395,TYPE-A,DOC,8.85,2.7,Equip-2
CCY-1,2025-12-03,0502725772619,Class 6,N,86.45,Service Type 2,Doc Type A,A,2025-12-29,DRW,TDX,FN-133,TYPE-A,DOC,15.85,2.47,Equip-3
CCY-2,2025-12-29,5858243482280,Class 9,N,119.0,Service Type 4,Doc Type A,A,2025-12-13,JKS,LNR,FN-117,TYPE-B,DOC,11.97,3.4,Equip-2
CCY-1,2025-12-14,1350248552568,Class 8,Y,42.7,Service Type 5,Doc Type A,A,2025-12-18,JKS,JYN,FN-101,TYPE-D,DOC,15.93,1.22,Equip-3
CCY-3,2025-12-28,7298982054137,Class 3,Y,96.95,Service Type 5,Doc Type A,A,2025-12-04,DPQ,DRW,FN-117,TYPE-D,DOC,15.57,2.77,Equip-1
CCY-2,2025-12-04,6958006841160,Class 3,Y,132.3,Service Type 1,Doc Type A,A,2025-12-06,KLC,TDX,FN-117,TYPE-A,DOC,15.54,3.78,Equip-1
CCY-3,2025-12-26,7238748489369,Class 9,Y,152.25,Service Type 2,Doc Type A,A,2025-12-06,PVS,VQR,FN-132,TYPE-A,DOC,20.04,4.35,Equip-3
CCY-3,2025-12-22,7813742141570,Class 6,Y,155.4,Service Type 1,Doc Type A,A,2025-12-02,YML,DRW,FN-118,TYPE-D,DOC,18.73,4.44,Equip-1
CCY-2,2025-12-13,1104476149434,Class 1,N,106.05,Service Type 1,Doc Type A,A,2025-12-03,NAB,RZP,FN-119,TYPE-D,DOC,13.46,3.03,Equip-3
CCY-3,2025-12-28,5754523558972,Class 6,N,130.55,Service Type 1,Doc Type A,A,2025-12-12,YML,DPQ,FN-132,TYPE-B,DOC,16.36,3.73,Equip-2
CCY-1,2025-12-17,7154099229346,Class 7,Y,119.0,Service Type 5,Doc Type A,A,2025-12-15,KSN,YML,FN-117,TYPE-C,DOC,10.45,3.4,Equip-3
CCY-2,2025-12-12,4599572634855,Class 1,Y,75.25,Service Type 2,Doc Type A,A,2025-12-08,TDX,VQR,FN-101,TYPE-D,DOC,11.82,2.15,Equip-1
CCY-4,2025-12-25,8286619828590,Class 5,Y,107.1,Service Type 4,Doc Type A,A,2025-12-05,RZP,KLC,FN-101,TYPE-C,DOC,18.45,3.06,Equip-1
CCY-1,2025-12-01,2301301132633,Class 9,N,47.95,Service Type 5,Doc Type A,A,2025-12-10,MFP,TDX,FN-508,TYPE-D,DOC,22.24,1.37,Equip-2
CCY-4,2025-12-16,3481539122190,Class 5,Y,106.05,Service Type 4,Doc Type A,A,2025-12-02,UBR,GNP,FN-132,TYPE-D,DOC,9.22,3.03,Equip-3
CCY-2,2025-12-14,4446944211067,Class 1,Y,119.0,Service Type 3,Doc Type A,A,2025-12-07,FUG,UMK,FN-101,TYPE-B,DOC,17.69,3.4,Equip-1
CCY-1,2025-12-28,5187104044646,Class 4,Y,65.45,Service Type 2,Doc Type A,A,2025-12-17,UBR,KUV,FN-118,TYPE-A,DOC,13.55,1.87,Equip-1
CCY-3,2025-12-24,9790573580541,Class 7,Y,116.2,Service Type 1,Doc Type A,A,2025-12-17,TDX,SUQ,FN-508,TYPE-B,DOC,6.22,3.32,Equip-2
CCY-1,2025-12-14,9215390050674,Class 9,Y,86.45,Service Type 4,Doc Type A,A,2025-12-20,PVS,FUG,FN-395,TYPE-A,DOC,5.18,2.47,Equip-1
CCY-2,2025-12-30,0393758130121,Class 8,Y,70.7,Service Type 5,Doc Type A,A,2025-12-19,HGV,TPX,FN-118,TYPE-C,DOC,14.5,2.02,Equip-3
CCY-1,2025-12-18,1341029061691,Class 9,N,147.7,Service Type 2,Doc Type A,A,2025-12-14,NAB,ZYR,FN-105,TYPE-A,DOC,20.03,4.22,Equip-2
CCY-4,2025-12-13,9670258912717,Class 8,Y,72.45,Service Type 2,Doc Type A,A,2025-12-13,LNR,KEE,FN-395,TYPE-C,DOC,4.14,2.07,Equip-3
CCY-1,2025-12-02,5289416863185,Class 6,Y,77.7,Service Type 3,Doc Type A,A,2025-12-14,TPX,LNR,FN-394,TYPE-D,DOC,0.57,2.22,Equip-3
CCY-4,2025-12-20,0541166911534,Class 1,N,90.65,Service Type 2,Doc Type A,A,2025-12-25,LNR,VQR,FN-118,TYPE-B,DOC,15.83,2.59,Equip-2
CCY-4,2025-12-22,9697686990078,Class 3,Y,51.8,Service Type 4,Doc Type A,A,2025-12-27,DPQ,RZP,FN-101,TYPE-C,DOC,14.3,1.48,Equip-1
CCY-4,2025-12-19,6404970383410,Class 4,Y,85.4,Service Type 1,Doc Type A,A,2025-12-03,KUV,JYN,FN-132,TYPE-C,DOC,15.99,2.44,Equip-2
CCY-4,2025-12-02,1830784908245,Class 7,Y,101.85,Service Type 5,Doc Type A,A,2025-12-10,KUV,TPX,FN-119,TYPE-B,DOC,12.06,2.91,Equip-1
CCY-1,2025-12-05,2393540357133,Class 9,N,64.75,Service Type 3,Doc Type A,A,2025-12-16,YML,DRW,FN-117,TYPE-D,DOC,5.64,1.85,Equip-3
CCY-1,2025-12-20,6573515496066,Class 1,N,119.0,Service Type 4,Doc Type A,A,2025-12-14,KSN,QFX,FN-118,TYPE-D,DOC,16.84,3.4,Equip-1
CCY-2,2025-12-10,6834854975157,Class 9,Y,116.2,Service Type 1,Doc Type A,A,2025-12-11,QFX,UMK,FN-395,TYPE-B,DOC,17.25,3.32,Equip-1
CCY-4,2025-12-21,3606301798210,Class 6,Y,44.45,Service Type 4,Doc Type A,A,2025-12-18,UBR,TPX,FN-119,TYPE-B,DOC,12.71,1.27,Equip-1
CCY-4,2025-12-27,8345116106515,Class 2,Y,103.95,Service Type 5,Doc Type A,A,2025-12-05,VQR,NAB,FN-117,TYPE-B,DOC,10.65,2.97,Equip-2
CCY-2,2025-12-13,5883499605204,Class 9,Y,129.15,Service Type 3,Doc Type A,A,2025-12-05,QFX,RZP,FN-133,TYPE-D,DOC,21.77,3.69,Equip-3
CCY-2,2025-12-26,8851586940948,Class 8,Y,126.0,Service Type 5,Doc Type A,A,2025-12-17,RZP,KSN,FN-117,TYPE-A,DOC,19.68,3.6,Equip-3
CCY-1,2025-12-29,7661545806187,Class 1,Y,109.2,Service Type 1,Doc Type A,A,2025-12-07,ZYR,VQR,FN-133,TYPE-C,DOC,8.44,3.12,Equip-1
CCY-1,2025-12-03,6357691364725,Class 9,N,72.1,Service Type 4,Doc Type A,A,2025-12-18,QFX,JKS,FN-118,TYPE-B,DOC,13.18,2.06,Equip-1
CCY-2,2025-12-17,9853541430194,Class 3,N,97.65,Service Type 4,Doc Type A,A,2025-12-30,KHV,JKS,FN-119,TYPE-D,DOC,10.08,2.79,Equip-1
CCY-1,2025-12-12,3104308045310,Class 1,Y,32.2,Service Type 3,Doc Type A,A,2025-12-20,QFX,NAB,FN-101,TYPE-C,DOC,20.03,0.92,Equip-2
CCY-4,2025-12-14,9171359518469,Class 2,N,72.1,Service Type 2,Doc Type A,A,2025-12-17,PVS,TDX,FN-118,TYPE-D,DOC,18.03,2.06,Equip-1
CCY-1,2025-12-20,9272419878333,Class 4,Y,146.3,Service Type 4,Doc Type A,A,2025-12-12,QFX,ZYR,FN-132,TYPE-D,DOC,5.14,4.18,Equip-2
CCY-3,2025-12-11,2202279617700,Class 2,Y,148.75,Service Type 5,Doc Type A,A,2025-12-02,KSN,JYN,FN-395,TYPE-C,DOC,15.66,4.25,Equip-3
CCY-3,2025-12-23,1729488983311,Class 9,N,177.1,Service Type 5,Doc Type A,A,2025-12-08,DPQ,SZV,FN-132,TYPE-C,DOC,16.0,5.06,Equip-1
CCY-3,2025-12-21,6406056432900,Class 9,N,99.4,Service Type 1,Doc Type A,A,2025-12-26,PVS,QFX,FN-508,TYPE-A,DOC,14.79,2.84,Equip-2
CCY-2,2025-12-16,5063622982250,Class 6,Y,148.4,Service Type 5,Doc Type A,A,2025-12-13,LNR,HGV,FN-132,TYPE-B,DOC,13.71,4.24,Equip-1
CCY-3,2025-12-18,4842094184446,Class 3,Y,82.25,Service Type 3,Doc Type A,A,2025-12-28,QFX,DRW,FN-117,TYPE-C,DOC,8.1,2.35,Equip-2
CCY-4,2025-12-06,7313921180829,Class 4,Y,31.5,Service Type 4,Doc Type A,A,2025-12-09,SUQ,LNR,FN-119,TYPE-C,DOC,10.46,0.9,Equip-3
CCY-2,2025-12-20,0321651556733,Class 8,N,38.85,Service Type 1,Doc Type A,A,2025-12-02,ZYR,DPQ,FN-394,TYPE-B,DOC,12.69,1.11,Equip-2
CCY-4,2025-12-24,6597324605705,Class 1,Y,135.45,Service Type 1,Doc Type A,A,2025-12-04,ZYR,HGV,FN-508,TYPE-B,DOC,12.27,3.87,Equip-2
CCY-3,2025-12-17,3682517024552,Class 7,N,163.8,Service Type 3,Doc Type A,A,2025-12-14,KEE,SUQ,FN-508,TYPE-B,DOC,9.62,4.68,Equip-2
CCY-2,2025-12-25,2283721302732,Class 3,Y,146.65,Service Type 3,Doc Type A,A,2025-12-10,TDX,DRW,FN-395,TYPE-C,DOC,4.7,4.19,Equip-1
CCY-1,2025-12-09,5344462279281,Class 8,Y,44.8,Service Type 4,Doc Type A,A,2025-12-06,TPX,KEE,FN-118,TYPE-B,DOC,15.38,1.28,Equip-1
CCY-4,2025-12-06,0484437628255,Class 5,N,102.9,Service Type 5,Doc Type A,A,2025-12-06,UMK,ZYR,FN-394,TYPE-C,DOC,25.55,2.94,Equip-3
CCY-3,2025-12-20,8769413008710,Class 7,Y,55.65,Service Type 2,Doc Type A,A,2025-12-11,KLC,PVS,FN-508,TYPE-A,DOC,7.61,1.59,Equip-2
CCY-1,2025-12-17,2446495665660,Class 3,Y,100.45,Service Type 4,Doc Type A,A,2025-12-14,MBT,DRW,FN-117,TYPE-C,DOC,10.9,2.87,Equip-3
CCY-2,2025-12-24,0961273485794,Class 5,Y,94.5,Service Type 5,Doc Type A,A,2025-12-10,NAB,KSN,FN-118,TYPE-B,DOC,12.51,2.7,Equip-2
CCY-3,2025-12-19,5370575494158,Class 8,N,91.35,Service Type 3,Doc Type A,A,2025-12-20,NAB,HGV,FN-105,TYPE-C,DOC,15.17,2.61,Equip-3
CCY-2,2025-12-06,9518589768116,Class 6,N,99.75,Service Type 1,Doc Type A,A,2025-12-27,KEE,JKS,FN-395,TYPE-A,DOC,2.33,2.85,Equip-2
CCY-4,2025-12-14,9915748004869,Class 1,Y,117.25,Service Type 2,Doc Type A,A,2025-12-13,RZP,FUG,FN-394,TYPE-B,DOC,0.16,3.35,Equip-1
CCY-1,2025-12-24,9342749784752,Class 3,Y,110.6,Service Type 3,Doc Type A,A,2025-12-11,UMK,MBT,FN-105,TYPE-C,DOC,7.1,3.16,Equip-2
CCY-3,2025-12-20,9372995204301,Class 7,Y,71.75,Service Type 3,Doc Type A,A,2025-12-05,JKS,DPQ,FN-133,TYPE-B,DOC,18.57,2.05,Equip-3
CCY-3,2025-12-20,9729846858576,Class 1,N,89.95,Service Type 1,Doc Type A,A,2025-12-22,SZV,LNR,FN-132,TYPE-D,DOC,17.31,2.57,Equip-2
CCY-4,2025-12-12,3929188194054,Class 9,N,92.05,Service Type 4,Doc Type A,A,2025-12-24,RZP,KUV,FN-132,TYPE-B,DOC,20.77,2.63,Equip-3
CCY-2,2025-12-12,8058307682054,Class 3,N,129.15,Service Type 1,Doc Type A,A,2025-12-05,KSN,KHV,FN-118,TYPE-C,DOC,7.8,3.69,Equip-1
CCY-1,2025-12-16,3849627436848,Class 6,Y,75.6,Service Type 4,Doc Type A,A,2025-12-01,KHV,YML,FN-105,TYPE-B,DOC,9.82,2.16,Equip-3
CCY-2,2025-12-08,5504405710620,Class 9,Y,103.6,Service Type 2,Doc Type A,A,2025-12-01,TDX,QFX,FN-105,TYPE-A,DOC,9.61,2.96,Equip-1
CCY-2,2025-12-31,5886049602250,Class 3,Y,37.45,Service Type 1,Doc Type A,A,2025-12-04,UMK,KSN,FN-508,TYPE-C,DOC,18.71,1.07,Equip-2
CCY-1,2025-12-16,2827026125927,Class 8,N,126.7,Service Type 1,Doc Type A,A,2025-12-09,JKS,KLC,FN-101,TYPE-B,DOC,12.12,3.62,Equip-2
CCY-2,2025-12-25,0100849525400,Class 4,N,150.85,Service Type 1,Doc Type A,A,2025-12-25,YML,VQR,FN-395,TYPE-B,DOC,12.97,4.31,Equip-2
CCY-4,2025-12-13,4947897926911,Class 7,Y,98.7,Service Type 4,Doc Type A,A,2025-12-23,SUQ,NAB,FN-118,TYPE-D,DOC,11.63,2.82,Equip-2
CCY-2,2025-12-06,6631882978768,Class 3,N,108.5,Service Type 3,Doc Type A,A,2025-12-17,KLC,HGV,FN-118,TYPE-C,DOC,14.96,3.1,Equip-1
CCY-2,2025-12-30,6357548452405,Class 5,Y,123.2,Service Type 4,Doc Type A,A,2025-12-18,KLC,UBR,FN-119,TYPE-B,DOC,10.05,3.52,Equip-1
CCY-1,2025-12-22,4723803270554,Class 5,Y,83.65,Service Type 2,Doc Type A,A,2025-12-16,UMK,JKS,FN-118,TYPE-A,DOC,8.74,2.39,Equip-1
CCY-2,2025-12-01,5892079042661,Class 4,N,152.25,Service Type 4,Doc Type A,A,2025-12-14,UMK,JYN,FN-119,TYPE-C,DOC,9.36,4.35,Equip-3
CCY-2,2025-12-29,8529580312013,Class 3,N,119.0,Service Type 5,Doc Type A,A,2025-12-13,GNP,PVS,FN-395,TYPE-C,DOC,4.11,3.4,Equip-2
CCY-4,2025-12-11,2117780028105,Class 4,Y,46.2,Service Type 2,Doc Type A,A,2025-12-02,KUV,MBT,FN-133,TYPE-C,DOC,12.17,1.32,Equip-3
CCY-4,2025-12-22,0214929078340,Class 2,Y,121.8,Service Type 4,Doc Type A,A,2025-12-15,YML,KLC,FN-117,TYPE-C,DOC,13.55,3.48,Equip-3
CCY-1,2025-12-26,0985930608438,Class 3,Y,12.25,Service Type 2,Doc Type A,A,2025-12-12,KEE,QFX,FN-119,TYPE-C,DOC,14.95,0.35,Equip-1
CCY-1,2025-12-17,7274293317561,Class 4,N,79.1,Service Type 2,Doc Type A,A,2025-12-28,HGV,TPX,FN-105,TYPE-A,DOC,18.83,2.26,Equip-2
CCY-3,2025-12-21,5491780885576,Class 4,N,130.9,Service Type 1,Doc Type A,A,2025-12-24,MBT,KLC,FN-133,TYPE-B,DOC,15.43,3.74,Equip-2
CCY-4,2025-12-09,0237393045741,Class 3,N,128.1,Service Type 1,Doc Type A,A,2025-12-24,JYN,YML,FN-119,TYPE-D,DOC,7.62,3.66,Equip-2
CCY-1,2025-12-28,5425317027772,Class 2,N,32.55,Service Type 5,Doc Type A,A,2025-12-18,MBT,KUV,FN-394,TYPE-B,DOC,10.07,0.93,Equip-3
CCY-2,2025-12-25,6500312354836,Class 7,Y,77.7,Service Type 3,Doc Type A,A,2025-12-08,KUV,ZYR,FN-508,TYPE-D,DOC,17.84,2.22,Equip-2
CCY-2,2025-12-31,2395302155952,Class 3,Y,91.0,Service Type 5,Doc Type A,A,2025-12-28,YML,VQR,FN-119,TYPE-A,DOC,7.73,2.6,Equip-2
CCY-1,2025-12-31,0518507972281,Class 1,Y,102.9,Service Type 5,Doc Type A,A,2025-12-23,RZP,KHV,FN-395,TYPE-D,DOC,13.36,2.94,Equip-1
CCY-3,2025-12-02,0038891132036,Class 1,N,58.1,Service Type 1,Doc Type A,A,2025-12-07,GNP,RZP,FN-119,TYPE-D,DOC,14.74,1.66,Equip-2
CCY-1,2025-12-06,6907280793446,Class 7,Y,100.8,Service Type 5,Doc Type A,A,2025-12-04,MBT,KLC,FN-101,TYPE-B,DOC,8.29,2.88,Equip-1
CCY-2,2025-12-15,9804460079194,Class 3,Y,101.15,Service Type 3,Doc Type A,A,2025-12-20,KSN,MBT,FN-117,TYPE-A,DOC,21.49,2.89,Equip-1
CCY-2,2025-12-31,0499780550144,Class 4,Y,106.4,Service Type 1,Doc Type A,A,2025-12-04,LNR,SZV,FN-105,TYPE-D,DOC,17.43,3.04,Equip-2
CCY-3,2025-12-29,1210753535423,Class 7,N,96.25,Service Type 2,Doc Type A,A,2025-12-30,KEE,MFP,FN-394,TYPE-C,DOC,9.58,2.75,Equip-2
CCY-1,2025-12-05,8264249148596,Class 2,N,126.0,Service Type 4,Doc Type A,A,2025-12-11,VQR,UMK,FN-395,TYPE-C,DOC,11.16,3.6,Equip-2
CCY-2,2025-12-27,9893016127924,Class 3,N,117.6,Service Type 2,Doc Type A,A,2025-12-30,SUQ,ZYR,FN-395,TYPE-A,DOC,18.87,3.36,Equip-1
CCY-1,2025-12-15,1689232171146,Class 8,N,71.4,Service Type 2,Doc Type A,A,2025-12-02,DPQ,NAB,FN-105,TYPE-C,DOC,17.94,2.04,Equip-2
CCY-3,2025-12-15,0143027679918,Class 3,N,79.8,Service Type 3,Doc Type A,A,2025-12-01,FUG,NAB,FN-118,TYPE-B,DOC,9.93,2.28,Equip-3
CCY-2,2025-12-09,2009541084297,Class 7,N,92.4,Service Type 4,Doc Type A,A,2025-12-10,VQR,JYN,FN-117,TYPE-D,DOC,13.57,2.64,Equip-1
CCY-2,2025-12-04,3256212741405,Class 6,Y,72.45,Service Type 4,Doc Type A,A,2025-12-30,SUQ,JYN,FN-117,TYPE-D,DOC,15.65,2.07,Equip-2
CCY-1,2025-12-13,1693496174648,Class 8,Y,129.15,Service Type 1,Doc Type A,A,2025-12-16,MFP,QFX,FN-508,TYPE-C,DOC,12.22,3.69,Equip-3
CCY-2,2025-12-02,7570464837153,Class 1,Y,179.2,Service Type 4,Doc Type A,A,2025-12-14,KHV,SZV,FN-119,TYPE-A,DOC,1.67,5.12,Equip-2
CCY-1,2025-12-23,6743121827259,Class 7,N,33.95,Service Type 2,Doc Type A,A,2025-12-10,UMK,MFP,FN-394,TYPE-C,DOC,10.58,0.97,Equip-1
CCY-4,2025-12-26,8416475609157,Class 6,N,106.05,Service Type 1,Doc Type A,A,2025-12-12,TPX,YML,FN-394,TYPE-D,DOC,12.79,3.03,Equip-1
CCY-2,2025-12-18,2342820978862,Class 3,Y,139.65,Service Type 3,Doc Type A,A,2025-12-28,HGV,UMK,FN-119,TYPE-C,DOC,11.59,3.99,Equip-3
CCY-1,2025-12-08,2868797325989,Class 7,Y,115.5,Service Type 5,Doc Type A,A,2025-12-19,JKS,QFX,FN-119,TYPE-C,DOC,15.74,3.3,Equip-2
CCY-3,2025-12-20,8934432801940,Class 5,N,101.5,Service Type 1,Doc Type A,A,2025-12-15,PVS,VQR,FN-394,TYPE-A,DOC,14.25,2.9,Equip-3
CCY-1,2025-12-12,4894950536236,Class 1,N,53.2,Service Type 4,Doc Type A,A,2025-12-18,YML,LNR,FN-117,TYPE-D,DOC,20.88,1.52,Equip-1
CCY-1,2025-12-13,8596465215724,Class 9,N,107.45,Service Type 4,Doc Type A,A,2025-12-23,ZYR,TDX,FN-133,TYPE-C,DOC,12.7,3.07,Equip-2
CCY-2,2025-12-20,8997930700466,Class 7,Y,75.6,Service Type 3,Doc Type A,A,2025-12-22,UBR,TDX,FN-117,TYPE-B,DOC,16.07,2.16,Equip-3
CCY-1,2025-12-27,2471305206409,Class 2,Y,110.6,Service Type 4,Doc Type A,A,2025-12-24,UBR,SUQ,FN-101,TYPE-D,DOC,3.28,3.16,Equip-2
CCY-3,2025-12-10,8910211409155,Class 9,Y,157.15,Service Type 4,Doc Type A,A,2025-12-16,MBT,JYN,FN-119,TYPE-B,DOC,13.41,4.49,Equip-1
CCY-4,2025-12-01,4983563277036,Class 2,Y,145.25,Service Type 2,Doc Type A,A,2025-12-17,RZP,KHV,FN-395,TYPE-D,DOC,5.65,4.15,Equip-2
CCY-4,2025-12-14,8752643797975,Class 3,N,91.7,Service Type 3,Doc Type A,A,2025-12-05,QFX,NAB,FN-105,TYPE-D,DOC,23.84,2.62,Equip-1
CCY-1,2025-12-14,8495982634945,Class 1,N,90.65,Service Type 2,Doc Type A,A,2025-12-28,KUV,DPQ,FN-394,TYPE-C,DOC,5.55,2.59,Equip-3
CCY-3,2025-12-19,9049511410108,Class 9,N,124.6,Service Type 2,Doc Type A,A,2025-12-13,HGV,DPQ,FN-508,TYPE-A,DOC,12.07,3.56,Equip-2
CCY-3,2025-12-15,1373926669598,Class 2,Y,159.6,Service Type 4,Doc Type A,A,2025-12-23,RZP,MFP,FN-101,TYPE-B,DOC,9.04,4.56,Equip-3
CCY-2,2025-12-23,1254970751497,Class 7,N,44.1,Service Type 3,Doc Type A,A,2025-12-02,UMK,LNR,FN-101,TYPE-B,DOC,6.43,1.26,Equip-3
CCY-3,2025-12-24,1607319850478,Class 9,Y,25.55,Service Type 3,Doc Type A,A,2025-12-12,KLC,LNR,FN-133,TYPE-D,DOC,17.53,0.73,Equip-1
CCY-2,2025-12-25,4082872740647,Class 1,N,214.2,Service Type 1,Doc Type A,A,2025-12-09,JKS,VQR,FN-118,TYPE-A,DOC,10.98,6.12,Equip-3
CCY-1,2025-12-16,3027587943205,Class 1,Y,65.8,Service Type 1,Doc Type A,A,2025-12-25,UBR,HGV,FN-508,TYPE-C,DOC,11.94,1.88,Equip-3
CCY-3,2025-12-20,6075454223360,Class 7,N,103.25,Service Type 2,Doc Type A,A,2025-12-25,DRW,KLC,FN-118,TYPE-D,DOC,11.71,2.95,Equip-1
CCY-4,2025-12-19,3215299596170,Class 9,N,128.1,Service Type 3,Doc Type A,A,2025-12-18,MBT,HGV,FN-105,TYPE-B,DOC,12.8,3.66,Equip-2
CCY-1,2025-12-30,9412547246330,Class 4,N,164.15,Service Type 3,Doc Type A,A,2025-12-18,UMK,RZP,FN-118,TYPE-A,DOC,6.8,4.69,Equip-3
CCY-3,2025-12-07,0894366647054,Class 8,Y,130.55,Service Type 5,Doc Type A,A,2025-12-19,HGV,SUQ,FN-133,TYPE-A,DOC,13.23,3.73,Equip-1
CCY-1,2025-12-14,9570713080287,Class 9,N,150.15,Service Type 2,Doc Type A,A,2025-12-16,KUV,KHV,FN-117,TYPE-C,DOC,8.86,4.29,Equip-2
CCY-4,2025-12-19,5351717118822,Class 2,Y,114.8,Service Type 1,Doc Type A,A,2025-12-15,KEE,DPQ,FN-117,TYPE-B,DOC,10.71,3.28,Equip-2
CCY-2,2025-12-05,8000195940874,Class 6,Y,70.0,Service Type 2,Doc Type A,A,2025-12-07,SUQ,KSN,FN-118,TYPE-D,DOC,7.33,2.0,Equip-2
CCY-4,2025-12-29,7364140226956,Class 3,Y,89.6,Service Type 5,Doc Type A,A,2025-12-09,KEE,PVS,FN-395,TYPE-C,DOC,15.44,2.56,Equip-3
CCY-1,2025-12-25,8028823988437,Class 8,Y,82.6,Service Type 1,Doc Type A,A,2025-12-03,TPX,KLC,FN-395,TYPE-B,DOC,7.73,2.36,Equip-3
CCY-3,2025-12-29,1753097204868,Class 2,Y,82.95,Service Type 1,Doc Type A,A,2025-12-25,TPX,KSN,FN-118,TYPE-A,DOC,15.49,2.37,Equip-1
CCY-2,2025-12-11,0698321445686,Class 4,Y,105.7,Service Type 3,Doc Type A,A,2025-12-14,KUV,RZP,FN-395,TYPE-D,DOC,11.41,3.02,Equip-1
CCY-1,2025-12-26,1516695539218,Class 2,Y,53.55,Service Type 2,Doc Type A,A,2025-12-31,UMK,SUQ,FN-118,TYPE-D,DOC,2.41,1.53,Equip-2
CCY-1,2025-12-15,8899070773098,Class 4,Y,79.1,Service Type 2,Doc Type A,A,2025-12-06,HGV,GNP,FN-395,TYPE-B,DOC,13.68,2.26,Equip-1
CCY-2,2025-12-04,5234841719322,Class 6,N,138.95,Service Type 1,Doc Type A,A,2025-12-15,TPX,KEE,FN-394,TYPE-A,DOC,17.28,3.97,Equip-3
CCY-4,2025-12-10,1977320360714,Class 9,N,168.7,Service Type 1,Doc Type A,A,2025-12-27,PVS,FUG,FN-119,TYPE-D,DOC,15.6,4.82,Equip-3
CCY-3,2025-12-12,7676314131929,Class 4,Y,127.75,Service Type 2,Doc Type A,A,2025-12-24,KHV,UMK,FN-119,TYPE-C,DOC,11.58,3.65,Equip-3
CCY-1,2025-12-27,0050671566368,Class 6,N,190.75,Service Type 5,Doc Type A,A,2025-12-17,LNR,KUV,FN-101,TYPE-A,DOC,9.08,5.45,Equip-1
CCY-4,2025-12-25,3482904505732,Class 7,N,105.35,Service Type 2,Doc Type A,A,2025-12-02,MBT,TPX,FN-132,TYPE-D,DOC,21.92,3.01,Equip-1
CCY-4,2025-12-05,2370914428845,Class 9,Y,152.6,Service Type 1,Doc Type A,A,2025-12-31,HGV,PVS,FN-133,TYPE-A,DOC,13.93,4.36,Equip-2
CCY-1,2025-12-20,1330772629287,Class 6,Y,81.9,Service Type 3,Doc Type A,A,2025-12-12,RZP,KLC,FN-119,TYPE-B,DOC,11.26,2.34,Equip-3
CCY-3,2025-12-29,8580257699858,Class 4,N,107.8,Service Type 2,Doc Type A,A,2025-12-12,GNP,QFX,FN-105,TYPE-A,DOC,16.37,3.08,Equip-3
CCY-4,2025-12-10,1728855189553,Class 5,N,75.95,Service Type 2,Doc Type A,A,2025-12-09,RZP,UBR,FN-132,TYPE-B,DOC,12.91,2.17,Equip-1
CCY-3,2025-12-06,1461110559794,Class 3,Y,113.4,Service Type 2,Doc Type A,A,2025-12-26,DPQ,GNP,FN-118,TYPE-A,DOC,3.41,3.24,Equip-1
CCY-2,2025-12-14,2898936519565,Class 5,N,96.95,Service Type 4,Doc Type A,A,2025-12-31,QFX,TDX,FN-101,TYPE-B,DOC,16.52,2.77,Equip-2
CCY-4,2025-12-07,9964176570779,Class 5,Y,80.5,Service Type 2,Doc Type A,A,2025-12-01,KLC,YML,FN-101,TYPE-B,DOC,19.18,2.3,Equip-1
CCY-4,2025-12-13,3702169870912,Class 7,N,102.55,Service Type 4,Doc Type A,A,2025-12-04,PVS,GNP,FN-394,TYPE-B,DOC,6.73,2.93,Equip-3
CCY-2,2025-12-16,9713027151332,Class 7,Y,131.95,Service Type 1,Doc Type A,A,2025-12-18,QFX,DRW,FN-394,TYPE-B,DOC,11.59,3.77,Equip-2
CCY-4,2025-12-27,2742086002191,Class 3,N,152.95,Service Type 1,Doc Type A,A,2025-12-13,JYN,LNR,FN-118,TYPE-C,DOC,8.13,4.37,Equip-3
CCY-4,2025-12-28,8824893231748,Class 5,N,103.6,Service Type 3,Doc Type A,A,2025-12-04,ZYR,RZP,FN-132,TYPE-B,DOC,21.83,2.96,Equip-1
CCY-1,2025-12-10,7548806174738,Class 4,N,67.9,Service Type 4,Doc Type A,A,2025-12-20,KUV,DRW,FN-118,TYPE-D,DOC,18.25,1.94,Equip-1
CCY-2,2025-12-30,4499856472553,Class 7,N,141.75,Service Type 3,Doc Type A,A,2025-12-11,GNP,MFP,FN-133,TYPE-A,DOC,17.38,4.05,Equip-2
CCY-2,2025-12-07,3892516913068,Class 4,Y,104.3,Service Type 2,Doc Type A,A,2025-12-20,MBT,KUV,FN-117,TYPE-C,DOC,16.32,2.98,Equip-1
CCY-1,2025-12-07,5907067151525,Class 9,N,82.6,Service Type 2,Doc Type A,A,2025-12-04,JYN,UMK,FN-394,TYPE-A,DOC,2.77,2.36,Equip-1
CCY-1,2025-12-07,2991111827984,Class 1,N,70.7,Service Type 5,Doc Type A,A,2025-12-05,GNP,LNR,FN-394,TYPE-B,DOC,8.87,2.02,Equip-2
CCY-4,2025-12-12,9898920858245,Class 6,Y,90.3,Service Type 2,Doc Type A,A,2025-12-21,KUV,PVS,FN-105,TYPE-D,DOC,12.61,2.58,Equip-1
CCY-4,2025-12-31,3359985751225,Class 4,N,67.9,Service Type 4,Doc Type A,A,2025-12-21,DPQ,FUG,FN-508,TYPE-C,DOC,7.88,1.94,Equip-3
CCY-2,2025-12-22,4104207101563,Class 4,Y,144.2,Service Type 5,Doc Type A,A,2025-12-24,QFX,KHV,FN-101,TYPE-D,DOC,8.42,4.12,Equip-2
CCY-4,2025-12-31,6449322933074,Class 3,Y,87.15,Service Type 2,Doc Type A,A,2025-12-18,KHV,TPX,FN-508,TYPE-B,DOC,8.69,2.49,Equip-1
CCY-1,2025-12-10,9880694406372,Class 2,Y,116.9,Service Type 4,Doc Type A,A,2025-12-14,KUV,KHV,FN-105,TYPE-C,DOC,9.72,3.34,Equip-3
CCY-2,2025-12-06,4963825697169,Class 2,N,1.4,Service Type 3,Doc Type A,A,2025-12-12,JKS,SUQ,FN-118,TYPE-A,DOC,14.28,0.04,Equip-1
CCY-1,2025-12-12,1130010589911,Class 5,N,155.4,Service Type 2,Doc Type A,A,2025-12-10,DRW,FUG,FN-117,TYPE-C,DOC,17.11,4.44,Equip-3
CCY-1,2025-12-31,5613546639073,Class 9,N,71.05,Service Type 3,Doc Type A,A,2025-12-14,HGV,UMK,FN-132,TYPE-D,DOC,6.75,2.03,Equip-1
CCY-1,2025-12-27,1294904012724,Class 2,N,78.4,Service Type 3,Doc Type A,A,2025-12-01,DPQ,SZV,FN-117,TYPE-D,DOC,9.75,2.24,Equip-1
CCY-1,2025-12-15,4549856275777,Class 8,Y,36.75,Service Type 2,Doc Type A,A,2025-12-03,JYN,VQR,FN-395,TYPE-D,DOC,13.12,1.05,Equip-2
CCY-4,2025-12-05,6568372004516,Class 6,N,158.9,Service Type 5,Doc Type A,A,2025-12-03,DRW,KHV,FN-132,TYPE-A,DOC,6.41,4.54,Equip-2
CCY-2,2025-12-15,3350214217219,Class 9,Y,148.4,Service Type 2,Doc Type A,A,2025-12-23,HGV,VQR,FN-394,TYPE-B,DOC,7.36,4.24,Equip-1
CCY-2,2025-12-07,4429071223025,Class 4,Y,41.65,Service Type 1,Doc Type A,A,2025-12-26,UMK,QFX,FN-394,TYPE-B,DOC,13.78,1.19,Equip-1
CCY-3,2025-12-28,8444405137488,Class 8,Y,100.8,Service Type 3,Doc Type A,A,2025-12-11,MFP,QFX,FN-118,TYPE-A,DOC,15.18,2.88,Equip-1
CCY-2,2025-12-28,5294493099823,Class 4,Y,113.4,Service Type 1,Doc Type A,A,2025-12-12,PVS,ZYR,FN-119,TYPE-B,DOC,9.72,3.24,Equip-3
CCY-2,2025-12-08,2018616264560,Class 9,Y,129.85,Service Type 4,Doc Type A,A,2025-12-17,SZV,JKS,FN-394,TYPE-B,DOC,14.37,3.71,Equip-3
CCY-3,2025-12-16,0402274930038,Class 3,N,119.35,Service Type 3,Doc Type A,A,2025-12-08,KSN,JYN,FN-133,TYPE-B,DOC,17.89,3.41,Equip-1
CCY-4,2025-12-21,3703885772603,Class 4,Y,88.55,Service Type 4,Doc Type A,A,2025-12-28,PVS,SUQ,FN-101,TYPE-D,DOC,5.12,2.53,Equip-1
CCY-1,2025-12-26,6702317508105,Class 4,N,130.2,Service Type 2,Doc Type A,A,2025-12-28,PVS,MBT,FN-105,TYPE-D,DOC,26.72,3.72,Equip-1
CCY-4,2025-12-12,2211986447133,Class 5,Y,154.0,Service Type 5,Doc Type A,A,2025-12-04,QFX,MBT,FN-117,TYPE-A,DOC,23.85,4.4,Equip-3
CCY-4,2025-12-25,8606253613818,Class 5,N,115.5,Service Type 5,Doc Type A,A,2025-12-26,MFP,KHV,FN-133,TYPE-D,DOC,13.21,3.3,Equip-2
CCY-1,2025-12-01,9093320762573,Class 2,N,44.1,Service Type 5,Doc Type A,A,2025-12-12,ZYR,KSN,FN-133,TYPE-B,DOC,11.82,1.26,Equip-3
CCY-1,2025-12-29,6915820910036,Class 7,N,147.35,Service Type 3,Doc Type A,A,2025-12-31,NAB,MBT,FN-395,TYPE-A,DOC,12.09,4.21,Equip-3
CCY-4,2025-12-08,3779979315893,Class 7,N,119.35,Service Type 4,Doc Type A,A,2025-12-10,VQR,JKS,FN-395,TYPE-C,DOC,9.0,3.41,Equip-3
CCY-3,2025-12-18,7325744338723,Class 5,Y,73.15,Service Type 3,Doc Type A,A,2025-12-05,KLC,GNP,FN-508,TYPE-B,DOC,16.26,2.09,Equip-3
CCY-1,2025-12-03,9686211375964,Class 9,N,69.3,Service Type 2,Doc Type A,A,2025-12-02,RZP,HGV,FN-133,TYPE-D,DOC,9.74,1.98,Equip-3
CCY-2,2025-12-07,8428182695490,Class 1,Y,59.85,Service Type 1,Doc Type A,A,2025-12-29,ZYR,HGV,FN-119,TYPE-A,DOC,7.89,1.71,Equip-1
CCY-2,2025-12-29,4463302973995,Class 3,N,154.7,Service Type 3,Doc Type A,A,2025-12-02,JKS,YML,FN-119,TYPE-B,DOC,7.5,4.42,Equip-3
CCY-1,2025-12-08,2839068400515,Class 7,Y,109.55,Service Type 5,Doc Type A,A,2025-12-08,JKS,KUV,FN-132,TYPE-A,DOC,7.42,3.13,Equip-1
CCY-3,2025-12-27,9201330342289,Class 6,Y,146.3,Service Type 5,Doc Type A,A,2025-12-22,KEE,JYN,FN-117,TYPE-C,DOC,9.49,4.18,Equip-1
CCY-4,2025-12-11,0948464556990,Class 4,Y,135.1,Service Type 4,Doc Type A,A,2025-12-28,QFX,PVS,FN-132,TYPE-C,DOC,18.56,3.86,Equip-2
CCY-3,2025-12-16,4347975643273,Class 4,Y,96.95,Service Type 5,Doc Type A,A,2025-12-20,JYN,YML,FN-508,TYPE-D,DOC,13.53,2.77,Equip-1
CCY-2,2025-12-06,0611217043796,Class 6,Y,172.9,Service Type 5,Doc Type A,A,2025-12-10,UMK,SZV,FN-119,TYPE-B,DOC,6.04,4.94,Equip-2
CCY-1,2025-12-21,7490978276981,Class 8,Y,128.1,Service Type 4,Doc Type A,A,2025-12-10,QFX,UMK,FN-117,TYPE-A,DOC,8.2,3.66,Equip-3
CCY-4,2025-12-09,3751777842510,Class 9,Y,85.4,Service Type 4,Doc Type A,A,2025-12-11,SUQ,MFP,FN-395,TYPE-D,DOC,17.3,2.44,Equip-3
CCY-1,2025-12-19,6747753162797,Class 1,N,131.6,Service Type 4,Doc Type A,A,2025-12-28,ZYR,KSN,FN-508,TYPE-C,DOC,17.19,3.76,Equip-2
CCY-3,2025-12-02,3289262475366,Class 7,Y,88.55,Service Type 2,Doc Type A,A,2025-12-18,KSN,NAB,FN-508,TYPE-C,DOC,20.64,2.53,Equip-2
CCY-3,2025-12-26,5545117559583,Class 9,Y,87.15,Service Type 1,Doc Type A,A,2025-12-12,YML,KHV,FN-394,TYPE-A,DOC,5.57,2.49,Equip-3
CCY-4,2025-12-10,6295672308554,Class 5,Y,107.1,Service Type 4,Doc Type A,A,2025-12-25,PVS,TPX,FN-118,TYPE-C,DOC,13.04,3.06,Equip-3
CCY-3,2025-12-25,7908876883849,Class 2,N,38.15,Service Type 5,Doc Type A,A,2025-12-16,JYN,LNR,FN-105,TYPE-C,DOC,10.03,1.09,Equip-2
CCY-4,2025-12-24,2894806335186,Class 3,N,173.95,Service Type 3,Doc Type A,A,2025-12-15,KHV,SZV,FN-394,TYPE-A,DOC,14.35,4.97,Equip-3
CCY-4,2025-12-26,7661772002319,Class 4,Y,126.35,Service Type 2,Doc Type A,A,2025-12-02,DRW,KHV,FN-101,TYPE-A,DOC,14.32,3.61,Equip-2
CCY-1,2025-12-27,6244400903722,Class 5,N,119.0,Service Type 2,Doc Type A,A,2025-12-10,NAB,FUG,FN-117,TYPE-C,DOC,14.86,3.4,Equip-1
CCY-4,2025-12-29,9605808230067,Class 3,N,119.0,Service Type 4,Doc Type A,A,2025-12-07,FUG,PVS,FN-508,TYPE-C,DOC,16.66,3.4,Equip-2
CCY-3,2025-12-27,2260817597011,Class 1,Y,77.0,Service Type 3,Doc Type A,A,2025-12-15,NAB,KLC,FN-508,TYPE-C,DOC,10.44,2.2,Equip-3
CCY-1,2025-12-12,1584888258120,Class 3,N,115.85,Service Type 2,Doc Type A,A,2025-12-11,KUV,TPX,FN-395,TYPE-A,DOC,10.76,3.31,Equip-3
CCY-1,2025-12-14,8950657313285,Class 2,N,115.85,Service Type 3,Doc Type A,A,2025-12-05,KSN,UMK,FN-508,TYPE-D,DOC,10.42,3.31,Equip-2
CCY-4,2025-12-14,7719023368287,Class 9,Y,134.05,Service Type 5,Doc Type A,A,2025-12-23,TPX,QFX,FN-508,TYPE-D,DOC,14.2,3.83,Equip-1
CCY-3,2025-12-16,2052917750863,Class 3,N,107.8,Service Type 4,Doc Type A,A,2025-12-23,LNR,TPX,FN-133,TYPE-C,DOC,18.41,3.08,Equip-3
CCY-1,2025-12-06,4098604366899,Class 6,N,92.75,Service Type 1,Doc Type A,A,2025-12-10,DRW,YML,FN-105,TYPE-A,DOC,5.46,2.65,Equip-3
CCY-3,2025-12-14,4231642196346,Class 2,Y,40.6,Service Type 5,Doc Type A,A,2025-12-27,PVS,JYN,FN-394,TYPE-C,DOC,12.22,1.16,Equip-3
CCY-4,2025-12-01,7863812405792,Class 7,Y,109.9,Service Type 3,Doc Type A,A,2025-12-17,MBT,GNP,FN-119,TYPE-D,DOC,18.94,3.14,Equip-2
CCY-1,2025-12-13,1403519573009,Class 8,N,152.95,Service Type 4,Doc Type A,A,2025-12-26,KSN,KLC,FN-132,TYPE-B,DOC,13.91,4.37,Equip-2
CCY-3,2025-12-18,3114506453349,Class 6,N,124.95,Service Type 5,Doc Type A,A,2025-12-05,GNP,JYN,FN-118,TYPE-A,DOC,8.85,3.57,Equip-1
CCY-3,2025-12-20,8646848085228,Class 3,N,98.7,Service Type 5,Doc Type A,A,2025-12-16,JYN,GNP,FN-118,TYPE-B,DOC,11.45,2.82,Equip-1
CCY-2,2025-12-31,9825995511406,Class 9,N,163.45,Service Type 1,Doc Type A,A,2025-12-01,JYN,UBR,FN-101,TYPE-D,DOC,8.14,4.67,Equip-2
CCY-4,2025-12-23,1991201116282,Class 1,N,129.5,Service Type 3,Doc Type A,A,2025-12-24,RZP,TDX,FN-133,TYPE-C,DOC,10.12,3.7,Equip-1
CCY-1,2025-12-21,3970970492210,Class 6,N,146.3,Service Type 1,Doc Type A,A,2025-12-22,SZV,RZP,FN-117,TYPE-A,DOC,2.62,4.18,Equip-3
CCY-4,2025-12-23,5254707883599,Class 5,N,108.5,Service Type 4,Doc Type A,A,2025-12-05,HGV,TPX,FN-132,TYPE-A,DOC,17.26,3.1,Equip-1
CCY-2,2025-12-01,8655099070194,Class 4,Y,119.0,Service Type 3,Doc Type A,A,2025-12-21,KHV,YML,FN-395,TYPE-C,DOC,10.87,3.4,Equip-2
CCY-2,2025-12-29,4415136124036,Class 1,Y,43.4,Service Type 2,Doc Type A,A,2025-12-16,KSN,KLC,FN-395,TYPE-B,DOC,23.44,1.24,Equip-2
CCY-1,2025-12-16,6024026356887,Class 6,N,73.15,Service Type 2,Doc Type A,A,2025-12-19,KEE,RZP,FN-508,TYPE-A,DOC,15.91,2.09,Equip-1
CCY-4,2025-12-05,9169670832387,Class 9,Y,96.25,Service Type 3,Doc Type A,A,2025-12-01,FUG,DPQ,FN-395,TYPE-B,DOC,11.9,2.75,Equip-3
CCY-1,2025-12-03,7047640038160,Class 7,Y,104.65,Service Type 2,Doc Type A,A,2025-12-05,TDX,FUG,FN-133,TYPE-A,DOC,9.86,2.99,Equip-1
CCY-2,2025-12-31,7495688968273,Class 5,N,141.05,Service Type 1,Doc Type A,A,2025-12-15,UMK,DRW,FN-117,TYPE-C,DOC,6.33,4.03,Equip-2
CCY-4,2025-12-19,8968620550672,Class 9,Y,123.9,Service Type 2,Doc Type A,A,2025-12-13,JKS,NAB,FN-101,TYPE-B,DOC,3.03,3.54,Equip-2
CCY-2,2025-12-19,1998627702874,Class 9,Y,64.05,Service Type 5,Doc Type A,A,2025-12-23,JKS,DRW,FN-117,TYPE-B,DOC,10.37,1.83,Equip-1
CCY-1,2025-12-22,9799123065533,Class 6,Y,50.4,Service Type 4,Doc Type A,A,2025-12-29,MFP,DRW,FN-118,TYPE-D,DOC,13.01,1.44,Equip-3
CCY-4,2025-12-18,4671947143951,Class 7,Y,55.3,Service Type 4,Doc Type A,A,2025-12-06,TDX,DPQ,FN-118,TYPE-A,DOC,12.2,1.58,Equip-2
CCY-3,2025-12-15,7231333614345,Class 7,N,72.8,Service Type 5,Doc Type A,A,2025-12-24,JYN,MBT,FN-133,TYPE-D,DOC,14.31,2.08,Equip-1
CCY-3,2025-12-07,9573033416046,Class 3,Y,115.15,Service Type 4,Doc Type A,A,2025-12-02,TPX,KSN,FN-508,TYPE-C,DOC,9.75,3.29,Equip-1
CCY-3,2025-12-05,7552635405701,Class 4,N,102.9,Service Type 2,Doc Type A,A,2025-12-06,KSN,KUV,FN-118,TYPE-B,DOC,8.14,2.94,Equip-3
CCY-3,2025-12-23,5715966991498,Class 3,N,127.05,Service Type 1,Doc Type A,A,2025-12-09,TPX,HGV,FN-133,TYPE-A,DOC,4.43,3.63,Equip-2
CCY-1,2025-12-07,2714711856306,Class 1,N,202.65,Service Type 4,Doc Type A,A,2025-12-21,YML,LNR,FN-105,TYPE-B,DOC,20.82,5.79,Equip-1
CCY-2,2025-12-28,9887466835161,Class 3,Y,132.65,Service Type 3,Doc Type A,A,2025-12-27,JKS,YML,FN-133,TYPE-A,DOC,12.46,3.79,Equip-1
CCY-4,2025-12-07,3930906582283,Class 1,Y,157.5,Service Type 5,Doc Type A,A,2025-12-26,MBT,QFX,FN-118,TYPE-D,DOC,3.1,4.5,Equip-1
CCY-1,2025-12-18,6955961689149,Class 1,Y,88.2,Service Type 1,Doc Type A,A,2025-12-06,TDX,GNP,FN-101,TYPE-B,DOC,15.88,2.52,Equip-3
CCY-2,2025-12-22,7363656756965,Class 5,Y,96.25,Service Type 1,Doc Type A,A,2025-12-19,TPX,KEE,FN-132,TYPE-B,DOC,18.19,2.75,Equip-1
CCY-3,2025-12-01,4465670162998,Class 9,N,121.8,Service Type 5,Doc Type A,A,2025-12-10,ZYR,TPX,FN-508,TYPE-A,DOC,9.71,3.48,Equip-2
CCY-3,2025-12-19,1441686052573,Class 5,N,140.7,Service Type 1,Doc Type A,A,2025-12-07,MFP,PVS,FN-101,TYPE-B,DOC,6.68,4.02,Equip-3
CCY-3,2025-12-09,9009154221843,Class 3,Y,68.25,Service Type 1,Doc Type A,A,2025-12-16,RZP,QFX,FN-118,TYPE-D,DOC,6.72,1.95,Equip-2
CCY-3,2025-12-07,4010749025735,Class 8,Y,131.6,Service Type 5,Doc Type A,A,2025-12-26,SZV,KHV,FN-101,TYPE-C,DOC,7.45,3.76,Equip-2
CCY-3,2025-12-14,4932516499874,Class 3,N,57.75,Service Type 1,Doc Type A,A,2025-12-29,UBR,ZYR,FN-105,TYPE-D,DOC,8.92,1.65,Equip-3
CCY-2,2025-12-28,9858798066655,Class 3,N,103.95,Service Type 5,Doc Type A,A,2025-12-18,JKS,MFP,FN-132,TYPE-B,DOC,8.97,2.97,Equip-1
CCY-4,2025-12-18,6730400095365,Class 7,N,64.75,Service Type 2,Doc Type A,A,2025-12-16,JYN,TDX,FN-117,TYPE-B,DOC,6.1,1.85,Equip-2
CCY-4,2025-12-13,1288441425336,Class 1,Y,74.9,Service Type 5,Doc Type A,A,2025-12-28,GNP,KUV,FN-133,TYPE-A,DOC,22.56,2.14,Equip-3
CCY-4,2025-12-16,5787359446342,Class 9,N,92.05,Service Type 2,Doc Type A,A,2025-12-12,VQR,GNP,FN-394,TYPE-C,DOC,10.38,2.63,Equip-2
CCY-4,2025-12-29,6527359655289,Class 9,Y,126.7,Service Type 1,Doc Type A,A,2025-12-03,QFX,FUG,FN-394,TYPE-D,DOC,9.89,3.62,Equip-3
CCY-4,2025-12-28,6715630759257,Class 8,N,94.15,Service Type 4,Doc Type A,A,2025-12-13,MFP,KLC,FN-395,TYPE-A,DOC,16.74,2.69,Equip-1
CCY-1,2025-12-06,7313726512558,Class 6,N,149.45,Service Type 5,Doc Type A,A,2025-12-19,MFP,KUV,FN-117,TYPE-C,DOC,5.82,4.27,Equip-1
CCY-1,2025-12-06,1199064369779,Class 5,N,165.55,Service Type 4,Doc Type A,A,2025-12-22,JYN,UMK,FN-394,TYPE-C,DOC,11.52,4.73,Equip-3
CCY-1,2025-12-28,5031827369219,Class 2,N,112.0,Service Type 4,Doc Type A,A,2025-12-23,JKS,HGV,FN-394,TYPE-A,DOC,0.77,3.2,Equip-1
CCY-4,2025-12-27,9479380283927,Class 9,Y,92.75,Service Type 4,Doc Type A,A,2025-12-17,GNP,KLC,FN-508,TYPE-C,DOC,21.59,2.65,Equip-3
CCY-4,2025-12-29,9030045129799,Class 2,N,115.5,Service Type 4,Doc Type A,A,2025-12-03,JKS,LNR,FN-133,TYPE-A,DOC,10.87,3.3,Equip-1
CCY-1,2025-12-17,1107355278451,Class 3,N,94.15,Service Type 1,Doc Type A,A,2025-12-01,LNR,FUG,FN-132,TYPE-B,DOC,9.21,2.69,Equip-3
CCY-2,2025-12-10,9877894156797,Class 9,Y,82.95,Service Type 5,Doc Type A,A,2025-12-14,GNP,KHV,FN-395,TYPE-C,DOC,10.31,2.37,Equip-2
CCY-3,2025-12-23,9967233461789,Class 2,N,121.1,Service Type 4,Doc Type A,A,2025-12-03,UBR,QFX,FN-101,TYPE-B,DOC,18.14,3.46,Equip-1
CCY-4,2025-12-09,1189474717993,Class 9,N,133.35,Service Type 5,Doc Type A,A,2025-12-09,DRW,LNR,FN-395,TYPE-D,DOC,13.25,3.81,Equip-3
CCY-2,2025-12-18,2469871685513,Class 2,Y,78.05,Service Type 4,Doc Type A,A,2025-12-21,UBR,KUV,FN-394,TYPE-B,DOC,10.68,2.23,Equip-1
CCY-2,2025-12-26,8159043612915,Class 2,N,105.0,Service Type 2,Doc Type A,A,2025-12-20,NAB,DPQ,FN-118,TYPE-C,DOC,8.99,3.0,Equip-1
CCY-3,2025-12-23,8913089817911,Class 6,N,87.5,Service Type 2,Doc Type A,A,2025-12-26,HGV,JKS,FN-118,TYPE-B,DOC,6.7,2.5,Equip-2
CCY-4,2025-12-16,4167123988913,Class 8,N,179.2,Service Type 5,Doc Type A,A,2025-12-18,JYN,FUG,FN-394,TYPE-D,DOC,9.42,5.12,Equip-1
CCY-2,2025-12-27,7243675235637,Class 2,Y,98.7,Service Type 5,Doc Type A,A,2025-12-22,MFP,UMK,FN-508,TYPE-D,DOC,1.87,2.82,Equip-1
CCY-3,2025-12-24,6130852471953,Class 6,Y,109.2,Service Type 1,Doc Type A,A,2025-12-24,DRW,DPQ,FN-394,TYPE-D,DOC,20.63,3.12,Equip-1
CCY-1,2025-12-17,7163457848399,Class 8,N,108.5,Service Type 1,Doc Type A,A,2025-12-07,DPQ,SZV,FN-132,TYPE-B,DOC,15.77,3.1,Equip-1
CCY-2,2025-12-07,4692978370124,Class 8,Y,26.6,Service Type 1,Doc Type A,A,2025-12-27,MFP,KHV,FN-105,TYPE-A,DOC,8.66,0.76,Equip-1
CCY-2,2025-12-08,1129797445276,Class 7,N,77.7,Service Type 2,Doc Type A,A,2025-12-21,GNP,JYN,FN-118,TYPE-B,DOC,13.03,2.22,Equip-3
CCY-4,2025-12-14,6378831306671,Class 3,Y,87.5,Service Type 4,Doc Type A,A,2025-12-18,JKS,DRW,FN-133,TYPE-C,DOC,8.0,2.5,Equip-1
CCY-2,2025-12-25,6454827395481,Class 7,N,189.0,Service Type 1,Doc Type A,A,2025-12-09,DRW,VQR,FN-508,TYPE-D,DOC,20.72,5.4,Equip-3
CCY-2,2025-12-24,9682924590947,Class 3,Y,88.9,Service Type 3,Doc Type A,A,2025-12-28,YML,KEE,FN-132,TYPE-D,DOC,13.09,2.54,Equip-1
CCY-3,2025-12-05,5888582124023,Class 9,Y,121.45,Service Type 3,Doc Type A,A,2025-12-01,QFX,SZV,FN-118,TYPE-A,DOC,6.11,3.47,Equip-3
CCY-2,2025-12-03,3312568096348,Class 4,N,96.25,Service Type 3,Doc Type A,A,2025-12-19,VQR,ZYR,FN-118,TYPE-C,DOC,20.91,2.75,Equip-3
CCY-3,2025-12-29,7017278539874,Class 6,N,128.45,Service Type 2,Doc Type A,A,2025-12-27,KHV,HGV,FN-133,TYPE-C,DOC,0.11,3.67,Equip-1
CCY-2,2025-12-18,6401810129002,Class 2,Y,49.35,Service Type 4,Doc Type A,A,2025-12-19,UMK,RZP,FN-133,TYPE-B,DOC,16.93,1.41,Equip-2
CCY-1,2025-12-05,0510932821252,Class 9,N,120.75,Service Type 3,Doc Type A,A,2025-12-06,KLC,RZP,FN-101,TYPE-B,DOC,12.88,3.45,Equip-3
CCY-2,2025-12-11,2833882855786,Class 8,N,77.35,Service Type 2,Doc Type A,A,2025-12-24,GNP,KSN,FN-101,TYPE-B,DOC,11.63,2.21,Equip-1
CCY-3,2025-12-19,8860000046835,Class 3,N,91.0,Service Type 1,Doc Type A,A,2025-12-21,DPQ,MFP,FN-132,TYPE-A,DOC,17.08,2.6,Equip-2
CCY-2,2025-12-23,3357019165092,Class 9,Y,33.25,Service Type 4,Doc Type A,A,2025-12-27,UBR,PVS,FN-132,TYPE-A,DOC,4.57,0.95,Equip-2
CCY-1,2025-12-04,2740129676424,Class 6,N,126.7,Service Type 4,Doc Type A,A,2025-12-14,QFX,ZYR,FN-394,TYPE-A,DOC,18.3,3.62,Equip-3
CCY-2,2025-12-27,4782213258807,Class 7,Y,89.6,Service Type 2,Doc Type A,A,2025-12-19,QFX,MFP,FN-117,TYPE-D,DOC,12.44,2.56,Equip-1
CCY-3,2025-12-25,3661211237928,Class 2,N,67.2,Service Type 5,Doc Type A,A,2025-12-02,UBR,HGV,FN-117,TYPE-B,DOC,9.36,1.92,Equip-3
CCY-3,2025-12-24,8747441240438,Class 5,Y,30.8,Service Type 5,Doc Type A,A,2025-12-31,GNP,DRW,FN-395,TYPE-B,DOC,9.84,0.88,Equip-1
CCY-1,2025-12-03,5827024528592,Class 4,N,94.15,Service Type 3,Doc Type A,A,2025-12-14,DPQ,PVS,FN-119,TYPE-B,DOC,8.32,2.69,Equip-1
CCY-3,2025-12-16,0117239631901,Class 1,N,103.6,Service Type 4,Doc Type A,A,2025-12-05,KSN,RZP,FN-119,TYPE-D,DOC,15.05,2.96,Equip-3
CCY-4,2025-12-04,2301674302120,Class 7,N,152.25,Service Type 2,Doc Type A,A,2025-12-06,PVS,UBR,FN-133,TYPE-D,DOC,15.97,4.35,Equip-1
CCY-3,2025-12-17,3286464126630,Class 6,N,121.45,Service Type 5,Doc Type A,A,2025-12-21,MBT,PVS,FN-119,TYPE-B,DOC,17.29,3.47,Equip-3
CCY-2,2025-12-03,7773649335468,Class 2,N,70.7,Service Type 3,Doc Type A,A,2025-12-27,QFX,JYN,FN-132,TYPE-D,DOC,12.06,2.02,Equip-3
CCY-4,2025-12-21,8066866096850,Class 8,N,163.8,Service Type 4,Doc Type A,A,2025-12-31,NAB,VQR,FN-133,TYPE-B,DOC,15.7,4.68,Equip-3
CCY-2,2025-12-08,3884101795804,Class 6,N,172.2,Service Type 4,Doc Type A,A,2025-12-02,KLC,SUQ,FN-119,TYPE-C,DOC,13.71,4.92,Equip-2
CCY-2,2025-12-22,8025557817946,Class 4,Y,64.75,Service Type 5,Doc Type A,A,2025-12-12,KHV,JKS,FN-105,TYPE-C,DOC,4.37,1.85,Equip-3
CCY-3,2025-12-15,0237561904244,Class 7,Y,114.1,Service Type 3,Doc Type A,A,2025-12-24,UBR,ZYR,FN-105,TYPE-D,DOC,16.28,3.26,Equip-3
CCY-3,2025-12-19,7489958396048,Class 4,Y,104.3,Service Type 5,Doc Type A,A,2025-12-05,TPX,LNR,FN-105,TYPE-A,DOC,18.57,2.98,Equip-3
CCY-3,2025-12-17,5061879963440,Class 7,Y,97.65,Service Type 5,Doc Type A,A,2025-12-18,DPQ,YML,FN-117,TYPE-C,DOC,7.66,2.79,Equip-2
CCY-2,2025-12-21,2297830991792,Class 3,Y,65.45,Service Type 5,Doc Type A,A,2025-12-18,HGV,MBT,FN-508,TYPE-A,DOC,4.34,1.87,Equip-3
CCY-3,2025-12-28,3277770550371,Class 9,Y,135.45,Service Type 5,Doc Type A,A,2025-12-13,GNP,PVS,FN-117,TYPE-C,DOC,16.86,3.87,Equip-3
CCY-4,2025-12-22,5905349757445,Class 2,Y,44.8,Service Type 1,Doc Type A,A,2025-12-21,LNR,UBR,FN-132,TYPE-C,DOC,13.82,1.28,Equip-2
CCY-3,2025-12-30,6232179140186,Class 5,Y,62.3,Service Type 3,Doc Type A,A,2025-12-24,PVS,UMK,FN-394,TYPE-A,DOC,10.21,1.78,Equip-2
CCY-1,2025-12-31,2972720294554,Class 7,N,84.7,Service Type 2,Doc Type A,A,2025-12-14,KSN,LNR,FN-105,TYPE-C,DOC,17.88,2.42,Equip-1
CCY-2,2025-12-30,9417572308961,Class 3,N,106.05,Service Type 5,Doc Type A,A,2025-12-10,UMK,TDX,FN-118,TYPE-D,DOC,6.57,3.03,Equip-2
CCY-1,2025-12-15,3723423823892,Class 6,N,156.8,Service Type 3,Doc Type A,A,2025-12-18,KUV,PVS,FN-118,TYPE-D,DOC,8.8,4.48,Equip-2
CCY-2,2025-12-16,6828742594373,Class 6,Y,56.0,Service Type 5,Doc Type A,A,2025-12-03,DPQ,SZV,FN-132,TYPE-A,DOC,8.33,1.6,Equip-3
CCY-3,2025-12-16,6627387248863,Class 6,Y,103.95,Service Type 2,Doc Type A,A,2025-12-04,KUV,UMK,FN-133,TYPE-B,DOC,1.24,2.97,Equip-1
CCY-2,2025-12-13,1432699537688,Class 3,N,54.95,Service Type 1,Doc Type A,A,2025-12-20,LNR,PVS,FN-105,TYPE-C,DOC,9.19,1.57,Equip-3
CCY-2,2025-12-28,2954703489931,Class 3,N,128.45,Service Type 3,Doc Type A,A,2025-12-20,MFP,YML,FN-508,TYPE-B,DOC,17.95,3.67,Equip-3
CCY-2,2025-12-29,1744945986739,Class 3,Y,152.6,Service Type 1,Doc Type A,A,2025-12-05,KUV,MBT,FN-105,TYPE-D,DOC,11.86,4.36,Equip-1
CCY-2,2025-12-24,0010292718229,Class 1,N,76.3,Service Type 3,Doc Type A,A,2025-12-13,GNP,ZYR,FN-394,TYPE-C,DOC,15.31,2.18,Equip-1
CCY-1,2025-12-28,4612247141167,Class 4,N,133.7,Service Type 3,Doc Type A,A,2025-12-11,LNR,PVS,FN-101,TYPE-D,DOC,6.8,3.82,Equip-2
CCY-1,2025-12-31,4611776969391,Class 2,Y,110.95,Service Type 5,Doc Type A,A,2025-12-18,DPQ,UBR,FN-508,TYPE-B,DOC,13.98,3.17,Equip-3
CCY-4,2025-12-28,3952736741304,Class 6,Y,126.35,Service Type 3,Doc Type A,A,2025-12-15,TPX,RZP,FN-118,TYPE-C,DOC,7.77,3.61,Equip-1
CCY-3,2025-12-07,8373900713659,Class 2,Y,101.5,Service Type 4,Doc Type A,A,2025-12-04,DPQ,SZV,FN-395,TYPE-B,DOC,8.22,2.9,Equip-2
CCY-3,2025-12-20,6944710792359,Class 6,N,81.9,Service Type 1,Doc Type A,A,2025-12-02,MFP,PVS,FN-394,TYPE-B,DOC,19.23,2.34,Equip-2
CCY-3,2025-12-15,0278929214762,Class 3,Y,68.25,Service Type 3,Doc Type A,A,2025-12-06,KHV,UMK,FN-395,TYPE-A,DOC,4.14,1.95,Equip-1
CCY-1,2025-12-28,8461759265993,Class 9,N,113.75,Service Type 5,Doc Type A,A,2025-12-18,YML,TPX,FN-395,TYPE-C,DOC,16.97,3.25,Equip-3
CCY-2,2025-12-18,1889667271850,Class 9,Y,87.15,Service Type 3,Doc Type A,A,2025-12-14,VQR,TPX,FN-119,TYPE-C,DOC,11.36,2.49,Equip-3
CCY-1,2025-12-12,7916339282981,Class 2,N,75.25,Service Type 2,Doc Type A,A,2025-12-09,FUG,VQR,FN-119,TYPE-A,DOC,14.43,2.15,Equip-3
CCY-1,2025-12-23,8038650306665,Class 6,N,79.45,Service Type 3,Doc Type A,A,2025-12-04,KUV,YML,FN-395,TYPE-C,DOC,13.53,2.27,Equip-3
CCY-2,2025-12-17,1490066632258,Class 2,N,82.6,Service Type 1,Doc Type A,A,2025-12-25,MFP,QFX,FN-117,TYPE-B,DOC,7.51,2.36,Equip-1
CCY-4,2025-12-19,9450549522249,Class 9,N,103.25,Service Type 4,Doc Type A,A,2025-12-30,SZV,LNR,FN-508,TYPE-C,DOC,10.12,2.95,Equip-1
CCY-3,2025-12-22,8592775130937,Class 4,Y,24.15,Service Type 5,Doc Type A,A,2025-12-16,QFX,KEE,FN-117,TYPE-A,DOC,13.18,0.69,Equip-3
CCY-2,2025-12-22,2680814635506,Class 7,N,91.35,Service Type 3,Doc Type A,A,2025-12-10,TDX,FUG,FN-101,TYPE-D,DOC,7.96,2.61,Equip-3
CCY-4,2025-12-31,0571132723566,Class 3,N,67.2,Service Type 4,Doc Type A,A,2025-12-18,YML,JYN,FN-119,TYPE-B,DOC,19.53,1.92,Equip-3
CCY-4,2025-12-17,4456552013320,Class 6,N,157.5,Service Type 2,Doc Type A,A,2025-12-15,KSN,KUV,FN-105,TYPE-C,DOC,12.81,4.5,Equip-1
CCY-1,2025-12-29,7127771910164,Class 7,Y,118.65,Service Type 5,Doc Type A,A,2025-12-05,JKS,SUQ,FN-395,TYPE-B,DOC,5.44,3.39,Equip-1
CCY-2,2025-12-15,2657552932767,Class 4,Y,87.5,Service Type 1,Doc Type A,A,2025-12-06,HGV,MFP,FN-117,TYPE-B,DOC,7.99,2.5,Equip-1
CCY-3,2025-12-25,1116088621649,Class 5,Y,79.45,Service Type 1,Doc Type A,A,2025-12-31,VQR,TDX,FN-117,TYPE-D,DOC,7.98,2.27,Equip-3
CCY-2,2025-12-06,5244853172682,Class 2,N,134.4,Service Type 3,Doc Type A,A,2025-12-14,KSN,GNP,FN-394,TYPE-A,DOC,25.61,3.84,Equip-3
CCY-1,2025-12-06,4844171544396,Class 2,Y,122.15,Service Type 4,Doc Type A,A,2025-12-23,QFX,KEE,FN-395,TYPE-B,DOC,17.51,3.49,Equip-1
CCY-2,2025-12-09,9937269951913,Class 3,Y,118.65,Service Type 3,Doc Type A,A,2025-12-17,NAB,QFX,FN-132,TYPE-B,DOC,3.97,3.39,Equip-2
CCY-3,2025-12-17,0482764233693,Class 1,Y,75.25,Service Type 3,Doc Type A,A,2025-12-24,UMK,MFP,FN-394,TYPE-B,DOC,17.36,2.15,Equip-1
CCY-1,2025-12-20,1257378210567,Class 4,Y,129.5,Service Type 5,Doc Type A,A,2025-12-29,KEE,VQR,FN-101,TYPE-D,DOC,16.83,3.7,Equip-2
CCY-3,2025-12-14,7055343535650,Class 3,N,90.3,Service Type 4,Doc Type A,A,2025-12-03,NAB,QFX,FN-132,TYPE-B,DOC,21.26,2.58,Equip-3
CCY-3,2025-12-11,7404499271108,Class 4,N,92.4,Service Type 5,Doc Type A,A,2025-12-02,UMK,SUQ,FN-395,TYPE-D,DOC,6.51,2.64,Equip-3
CCY-1,2025-12-09,1865673856488,Class 1,Y,40.95,Service Type 1,Doc Type A,A,2025-12-22,HGV,DPQ,FN-117,TYPE-C,DOC,19.18,1.17,Equip-3
CCY-1,2025-12-11,3215963604024,Class 6,Y,108.15,Service Type 4,Doc Type A,A,2025-12-29,JYN,RZP,FN-105,TYPE-C,DOC,1.66,3.09,Equip-3
CCY-3,2025-12-05,8315338960105,Class 3,Y,105.35,Service Type 2,Doc Type A,A,2025-12-15,UMK,MFP,FN-132,TYPE-B,DOC,9.79,3.01,Equip-2
CCY-3,2025-12-27,8756744363225,Class 1,Y,85.75,Service Type 2,Doc Type A,A,2025-12-23,MFP,MBT,FN-118,TYPE-D,DOC,16.73,2.45,Equip-2
CCY-1,2025-12-16,3226571141873,Class 5,N,176.4,Service Type 4,Doc Type A,A,2025-12-15,LNR,GNP,FN-395,TYPE-C,DOC,2.63,5.04,Equip-1
CCY-4,2025-12-20,8436201711142,Class 4,Y,67.9,Service Type 5,Doc Type A,A,2025-12-03,KLC,NAB,FN-395,TYPE-B,DOC,7.01,1.94,Equip-3
CCY-4,2025-12-05,6034631789023,Class 7,N,91.7,Service Type 2,Doc Type A,A,2025-12-21,KUV,TPX,FN-508,TYPE-D,DOC,17.52,2.62,Equip-1
CCY-4,2025-12-20,1787001745388,Class 4,Y,121.8,Service Type 2,Doc Type A,A,2025-12-30,UBR,MBT,FN-105,TYPE-D,DOC,11.68,3.48,Equip-2
CCY-2,2025-12-08,1643035901818,Class 2,Y,93.45,Service Type 2,Doc Type A,A,2025-12-31,KEE,QFX,FN-105,TYPE-A,DOC,17.42,2.67,Equip-2
CCY-3,2025-12-29,3812044697955,Class 4,N,30.1,Service Type 4,Doc Type A,A,2025-12-11,FUG,JKS,FN-118,TYPE-C,DOC,19.6,0.86,Equip-2
CCY-1,2025-12-27,8085954486348,Class 8,Y,75.6,Service Type 5,Doc Type A,A,2025-12-08,KUV,JKS,FN-117,TYPE-C,DOC,15.8,2.16,Equip-1
CCY-1,2025-12-30,8109984527619,Class 9,Y,109.9,Service Type 2,Doc Type A,A,2025-12-09,KLC,HGV,FN-117,TYPE-D,DOC,18.86,3.14,Equip-2
CCY-1,2025-12-24,8424350481485,Class 4,N,128.1,Service Type 5,Doc Type A,A,2025-12-07,DRW,UMK,FN-105,TYPE-C,DOC,8.64,3.66,Equip-3
CCY-2,2025-12-09,7372577306385,Class 6,N,127.4,Service Type 1,Doc Type A,A,2025-12-22,JKS,UMK,FN-508,TYPE-A,DOC,16.47,3.64,Equip-3
CCY-2,2025-12-21,4258797726257,Class 7,Y,88.2,Service Type 2,Doc Type A,A,2025-12-19,FUG,KLC,FN-394,TYPE-B,DOC,6.85,2.52,Equip-2
CCY-1,2025-12-18,2455372420092,Class 7,N,103.6,Service Type 2,Doc Type A,A,2025-12-18,GNP,RZP,FN-101,TYPE-D,DOC,11.98,2.96,Equip-1
CCY-4,2025-12-03,8815858227935,Class 7,Y,34.65,Service Type 3,Doc Type A,A,2025-12-12,LNR,SUQ,FN-508,TYPE-A,DOC,15.75,0.99,Equip-2
CCY-2,2025-12-09,9670973893911,Class 3,Y,94.85,Service Type 1,Doc Type A,A,2025-12-01,NAB,TDX,FN-105,TYPE-A,DOC,13.67,2.71,Equip-1
CCY-1,2025-12-12,2063572434404,Class 9,Y,79.1,Service Type 2,Doc Type A,A,2025-12-29,JYN,SZV,FN-105,TYPE-D,DOC,7.81,2.26,Equip-2
CCY-4,2025-12-10,4722764391172,Class 3,Y,21.0,Service Type 4,Doc Type A,A,2025-12-11,JKS,FUG,FN-105,TYPE-B,DOC,10.93,0.6,Equip-3
CCY-4,2025-12-01,4859593897872,Class 7,Y,74.2,Service Type 5,Doc Type A,A,2025-12-28,MFP,TPX,FN-133,TYPE-D,DOC,8.49,2.12,Equip-3
CCY-4,2025-12-17,7754118476297,Class 5,N,76.65,Service Type 5,Doc Type A,A,2025-12-15,KSN,SUQ,FN-508,TYPE-A,DOC,14.66,2.19,Equip-2
CCY-4,2025-12-26,1027630901573,Class 1,N,158.9,Service Type 3,Doc Type A,A,2025-12-05,SUQ,YML,FN-119,TYPE-A,DOC,10.92,4.54,Equip-3
CCY-3,2025-12-22,3757467665420,Class 9,N,136.5,Service Type 4,Doc Type A,A,2025-12-13,YML,DRW,FN-118,TYPE-C,DOC,16.97,3.9,Equip-1
CCY-4,2025-12-07,1814421020901,Class 7,N,123.9,Service Type 3,Doc Type A,A,2025-12-27,ZYR,FUG,FN-118,TYPE-B,DOC,9.5,3.54,Equip-2
CCY-2,2025-12-11,3858240685889,Class 4,Y,98.0,Service Type 2,Doc Type A,A,2025-12-11,KHV,KSN,FN-117,TYPE-C,DOC,10.83,2.8,Equip-2
CCY-3,2025-12-15,0217702538369,Class 8,N,84.0,Service Type 5,Doc Type A,A,2025-12-04,JKS,KHV,FN-101,TYPE-B,DOC,14.05,2.4,Equip-3
CCY-1,2025-12-18,9695825174914,Class 6,N,99.4,Service Type 5,Doc Type A,A,2025-12-26,QFX,SZV,FN-117,TYPE-C,DOC,19.47,2.84,Equip-1
CCY-4,2025-12-01,5811952361377,Class 6,Y,156.1,Service Type 3,Doc Type A,A,2025-12-06,SUQ,TDX,FN-118,TYPE-C,DOC,15.09,4.46,Equip-3
CCY-2,2025-12-29,5368586433114,Class 6,Y,55.65,Service Type 5,Doc Type A,A,2025-12-23,KUV,KSN,FN-117,TYPE-A,DOC,17.16,1.59,Equip-3
CCY-4,2025-12-02,8395406351609,Class 9,N,134.75,Service Type 1,Doc Type A,A,2025-12-21,SZV,LNR,FN-118,TYPE-C,DOC,14.22,3.85,Equip-3
CCY-2,2025-12-02,3860655128121,Class 9,N,66.15,Service Type 1,Doc Type A,A,2025-12-16,UMK,VQR,FN-133,TYPE-D,DOC,16.46,1.89,Equip-2
CCY-1,2025-12-10,9078243361606,Class 4,Y,139.65,Service Type 2,Doc Type A,A,2025-12-12,JYN,KHV,FN-395,TYPE-B,DOC,8.71,3.99,Equip-2
CCY-4,2025-12-26,8240638346611,Class 8,N,94.5,Service Type 5,Doc Type A,A,2025-12-27,SZV,SUQ,FN-132,TYPE-B,DOC,8.19,2.7,Equip-3
CCY-4,2025-12-19,8976443312547,Class 6,N,103.25,Service Type 1,Doc Type A,A,2025-12-18,ZYR,KLC,FN-101,TYPE-A,DOC,19.88,2.95,Equip-2
CCY-4,2025-12-13,2241419810250,Class 8,N,74.2,Service Type 2,Doc Type A,A,2025-12-15,RZP,JYN,FN-119,TYPE-B,DOC,8.37,2.12,Equip-2
CCY-2,2025-12-25,0672382781469,Class 7,N,58.45,Service Type 4,Doc Type A,A,2025-12-16,KEE,MFP,FN-105,TYPE-C,DOC,13.66,1.67,Equip-3
CCY-4,2025-12-10,8878873812946,Class 6,N,116.55,Service Type 4,Doc Type A,A,2025-12-30,GNP,JYN,FN-101,TYPE-B,DOC,10.76,3.33,Equip-2
CCY-2,2025-12-29,4690259681664,Class 1,Y,128.45,Service Type 4,Doc Type A,A,2025-12-09,MBT,YML,FN-395,TYPE-A,DOC,18.5,3.67,Equip-3
CCY-1,2025-12-23,3028783320671,Class 5,N,146.3,Service Type 4,Doc Type A,A,2025-12-21,KHV,FUG,FN-101,TYPE-B,DOC,8.43,4.18,Equip-1
CCY-4,2025-12-25,9132147525284,Class 4,N,61.6,Service Type 2,Doc Type A,A,2025-12-28,QFX,GNP,FN-117,TYPE-B,DOC,10.5,1.76,Equip-1
CCY-1,2025-12-22,5075780479941,Class 3,N,155.4,Service Type 3,Doc Type A,A,2025-12-05,KSN,LNR,FN-395,TYPE-D,DOC,11.14,4.44,Equip-3
CCY-3,2025-12-24,3268667901686,Class 2,Y,105.35,Service Type 3,Doc Type A,A,2025-12-15,ZYR,FUG,FN-133,TYPE-B,DOC,12.83,3.01,Equip-1
CCY-3,2025-12-25,7119526653306,Class 8,N,54.95,Service Type 2,Doc Type A,A,2025-12-20,JKS,KSN,FN-132,TYPE-C,DOC,20.19,1.57,Equip-2
CCY-3,2025-12-12,6825427718551,Class 7,N,48.3,Service Type 4,Doc Type A,A,2025-12-02,LNR,SUQ,FN-101,TYPE-A,DOC,5.57,1.38,Equip-3
CCY-3,2025-12-12,6480356761156,Class 5,Y,110.95,Service Type 3,Doc Type A,A,2025-12-18,UMK,VQR,FN-394,TYPE-B,DOC,13.86,3.17,Equip-2
CCY-2,2025-12-12,3861817314309,Class 1,Y,113.4,Service Type 1,Doc Type A,A,2025-12-13,JKS,KHV,FN-395,TYPE-A,DOC,19.71,3.24,Equip-3
CCY-1,2025-12-05,4897137388724,Class 1,Y,105.0,Service Type 2,Doc Type A,A,2025-12-10,DRW,UBR,FN-119,TYPE-B,DOC,9.98,3.0,Equip-2
CCY-1,2025-12-23,4911380818137,Class 8,Y,46.55,Service Type 3,Doc Type A,A,2025-12-31,KEE,NAB,FN-105,TYPE-D,DOC,12.59,1.33,Equip-2
CCY-4,2025-12-31,5488510102113,Class 4,N,123.2,Service Type 1,Doc Type A,A,2025-12-15,JKS,QFX,FN-395,TYPE-A,DOC,25.55,3.52,Equip-2
CCY-4,2025-12-08,2759348755355,Class 8,N,126.7,Service Type 5,Doc Type A,A,2025-12-19,JKS,UBR,FN-133,TYPE-B,DOC,13.05,3.62,Equip-1
CCY-4,2025-12-14,4297422441753,Class 7,N,100.1,Service Type 4,Doc Type A,A,2025-12-12,JYN,GNP,FN-119,TYPE-D,DOC,15.55,2.86,Equip-1
CCY-1,2025-12-05,7358107902475,Class 7,N,126.0,Service Type 1,Doc Type A,A,2025-12-30,SZV,YML,FN-394,TYPE-D,DOC,8.84,3.6,Equip-1
CCY-1,2025-12-09,7455014823479,Class 4,Y,76.65,Service Type 5,Doc Type A,A,2025-12-09,JKS,KUV,FN-132,TYPE-D,DOC,13.93,2.19,Equip-2
CCY-1,2025-12-15,0678367606968,Class 8,Y,115.15,Service Type 5,Doc Type A,A,2025-12-13,TDX,DRW,FN-119,TYPE-A,DOC,19.1,3.29,Equip-3
CCY-2,2025-12-21,9005431670404,Class 3,Y,153.65,Service Type 2,Doc Type A,A,2025-12-09,JKS,NAB,FN-101,TYPE-D,DOC,15.65,4.39,Equip-2
CCY-1,2025-12-25,6406462788663,Class 9,Y,116.2,Service Type 1,Doc Type A,A,2025-12-07,KHV,UBR,FN-119,TYPE-A,DOC,12.11,3.32,Equip-1
CCY-4,2025-12-12,8780776775831,Class 4,Y,79.8,Service Type 2,Doc Type A,A,2025-12-19,SZV,KUV,FN-394,TYPE-C,DOC,16.05,2.28,Equip-2
CCY-4,2025-12-09,8939886113955,Class 5,Y,109.55,Service Type 3,Doc Type A,A,2025-12-02,QFX,MBT,FN-132,TYPE-C,DOC,12.27,3.13,Equip-3
CCY-4,2025-12-27,2558081786977,Class 3,N,186.2,Service Type 2,Doc Type A,A,2025-12-14,HGV,KSN,FN-101,TYPE-C,DOC,7.22,5.32,Equip-1
CCY-1,2025-12-22,3535839952580,Class 1,Y,59.5,Service Type 5,Doc Type A,A,2025-12-14,KUV,KSN,FN-119,TYPE-A,DOC,4.96,1.7,Equip-3
CCY-1,2025-12-19,8633166593735,Class 1,Y,129.85,Service Type 1,Doc Type A,A,2025-12-29,FUG,KUV,FN-119,TYPE-A,DOC,18.57,3.71,Equip-1
CCY-3,2025-12-17,7301924418923,Class 5,Y,126.35,Service Type 2,Doc Type A,A,2025-12-06,KLC,YML,FN-118,TYPE-D,DOC,6.87,3.61,Equip-1
CCY-3,2025-12-23,1515285489598,Class 8,Y,103.95,Service Type 1,Doc Type A,A,2025-12-20,PVS,TPX,FN-133,TYPE-A,DOC,19.34,2.97,Equip-1
CCY-4,2025-12-18,6118394975271,Class 3,Y,44.8,Service Type 3,Doc Type A,A,2025-12-06,YML,JYN,FN-118,TYPE-A,DOC,24.99,1.28,Equip-3
CCY-4,2025-12-10,6198164433730,Class 1,Y,145.95,Service Type 5,Doc Type A,A,2025-12-02,DPQ,JKS,FN-133,TYPE-B,DOC,15.47,4.17,Equip-3
CCY-1,2025-12-28,3904104063314,Class 8,N,98.0,Service Type 4,Doc Type A,A,2025-12-07,RZP,SUQ,FN-101,TYPE-A,DOC,16.46,2.8,Equip-3
CCY-4,2025-12-10,6191585308967,Class 5,N,120.4,Service Type 2,Doc Type A,A,2025-12-03,RZP,YML,FN-508,TYPE-C,DOC,10.55,3.44,Equip-2
CCY-2,2025-12-24,6219036165438,Class 5,N,126.0,Service Type 1,Doc Type A,A,2025-12-31,KUV,QFX,FN-117,TYPE-D,DOC,16.08,3.6,Equip-1
CCY-4,2025-12-06,3763459626353,Class 6,Y,69.3,Service Type 2,Doc Type A,A,2025-12-15,JKS,TPX,FN-394,TYPE-C,DOC,17.2,1.98,Equip-3
CCY-4,2025-12-14,6609654592544,Class 6,Y,72.1,Service Type 4,Doc Type A,A,2025-12-14,SZV,FUG,FN-118,TYPE-B,DOC,10.86,2.06,Equip-2
CCY-2,2025-12-06,7384887610059,Class 5,Y,140.7,Service Type 4,Doc Type A,A,2025-12-30,KUV,MBT,FN-101,TYPE-D,DOC,10.07,4.02,Equip-3
CCY-4,2025-12-21,1319728580208,Class 3,Y,196.35,Service Type 4,Doc Type A,A,2025-12-10,FUG,VQR,FN-133,TYPE-A,DOC,12.54,5.61,Equip-1
CCY-2,2025-12-14,8578601580439,Class 4,Y,107.1,Service Type 5,Doc Type A,A,2025-12-14,GNP,HGV,FN-508,TYPE-D,DOC,12.97,3.06,Equip-2
CCY-1,2025-12-10,4643077207802,Class 9,Y,82.6,Service Type 4,Doc Type A,A,2025-12-24,NAB,DPQ,FN-119,TYPE-A,DOC,12.53,2.36,Equip-3
CCY-3,2025-12-08,7747693045105,Class 9,Y,144.55,Service Type 4,Doc Type A,A,2025-12-18,KUV,RZP,FN-118,TYPE-D,DOC,11.71,4.13,Equip-1
CCY-3,2025-12-05,5188689055077,Class 9,N,77.35,Service Type 2,Doc Type A,A,2025-12-19,FUG,PVS,FN-508,TYPE-C,DOC,12.57,2.21,Equip-3
CCY-1,2025-12-24,9181498350265,Class 3,N,89.25,Service Type 5,Doc Type A,A,2025-12-30,KUV,HGV,FN-101,TYPE-C,DOC,7.37,2.55,Equip-3
CCY-1,2025-12-24,7778108813057,Class 6,N,146.65,Service Type 1,Doc Type A,A,2025-12-01,ZYR,JYN,FN-101,TYPE-B,DOC,12.37,4.19,Equip-1
CCY-4,2025-12-05,1392381651424,Class 4,Y,93.8,Service Type 5,Doc Type A,A,2025-12-09,UBR,MBT,FN-117,TYPE-B,DOC,5.3,2.68,Equip-3
CCY-3,2025-12-01,6453384524799,Class 5,Y,40.95,Service Type 5,Doc Type A,A,2025-12-15,KHV,KUV,FN-119,TYPE-C,DOC,12.72,1.17,Equip-2
CCY-2,2025-12-30,8533231951215,Class 5,N,81.2,Service Type 5,Doc Type A,A,2025-12-22,YML,VQR,FN-508,TYPE-D,DOC,7.83,2.32,Equip-1
CCY-3,2025-12-25,6740906143563,Class 2,Y,111.65,Service Type 5,Doc Type A,A,2025-12-05,GNP,ZYR,FN-119,TYPE-B,DOC,8.02,3.19,Equip-3
CCY-1,2025-12-04,5082486114163,Class 6,N,85.4,Service Type 3,Doc Type A,A,2025-12-16,SZV,KSN,FN-395,TYPE-C,DOC,11.2,2.44,Equip-1
CCY-4,2025-12-10,7355878576716,Class 4,N,165.2,Service Type 3,Doc Type A,A,2025-12-16,TDX,PVS,FN-394,TYPE-D,DOC,14.14,4.72,Equip-1
CCY-1,2025-12-19,7575304537074,Class 8,Y,37.8,Service Type 2,Doc Type A,A,2025-12-03,DRW,KSN,FN-118,TYPE-B,DOC,20.2,1.08,Equip-3
CCY-2,2025-12-27,6192827930750,Class 5,N,98.7,Service Type 3,Doc Type A,A,2025-12-15,UBR,MBT,FN-101,TYPE-D,DOC,14.89,2.82,Equip-2
CCY-1,2025-12-09,1745011595931,Class 9,N,91.0,Service Type 4,Doc Type A,A,2025-12-29,HGV,MFP,FN-105,TYPE-D,DOC,12.78,2.6,Equip-2
CCY-4,2025-12-09,4785894439762,Class 2,Y,110.25,Service Type 5,Doc Type A,A,2025-12-19,DPQ,KSN,FN-394,TYPE-C,DOC,12.59,3.15,Equip-3
CCY-3,2025-12-29,2084813951904,Class 8,N,73.5,Service Type 1,Doc Type A,A,2025-12-17,KUV,PVS,FN-133,TYPE-D,DOC,9.11,2.1,Equip-1
CCY-3,2025-12-24,6262392415134,Class 1,Y,113.05,Service Type 4,Doc Type A,A,2025-12-09,KEE,GNP,FN-508,TYPE-D,DOC,9.76,3.23,Equip-1
CCY-4,2025-12-09,1254189508164,Class 9,N,134.75,Service Type 4,Doc Type A,A,2025-12-07,DRW,TPX,FN-508,TYPE-D,DOC,14.99,3.85,Equip-3
CCY-4,2025-12-11,1793852527470,Class 5,N,114.8,Service Type 3,Doc Type A,A,2025-12-15,VQR,MFP,FN-105,TYPE-D,DOC,9.53,3.28,Equip-1
CCY-4,2025-12-31,7157872930608,Class 9,Y,145.95,Service Type 5,Doc Type A,A,2025-12-06,SZV,TPX,FN-101,TYPE-B,DOC,16.81,4.17,Equip-3
CCY-4,2025-12-07,5532587887022,Class 2,Y,97.3,Service Type 3,Doc Type A,A,2025-12-26,JKS,MBT,FN-118,TYPE-D,DOC,11.71,2.78,Equip-2
CCY-4,2025-12-25,1669459483074,Class 2,Y,64.75,Service Type 5,Doc Type A,A,2025-12-19,YML,SUQ,FN-105,TYPE-C,DOC,12.96,1.85,Equip-3
CCY-2,2025-12-05,8974347629611,Class 8,Y,130.9,Service Type 2,Doc Type A,A,2025-12-20,PVS,UMK,FN-133,TYPE-A,DOC,11.03,3.74,Equip-3
CCY-2,2025-12-03,6622416567386,Class 9,Y,95.55,Service Type 3,Doc Type A,A,2025-12-14,DRW,SZV,FN-105,TYPE-A,DOC,15.21,2.73,Equip-2
CCY-4,2025-12-22,5626923383312,Class 5,N,76.3,Service Type 4,Doc Type A,A,2025-12-13,JKS,YML,FN-394,TYPE-D,DOC,13.09,2.18,Equip-3
CCY-4,2025-12-19,8890084384851,Class 6,N,102.2,Service Type 5,Doc Type A,A,2025-12-27,KUV,DRW,FN-395,TYPE-A,DOC,15.52,2.92,Equip-1
CCY-2,2025-12-22,1249543299032,Class 6,Y,92.4,Service Type 4,Doc Type A,A,2025-12-04,SZV,QFX,FN-118,TYPE-C,DOC,10.62,2.64,Equip-1
CCY-1,2025-12-12,1589527783404,Class 7,N,89.25,Service Type 3,Doc Type A,A,2025-12-02,DPQ,GNP,FN-118,TYPE-D,DOC,11.69,2.55,Equip-3
CCY-2,2025-12-23,8232668086631,Class 6,Y,91.0,Service Type 4,Doc Type A,A,2025-12-04,SUQ,JYN,FN-394,TYPE-D,DOC,15.29,2.6,Equip-2
CCY-4,2025-12-31,6203566094469,Class 8,N,156.45,Service Type 3,Doc Type A,A,2025-12-02,ZYR,TDX,FN-101,TYPE-C,DOC,19.96,4.47,Equip-2
CCY-2,2025-12-14,2578976168296,Class 9,Y,107.45,Service Type 5,Doc Type A,A,2025-12-29,RZP,UBR,FN-117,TYPE-A,DOC,7.54,3.07,Equip-1
CCY-1,2025-12-16,6821565886802,Class 3,N,93.45,Service Type 2,Doc Type A,A,2025-12-09,GNP,ZYR,FN-394,TYPE-A,DOC,8.75,2.67,Equip-2
CCY-1,2025-12-22,3631776260183,Class 6,N,94.15,Service Type 5,Doc Type A,A,2025-12-09,HGV,YML,FN-105,TYPE-D,DOC,22.01,2.69,Equip-1
CCY-4,2025-12-02,1450658046957,Class 6,N,123.9,Service Type 3,Doc Type A,A,2025-12-30,SUQ,SZV,FN-117,TYPE-D,DOC,13.8,3.54,Equip-3
CCY-3,2025-12-23,1557099190798,Class 5,N,74.9,Service Type 1,Doc Type A,A,2025-12-15,UBR,KLC,FN-118,TYPE-B,DOC,7.0,2.14,Equip-3
CCY-1,2025-12-25,8040095639445,Class 4,Y,73.85,Service Type 2,Doc Type A,A,2025-12-26,VQR,KHV,FN-105,TYPE-D,DOC,5.97,2.11,Equip-3
CCY-1,2025-12-11,1661759631364,Class 4,N,123.9,Service Type 2,Doc Type A,A,2025-12-31,GNP,UMK,FN-105,TYPE-D,DOC,2.25,3.54,Equip-2
CCY-2,2025-12-20,3272751421454,Class 8,Y,110.25,Service Type 4,Doc Type A,A,2025-12-31,UMK,FUG,FN-395,TYPE-D,DOC,22.27,3.15,Equip-3
CCY-1,2025-12-18,6207669421700,Class 1,Y,82.6,Service Type 5,Doc Type A,A,2025-12-26,PVS,QFX,FN-395,TYPE-C,DOC,4.92,2.36,Equip-2
CCY-3,2025-12-15,8621808163602,Class 1,N,69.3,Service Type 2,Doc Type A,A,2025-12-29,KHV,KUV,FN-395,TYPE-D,DOC,9.71,1.98,Equip-3
CCY-4,2025-12-02,4409997570618,Class 6,Y,133.35,Service Type 4,Doc Type A,A,2025-12-17,HGV,KHV,FN-395,TYPE-D,DOC,16.3,3.81,Equip-1
CCY-2,2025-12-21,7881581410882,Class 7,N,130.55,Service Type 2,Doc Type A,A,2025-12-24,FUG,TDX,FN-132,TYPE-D,DOC,6.22,3.73,Equip-2
CCY-4,2025-12-20,0782394480487,Class 4,N,171.5,Service Type 1,Doc Type A,A,2025-12-11,HGV,SUQ,FN-394,TYPE-A,DOC,19.63,4.9,Equip-2
CCY-3,2025-12-15,5394634315208,Class 3,N,73.5,Service Type 5,Doc Type A,A,2025-12-02,RZP,KHV,FN-117,TYPE-B,DOC,26.33,2.1,Equip-2
CCY-4,2025-12-31,2816727966410,Class 1,Y,92.75,Service Type 2,Doc Type A,A,2025-12-17,KSN,KUV,FN-119,TYPE-C,DOC,26.12,2.65,Equip-2
CCY-1,2025-12-22,7310837089053,Class 8,N,116.55,Service Type 5,Doc Type A,A,2025-12-31,RZP,JKS,FN-508,TYPE-C,DOC,9.04,3.33,Equip-1
CCY-4,2025-12-12,2844540649776,Class 9,N,119.0,Service Type 5,Doc Type A,A,2025-12-28,RZP,SZV,FN-508,TYPE-A,DOC,9.09,3.4,Equip-1
CCY-2,2025-12-30,8481950001596,Class 4,N,96.6,Service Type 3,Doc Type A,A,2025-12-03,QFX,SUQ,FN-508,TYPE-B,DOC,5.4,2.76,Equip-1
CCY-2,2025-12-14,5955236626437,Class 8,Y,102.9,Service Type 3,Doc Type A,A,2025-12-31,FUG,RZP,FN-394,TYPE-B,DOC,18.43,2.94,Equip-2
CCY-2,2025-12-28,8726217882931,Class 5,N,121.8,Service Type 5,Doc Type A,A,2025-12-30,KHV,FUG,FN-394,TYPE-C,DOC,12.71,3.48,Equip-2
CCY-2,2025-12-28,2572604490925,Class 3,Y,46.9,Service Type 5,Doc Type A,A,2025-12-02,KLC,RZP,FN-119,TYPE-A,DOC,17.85,1.34,Equip-3
CCY-1,2025-12-05,5352348471244,Class 8,N,95.55,Service Type 5,Doc Type A,A,2025-12-16,VQR,KUV,FN-117,TYPE-D,DOC,14.92,2.73,Equip-3
CCY-3,2025-12-31,5052843044342,Class 5,N,142.1,Service Type 3,Doc Type A,A,2025-12-25,PVS,UBR,FN-132,TYPE-B,DOC,12.83,4.06,Equip-1
CCY-3,2025-12-18,0533185437826,Class 3,N,69.65,Service Type 5,Doc Type A,A,2025-12-10,FUG,JYN,FN-132,TYPE-B,DOC,6.03,1.99,Equip-3
CCY-3,2025-12-28,2149579576760,Class 3,N,85.75,Service Type 3,Doc Type A,A,2025-12-02,KUV,DPQ,FN-105,TYPE-A,DOC,2.32,2.45,Equip-2
CCY-1,2025-12-11,4880372178878,Class 5,N,100.8,Service Type 1,Doc Type A,A,2025-12-24,DRW,JKS,FN-132,TYPE-A,DOC,18.65,2.88,Equip-2
CCY-2,2025-12-18,6074852986755,Class 5,Y,87.85,Service Type 2,Doc Type A,A,2025-12-23,KLC,VQR,FN-395,TYPE-B,DOC,5.3,2.51,Equip-3
CCY-4,2025-12-24,2081727552589,Class 4,N,65.45,Service Type 2,Doc Type A,A,2025-12-11,JKS,TDX,FN-508,TYPE-D,DOC,4.56,1.87,Equip-1
CCY-4,2025-12-10,1112139511673,Class 8,N,64.05,Service Type 5,Doc Type A,A,2025-12-16,KUV,JYN,FN-133,TYPE-B,DOC,13.94,1.83,Equip-3
CCY-1,2025-12-06,1544238993475,Class 9,N,102.55,Service Type 2,Doc Type A,A,2025-12-15,TPX,JKS,FN-118,TYPE-A,DOC,17.56,2.93,Equip-1
CCY-1,2025-12-13,2092275158955,Class 3,Y,95.2,Service Type 1,Doc Type A,A,2025-12-09,TPX,LNR,FN-132,TYPE-A,DOC,12.43,2.72,Equip-3
CCY-3,2025-12-13,9637109996412,Class 5,N,132.3,Service Type 4,Doc Type A,A,2025-12-26,UMK,JKS,FN-395,TYPE-A,DOC,15.86,3.78,Equip-3
CCY-1,2025-12-25,2919742694111,Class 8,Y,124.6,Service Type 2,Doc Type A,A,2025-12-26,KSN,YML,FN-118,TYPE-D,DOC,13.68,3.56,Equip-2
CCY-1,2025-12-19,0131718718036,Class 4,Y,123.9,Service Type 2,Doc Type A,A,2025-12-23,KEE,JYN,FN-118,TYPE-D,DOC,10.94,3.54,Equip-3
CCY-1,2025-12-08,2871718560671,Class 5,Y,105.0,Service Type 3,Doc Type A,A,2025-12-30,QFX,YML,FN-119,TYPE-B,DOC,10.31,3.0,Equip-1
CCY-1,2025-12-23,7355831062128,Class 9,Y,88.9,Service Type 4,Doc Type A,A,2025-12-25,KHV,YML,FN-508,TYPE-C,DOC,10.63,2.54,Equip-1
CCY-4,2025-12-08,6508829031186,Class 1,Y,121.45,Service Type 5,Doc Type A,A,2025-12-21,UMK,MBT,FN-105,TYPE-D,DOC,8.55,3.47,Equip-2
CCY-3,2025-12-29,0856245553810,Class 1,N,145.95,Service Type 2,Doc Type A,A,2025-12-19,KLC,UBR,FN-395,TYPE-C,DOC,18.55,4.17,Equip-2
CCY-3,2025-12-04,3797275458143,Class 1,Y,150.15,Service Type 2,Doc Type A,A,2025-12-25,NAB,VQR,FN-118,TYPE-C,DOC,5.72,4.29,Equip-3
CCY-2,2025-12-16,4662167855576,Class 1,N,126.0,Service Type 5,Doc Type A,A,2025-12-16,DPQ,MBT,FN-395,TYPE-A,DOC,10.41,3.6,Equip-2
CCY-1,2025-12-05,9640821849580,Class 7,N,109.9,Service Type 3,Doc Type A,A,2025-12-20,KLC,DRW,FN-508,TYPE-D,DOC,7.47,3.14,Equip-1
CCY-4,2025-12-21,1879882351960,Class 6,N,53.2,Service Type 1,Doc Type A,A,2025-12-11,KSN,VQR,FN-101,TYPE-C,DOC,13.57,1.52,Equip-2
CCY-3,2025-12-22,7912251575380,Class 2,N,152.25,Service Type 5,Doc Type A,A,2025-12-23,GNP,YML,FN-395,TYPE-C,DOC,15.04,4.35,Equip-3
CCY-2,2025-12-17,9104110979293,Class 7,Y,152.6,Service Type 3,Doc Type A,A,2025-12-18,FUG,KUV,FN-118,TYPE-A,DOC,11.13,4.36,Equip-3
CCY-2,2025-12-27,3732608082872,Class 4,N,134.75,Service Type 4,Doc Type A,A,2025-12-25,TDX,KEE,FN-132,TYPE-D,DOC,11.05,3.85,Equip-2
CCY-4,2025-12-24,2026369580004,Class 9,Y,189.7,Service Type 4,Doc Type A,A,2025-12-18,PVS,TDX,FN-132,TYPE-C,DOC,0.91,5.42,Equip-1
CCY-1,2025-12-03,6399319733086,Class 9,Y,95.2,Service Type 5,Doc Type A,A,2025-12-16,UBR,PVS,FN-394,TYPE-D,DOC,19.48,2.72,Equip-3
CCY-2,2025-12-12,1995290306956,Class 5,N,115.15,Service Type 5,Doc Type A,A,2025-12-16,FUG,TDX,FN-118,TYPE-A,DOC,2.14,3.29,Equip-2
CCY-4,2025-12-07,6515854345920,Class 3,Y,120.4,Service Type 2,Doc Type A,A,2025-12-10,NAB,YML,FN-395,TYPE-B,DOC,4.78,3.44,Equip-1
CCY-4,2025-12-07,3832802873539,Class 5,Y,72.1,Service Type 1,Doc Type A,A,2025-12-15,JKS,UMK,FN-119,TYPE-D,DOC,14.06,2.06,Equip-1
CCY-3,2025-12-12,8758628574331,Class 2,N,133.35,Service Type 3,Doc Type A,A,2025-12-15,ZYR,VQR,FN-395,TYPE-D,DOC,17.6,3.81,Equip-1
CCY-2,2025-12-24,6074339899809,Class 1,N,105.35,Service Type 3,Doc Type A,A,2025-12-02,FUG,NAB,FN-118,TYPE-B,DOC,16.88,3.01,Equip-3
CCY-3,2025-12-24,9998870462815,Class 4,Y,139.3,Service Type 4,Doc Type A,A,2025-12-17,JYN,YML,FN-395,TYPE-B,DOC,4.92,3.98,Equip-1
CCY-1,2025-12-24,6064166813576,Class 4,Y,56.35,Service Type 1,Doc Type A,A,2025-12-19,YML,HGV,FN-394,TYPE-B,DOC,10.65,1.61,Equip-3
CCY-2,2025-12-27,1608874535187,Class 9,N,178.5,Service Type 2,Doc Type A,A,2025-12-17,YML,GNP,FN-132,TYPE-C,DOC,18.76,5.1,Equip-2
CCY-2,2025-12-25,6795035588905,Class 4,Y,180.6,Service Type 2,Doc Type A,A,2025-12-11,ZYR,KHV,FN-132,TYPE-D,DOC,11.79,5.16,Equip-2
CCY-3,2025-12-25,8876970422024,Class 5,N,91.7,Service Type 5,Doc Type A,A,2025-12-20,RZP,LNR,FN-101,TYPE-B,DOC,12.46,2.62,Equip-3
CCY-4,2025-12-25,0240241879878,Class 6,Y,162.4,Service Type 5,Doc Type A,A,2025-12-23,JYN,KHV,FN-133,TYPE-D,DOC,8.85,4.64,Equip-2
CCY-1,2025-12-09,9169680159885,Class 2,Y,130.9,Service Type 1,Doc Type A,A,2025-12-21,KUV,HGV,FN-105,TYPE-C,DOC,8.1,3.74,Equip-3
CCY-2,2025-12-14,4051795892191,Class 8,N,88.9,Service Type 5,Doc Type A,A,2025-12-12,QFX,PVS,FN-117,TYPE-A,DOC,9.2,2.54,Equip-2
CCY-1,2025-12-20,7591776640072,Class 1,Y,91.7,Service Type 2,Doc Type A,A,2025-12-23,KLC,QFX,FN-117,TYPE-C,DOC,17.15,2.62,Equip-3
CCY-3,2025-12-26,7282859712157,Class 9,N,144.55,Service Type 3,Doc Type A,A,2025-12-02,SZV,KHV,FN-118,TYPE-D,DOC,9.98,4.13,Equip-3
CCY-4,2025-12-27,5094216921776,Class 8,N,127.4,Service Type 4,Doc Type A,A,2025-12-03,FUG,TDX,FN-394,TYPE-C,DOC,19.99,3.64,Equip-3
CCY-1,2025-12-27,0617789444517,Class 1,Y,87.15,Service Type 1,Doc Type A,A,2025-12-07,MFP,JYN,FN-133,TYPE-D,DOC,8.73,2.49,Equip-1
CCY-1,2025-12-04,5843013134874,Class 3,Y,116.2,Service Type 4,Doc Type A,A,2025-12-09,DPQ,JYN,FN-508,TYPE-B,DOC,12.4,3.32,Equip-2
CCY-1,2025-12-10,3984010488074,Class 5,Y,130.2,Service Type 1,Doc Type A,A,2025-12-20,QFX,TDX,FN-117,TYPE-D,DOC,7.06,3.72,Equip-2
CCY-4,2025-12-06,8250994241452,Class 2,N,44.8,Service Type 2,Doc Type A,A,2025-12-31,JYN,ZYR,FN-101,TYPE-A,DOC,12.43,1.28,Equip-2
CCY-4,2025-12-07,8869847595186,Class 6,N,87.5,Service Type 1,Doc Type A,A,2025-12-09,TPX,KEE,FN-101,TYPE-B,DOC,7.36,2.5,Equip-2
CCY-3,2025-12-01,6005325897486,Class 8,Y,171.15,Service Type 2,Doc Type A,A,2025-12-03,UMK,TPX,FN-101,TYPE-D,DOC,11.64,4.89,Equip-3
CCY-2,2025-12-12,7739783412708,Class 4,N,75.6,Service Type 3,Doc Type A,A,2025-12-16,SUQ,GNP,FN-119,TYPE-A,DOC,13.19,2.16,Equip-2
CCY-2,2025-12-11,2965738733417,Class 3,Y,92.75,Service Type 3,Doc Type A,A,2025-12-02,YML,FUG,FN-118,TYPE-D,DOC,13.1,2.65,Equip-2
CCY-3,2025-12-13,6627131240132,Class 7,N,125.3,Service Type 2,Doc Type A,A,2025-12-15,ZYR,VQR,FN-119,TYPE-B,DOC,13.62,3.58,Equip-3
CCY-3,2025-12-02,3752335549920,Class 9,N,104.3,Service Type 4,Doc Type A,A,2025-12-23,SZV,ZYR,FN-132,TYPE-A,DOC,18.05,2.98,Equip-1
CCY-2,2025-12-21,4436591532763,Class 6,N,136.85,Service Type 5,Doc Type A,A,2025-12-12,RZP,JYN,FN-105,TYPE-C,DOC,20.19,3.91,Equip-3
CCY-4,2025-12-25,0485513138436,Class 7,Y,182.35,Service Type 1,Doc Type A,A,2025-12-07,QFX,DRW,FN-132,TYPE-C,DOC,8.46,5.21,Equip-2
CCY-3,2025-12-01,2975998900111,Class 9,Y,75.6,Service Type 5,Doc Type A,A,2025-12-11,LNR,ZYR,FN-101,TYPE-C,DOC,13.63,2.16,Equip-1
CCY-2,2025-12-24,0821079108779,Class 9,Y,177.8,Service Type 5,Doc Type A,A,2025-12-16,VQR,NAB,FN-118,TYPE-C,DOC,20.26,5.08,Equip-2
CCY-4,2025-12-21,3728300930633,Class 9,N,87.5,Service Type 1,Doc Type A,A,2025-12-14,JYN,UMK,FN-101,TYPE-B,DOC,11.83,2.5,Equip-1
CCY-3,2025-12-22,2178277105018,Class 4,Y,129.85,Service Type 3,Doc Type A,A,2025-12-23,QFX,ZYR,FN-132,TYPE-A,DOC,11.14,3.71,Equip-1
CCY-2,2025-12-02,8339334622642,Class 5,Y,124.95,Service Type 1,Doc Type A,A,2025-12-25,KSN,DRW,FN-105,TYPE-D,DOC,18.39,3.57,Equip-2
CCY-3,2025-12-20,1447383336707,Class 7,Y,157.5,Service Type 5,Doc Type A,A,2025-12-01,MFP,JKS,FN-508,TYPE-C,DOC,12.51,4.5,Equip-2
CCY-2,2025-12-28,4408477100275,Class 8,N,141.05,Service Type 5,Doc Type A,A,2025-12-16,KEE,NAB,FN-394,TYPE-A,DOC,10.44,4.03,Equip-1
CCY-1,2025-12-05,4838966536763,Class 1,N,120.05,Service Type 2,Doc Type A,A,2025-12-23,UBR,UMK,FN-395,TYPE-D,DOC,10.56,3.43,Equip-1
CCY-3,2025-12-27,7318291313386,Class 1,N,102.9,Service Type 5,Doc Type A,A,2025-12-06,ZYR,KUV,FN-394,TYPE-C,DOC,11.43,2.94,Equip-2
CCY-2,2025-12-06,2544639639266,Class 2,N,151.9,Service Type 4,Doc Type A,A,2025-12-28,SUQ,QFX,FN-508,TYPE-D,DOC,10.11,4.34,Equip-1
CCY-2,2025-12-26,4159844967948,Class 5,N,79.1,Service Type 1,Doc Type A,A,2025-12-29,DRW,KEE,FN-133,TYPE-D,DOC,8.34,2.26,Equip-2
CCY-3,2025-12-25,8564830988908,Class 2,N,139.3,Service Type 3,Doc Type A,A,2025-12-02,SUQ,KLC,FN-133,TYPE-C,DOC,22.6,3.98,Equip-1
CCY-2,2025-12-22,5626408595514,Class 6,N,85.05,Service Type 2,Doc Type A,A,2025-12-21,DPQ,DRW,FN-117,TYPE-A,DOC,0.07,2.43,Equip-2
CCY-3,2025-12-20,6052671697781,Class 8,N,71.75,Service Type 4,Doc Type A,A,2025-12-24,FUG,SUQ,FN-119,TYPE-A,DOC,2.94,2.05,Equip-2
CCY-2,2025-12-09,7956050206515,Class 8,Y,100.1,Service Type 1,Doc Type A,A,2025-12-06,VQR,KSN,FN-118,TYPE-A,DOC,3.69,2.86,Equip-3
CCY-1,2025-12-12,3626396385690,Class 6,Y,107.1,Service Type 4,Doc Type A,A,2025-12-05,RZP,KUV,FN-132,TYPE-D,DOC,6.29,3.06,Equip-3
CCY-3,2025-12-17,1901170782117,Class 7,N,107.8,Service Type 2,Doc Type A,A,2025-12-22,KLC,PVS,FN-508,TYPE-D,DOC,3.87,3.08,Equip-1
CCY-3,2025-12-05,4750712972588,Class 8,Y,157.5,Service Type 2,Doc Type A,A,2025-12-05,KLC,ZYR,FN-117,TYPE-D,DOC,9.93,4.5,Equip-2
CCY-1,2025-12-01,5674182943050,Class 5,N,132.65,Service Type 5,Doc Type A,A,2025-12-07,UMK,QFX,FN-508,TYPE-A,DOC,19.06,3.79,Equip-2
CCY-1,2025-12-01,8657879704157,Class 5,Y,174.65,Service Type 5,Doc Type A,A,2025-12-19,DRW,SZV,FN-118,TYPE-B,DOC,10.37,4.99,Equip-1
CCY-4,2025-12-14,8292730739370,Class 8,Y,56.0,Service Type 3,Doc Type A,A,2025-12-18,KSN,PVS,FN-132,TYPE-D,DOC,4.23,1.6,Equip-2
CCY-3,2025-12-30,9900974993757,Class 3,N,183.75,Service Type 1,Doc Type A,A,2025-12-23,NAB,VQR,FN-395,TYPE-C,DOC,11.58,5.25,Equip-2
CCY-1,2025-12-13,6504344846611,Class 8,N,98.7,Service Type 1,Doc Type A,A,2025-12-14,DRW,SUQ,FN-117,TYPE-B,DOC,10.99,2.82,Equip-1
CCY-3,2025-12-17,2981320272575,Class 3,Y,138.25,Service Type 4,Doc Type A,A,2025-12-30,JKS,MFP,FN-117,TYPE-C,DOC,4.79,3.95,Equip-2
CCY-2,2025-12-04,5229301179685,Class 2,N,132.65,Service Type 3,Doc Type A,A,2025-12-27,TDX,GNP,FN-101,TYPE-C,DOC,16.77,3.79,Equip-2
CCY-1,2025-12-05,4866800156314,Class 4,N,80.15,Service Type 4,Doc Type A,A,2025-12-01,RZP,TPX,FN-105,TYPE-C,DOC,8.85,2.29,Equip-1
CCY-2,2025-12-24,0446358521101,Class 8,Y,107.8,Service Type 1,Doc Type A,A,2025-12-15,GNP,MBT,FN-394,TYPE-A,DOC,5.53,3.08,Equip-2
CCY-4,2025-12-29,2975333565732,Class 5,N,63.7,Service Type 1,Doc Type A,A,2025-12-04,DPQ,LNR,FN-117,TYPE-C,DOC,6.6,1.82,Equip-2
CCY-4,2025-12-23,9338947269707,Class 3,N,87.85,Service Type 5,Doc Type A,A,2025-12-01,JKS,KUV,FN-395,TYPE-D,DOC,9.88,2.51,Equip-1
CCY-2,2025-12-18,1697507838865,Class 6,Y,121.45,Service Type 2,Doc Type A,A,2025-12-27,DRW,TPX,FN-132,TYPE-C,DOC,9.31,3.47,Equip-2
CCY-3,2025-12-30,2289753396886,Class 1,Y,94.85,Service Type 1,Doc Type A,A,2025-12-06,KHV,KLC,FN-132,TYPE-D,DOC,12.4,2.71,Equip-3
CCY-2,2025-12-20,9769971468989,Class 7,Y,70.35,Service Type 2,Doc Type A,A,2025-12-15,TPX,SZV,FN-394,TYPE-C,DOC,12.92,2.01,Equip-2
CCY-3,2025-12-12,5083484036289,Class 6,N,110.25,Service Type 3,Doc Type A,A,2025-12-10,KEE,SZV,FN-118,TYPE-D,DOC,12.53,3.15,Equip-3
CCY-4,2025-12-01,9268981211858,Class 9,N,140.0,Service Type 2,Doc Type A,A,2025-12-27,DPQ,QFX,FN-119,TYPE-B,DOC,4.48,4.0,Equip-3
CCY-4,2025-12-27,5095256308000,Class 1,Y,108.15,Service Type 5,Doc Type A,A,2025-12-04,PVS,ZYR,FN-101,TYPE-D,DOC,7.59,3.09,Equip-2
CCY-4,2025-12-21,0091031280729,Class 5,N,137.55,Service Type 4,Doc Type A,A,2025-12-09,YML,JKS,FN-133,TYPE-B,DOC,17.82,3.93,Equip-1
CCY-4,2025-12-10,0763863186345,Class 6,N,92.4,Service Type 3,Doc Type A,A,2025-12-26,KLC,MFP,FN-394,TYPE-A,DOC,12.17,2.64,Equip-2
CCY-4,2025-12-17,0540712989979,Class 1,Y,128.45,Service Type 1,Doc Type A,A,2025-12-16,FUG,TPX,FN-133,TYPE-B,DOC,16.74,3.67,Equip-1
CCY-4,2025-12-08,1450331523525,Class 4,Y,77.35,Service Type 2,Doc Type A,A,2025-12-02,NAB,GNP,FN-395,TYPE-A,DOC,8.91,2.21,Equip-1
CCY-3,2025-12-20,9391900112840,Class 2,N,110.25,Service Type 2,Doc Type A,A,2025-12-28,HGV,LNR,FN-119,TYPE-C,DOC,1.64,3.15,Equip-3
CCY-4,2025-12-16,9526890826815,Class 5,Y,144.9,Service Type 2,Doc Type A,A,2025-12-18,UMK,KLC,FN-117,TYPE-A,DOC,11.59,4.14,Equip-3
CCY-1,2025-12-23,4919817001591,Class 8,N,151.55,Service Type 1,Doc Type A,A,2025-12-25,UBR,RZP,FN-394,TYPE-C,DOC,13.8,4.33,Equip-3
CCY-3,2025-12-16,8217389145505,Class 7,N,144.9,Service Type 2,Doc Type A,A,2025-12-01,UMK,JYN,FN-117,TYPE-C,DOC,8.51,4.14,Equip-2
CCY-2,2025-12-17,5952529242090,Class 5,Y,132.3,Service Type 3,Doc Type A,A,2025-12-18,UBR,TDX,FN-118,TYPE-B,DOC,9.36,3.78,Equip-1
CCY-1,2025-12-07,7807722441463,Class 4,Y,113.4,Service Type 4,Doc Type A,A,2025-12-17,TPX,RZP,FN-395,TYPE-C,DOC,4.71,3.24,Equip-2
CCY-2,2025-12-01,5069987585257,Class 3,N,95.55,Service Type 5,Doc Type A,A,2025-12-05,MFP,RZP,FN-132,TYPE-D,DOC,2.08,2.73,Equip-2
CCY-1,2025-12-25,6964690164423,Class 8,Y,86.8,Service Type 1,Doc Type A,A,2025-12-25,UMK,KEE,FN-118,TYPE-A,DOC,14.2,2.48,Equip-2
CCY-1,2025-12-24,0517757861235,Class 9,N,134.75,Service Type 4,Doc Type A,A,2025-12-13,SZV,PVS,FN-117,TYPE-D,DOC,6.75,3.85,Equip-3
CCY-1,2025-12-03,9632362537863,Class 1,N,87.85,Service Type 1,Doc Type A,A,2025-12-04,FUG,MBT,FN-119,TYPE-A,DOC,11.48,2.51,Equip-3
CCY-4,2025-12-17,0332316495864,Class 2,N,197.4,Service Type 1,Doc Type A,A,2025-12-11,KUV,KLC,FN-395,TYPE-A,DOC,12.21,5.64,Equip-1
CCY-1,2025-12-24,4601099587244,Class 2,Y,145.6,Service Type 1,Doc Type A,A,2025-12-25,FUG,LNR,FN-119,TYPE-D,DOC,17.77,4.16,Equip-3
CCY-2,2025-12-27,1051968146910,Class 8,N,110.95,Service Type 3,Doc Type A,A,2025-12-08,JYN,KEE,FN-117,TYPE-D,DOC,14.18,3.17,Equip-1
