carrier_code,service_date,area_type,flight_no,flight_detail,route_detail,route_code,doc_number,special_type,route_ref,booking_class,trans_code,tour_code,agent_code,payment_method,issue_date,revenue_category,currency,fare_flag,base_fare_local,surcharge,surcharge_local,tax,tax_local,commission,commission_local,total_fare,total_fare_local,remark,origin_station,total_local_curr,mileage,booking_ref,fare_basis_code,base_fare_usd,surcharge_usd,tax_usd,commission_usd,total_fare_usd
XA,2025-12-22,DOM,FN-395,XAFN-105,KEEPVS,KEE-PVS,9600133890838,,KEE-PVS,Class 5,TYPE-B,,Agent B2,Payment C,2025-11-18,Category A,CCY-2,Y,189.74,25.52,27.93,12.1,13.24,1.94,2.12,209.02,228.79,,KEE,228.79,3662,MF8MDD,Basis-002,5.42,0.8,0.38,0.06,6.54
XA,2025-12-18,INT,FN-118,XAFN-508,KLCZYR,KLC-ZYR,5931034131647,Category D,KLC-ZYR,Class 8,TYPE-B,,Agent B1,Payment B,2025-11-14,Category C,CCY-1,Y,271.84,27.84,26.49,9.28,8.83,13.91,13.23,308.94,293.93,,KLC,293.93,1601,TIQJ7Y,Basis-001/BG,7.77,0.76,0.25,0.38,8.4
XA,2025-12-13,INT,FN-118,XAFN-105,UBRDPQ,UBR-DPQ,3953767242388,Category D,UBR-DPQ,Class 1,TYPE-D,,Agent C1,Payment B,2025-11-24,Category B,CCY-2,Y,276.34,37.0,41.51,6.82,7.65,10.12,11.35,279.99,314.15,,UBR,314.15,4374,R14FFY,Basis-003,7.9,1.19,0.22,0.32,8.98
XA,2025-12-01,DOM,FN-105,XAFN-395,DRWUBR,DRW-UBR,4514627048281,Category D,DRW-UBR,Class 8,TYPE-B,,Agent A2,Payment B,2025-12-19,Category B,CCY-3,Y,193.4,20.14,23.05,6.7,7.67,8.21,9.39,187.65,214.73,,DRW,214.73,2855,REN93I,Basis-001/BG,5.53,0.66,0.22,0.27,6.14
XA,2025-12-05,DOM,FN-117,XAFN-394,FUGPVS,FUG-PVS,8248963834657,,FUG-PVS,Class 8,TYPE-A,,Agent A2,Payment A,2025-11-05,Category C,CCY-1,Y,169.36,1.28,1.3,1.36,1.38,8.17,8.28,161.65,163.76,,FUG,163.76,4737,IHCWI6,Basis-002,4.84,0.04,0.04,0.24,4.68
XA,2025-12-30,DOM,FN-508,XAFN-508,UMKYML,UMK-YML,7376311656670,,UMK-YML,Class 5,TYPE-A,,Agent B2,Payment C,2025-11-22,Category A,CCY-4,Y,105.02,17.36,14.81,13.57,11.57,1.31,1.12,152.75,130.28,,UMK,130.28,1769,GQPKI7,Basis-002/BG,3.0,0.42,0.33,0.03,3.72
XA,2025-12-28,DOM,FN-119,XAFN-117,KEENAB,KEE-NAB,6773602606474,,KEE-NAB,Class 9,TYPE-D,,Agent A2,Payment A,2025-11-19,Category B,CCY-1,Y,77.36,7.53,8.82,14.81,17.33,3.2,3.75,85.23,99.76,,KEE,99.76,4944,0CLBR7,Basis-003,2.21,0.25,0.5,0.11,2.85
XA,2025-12-28,DOM,FN-119,XAFN-133,KEEUMK,KEE-UMK,1939909169985,Category D,KEE-UMK,Class 2,TYPE-B,,Agent C2,Payment C,2025-11-21,Category B,CCY-2,N,131.94,37.49,31.01,3.48,2.88,0.54,0.45,199.93,165.38,,KEE,165.38,3442,EXQ77A,Basis-003,3.77,0.89,0.08,0.01,4.73
XA,2025-12-03,DOM,FN-119,XAFN-132,FUGUMK,FUG-UMK,4278498084124,,FUG-UMK,Class 4,TYPE-A,,Agent C2,Payment C,2025-11-10,Category C,CCY-3,N,106.45,33.7,31.66,4.52,4.25,0.76,0.71,150.76,141.65,,FUG,141.65,1925,ZHWJR6,Basis-001,3.04,0.9,0.12,0.02,4.05
XA,2025-12-21,DOM,FN-118,XAFN-117,NABDRW,NAB-DRW,7868011280598,Category C,NAB-DRW,Class 5,TYPE-D,,Agent A2,Payment A,2025-11-20,Category C,CCY-1,Y,180.06,18.94,20.99,7.7,8.54,0.03,0.03,189.06,209.56,,NAB,209.56,3131,HID25O,Basis-003,5.14,0.6,0.24,0.0,5.99
XA,2025-12-11,DOM,FN-133,XAFN-119,YMLKSN,YML-KSN,4216073375433,,YML-KSN,Class 3,TYPE-B,,Agent B2,Payment B,2025-11-18,Category A,CCY-4,N,101.86,52.79,57.78,9.07,9.93,0.12,0.13,154.79,169.44,,YML,169.44,3076,XO9T7E,Basis-002,2.91,1.65,0.28,0.0,4.84
XA,2025-12-26,DOM,FN-132,XAFN-133,TDXQFX,TDX-QFX,9816934060883,Category D,TDX-QFX,Class 1,TYPE-D,,Agent A1,Payment C,2025-12-29,Category C,CCY-1,N,65.38,45.13,42.34,4.16,3.9,2.08,1.95,116.88,109.67,,TDX,109.67,1220,ZKLOOK,Basis-001/BG,1.87,1.21,0.11,0.06,3.13
XA,2025-12-18,DOM,FN-101,XAFN-118,DRWNAB,DRW-NAB,4369957773872,,DRW-NAB,Class 7,TYPE-C,,Agent C1,Payment C,2025-12-11,Category C,CCY-2,Y,166.71,0.65,0.6,3.65,3.36,5.57,5.13,179.86,165.54,,DRW,165.54,2124,YIHAIR,Basis-001,4.76,0.02,0.1,0.15,4.73
XA,2025-12-21,INT,FN-101,XAFN-105,DRWKUV,DRW-KUV,6328708317278,Category D,DRW-KUV,Class 4,TYPE-D,,Agent C1,Payment C,2025-12-28,Category D,CCY-4,N,165.75,45.77,41.08,12.1,10.86,4.57,4.1,237.96,213.59,,DRW,213.59,1503,0RJIW1,Basis-003,4.74,1.17,0.31,0.12,6.1
XA,2025-12-09,INT,FN-132,XAFN-132,NABVQR,NAB-VQR,8122362316658,,NAB-VQR,Class 5,TYPE-D,,Agent A1,Payment A,2025-12-24,Category D,CCY-4,N,140.75,27.87,25.48,2.85,2.61,0.6,0.55,184.07,168.29,,NAB,168.29,4984,8A5UR7,Basis-002,4.02,0.73,0.07,0.02,4.81
XA,2025-12-16,INT,FN-101,XAFN-133,UBRSZV,UBR-SZV,5627298069901,,UBR-SZV,Class 7,TYPE-B,,Agent B2,Payment A,2025-11-04,Category C,CCY-2,N,92.41,25.4,23.09,16.82,15.29,2.49,2.26,141.37,128.53,,UBR,128.53,2881,HL1N13,Basis-002,2.64,0.66,0.44,0.06,3.67
XA,2025-12-21,DOM,FN-105,XAFN-101,JYNKEE,JYN-KEE,0330923271937,Category D,JYN-KEE,Class 9,TYPE-C,,Agent A2,Payment C,2025-12-09,Category A,CCY-1,Y,177.49,3.78,3.55,12.36,11.62,9.44,8.87,195.52,183.79,,JYN,183.79,2748,DALY8O,Basis-001/BG,5.07,0.1,0.33,0.25,5.25
XA,2025-12-22,DOM,FN-508,XAFN-105,TDXPVS,TDX-PVS,9058651850671,,TDX-PVS,Class 4,TYPE-C,,Agent C2,Payment B,2025-12-16,Category B,CCY-1,N,119.19,21.56,19.85,14.19,13.06,4.51,4.15,160.7,147.95,,TDX,147.95,1642,08J3TR,Basis-002/BG,3.41,0.57,0.37,0.12,4.23
XA,2025-12-25,INT,FN-394,XAFN-508,JKSSZV,JKS-SZV,9650752735454,Category D,JKS-SZV,Class 4,TYPE-A,,Agent C1,Payment A,2025-11-06,Category B,CCY-1,N,232.48,44.85,43.97,5.92,5.8,3.31,3.24,284.61,279.01,,JKS,279.01,4202,TIRZQA,Basis-002,6.64,1.26,0.17,0.09,7.97
XA,2025-12-18,DOM,FN-395,XAFN-132,DRWPVS,DRW-PVS,6855744431351,Category C,DRW-PVS,Class 4,TYPE-B,,Agent A2,Payment C,2025-12-01,Category C,CCY-3,N,125.26,36.9,34.97,15.7,14.88,4.39,4.16,180.4,170.95,,DRW,170.95,1023,3KMKZE,Basis-001,3.58,1.0,0.43,0.12,4.88
XA,2025-12-10,DOM,FN-394,XAFN-394,UMKQFX,UMK-QFX,7520471167190,Category C,UMK-QFX,Class 3,TYPE-B,,Agent C1,Payment B,2025-11-06,Category B,CCY-4,Y,111.67,33.82,27.22,5.55,4.47,0.71,0.57,177.4,142.79,,UMK,142.79,4771,1V2ISQ,Basis-002/BG,3.19,0.78,0.13,0.02,4.08
XA,2025-12-31,INT,FN-105,XAFN-119,UBRSUQ,UBR-SUQ,3412328120679,,UBR-SUQ,Class 7,TYPE-C,,Agent A1,Payment A,2025-11-19,Category C,CCY-3,N,54.3,51.2,42.19,20.36,16.78,1.87,1.54,135.58,111.73,,UBR,111.73,783,Y72WX7,Basis-002/BG,1.55,1.21,0.48,0.04,3.19
XA,2025-12-06,DOM,FN-118,XAFN-508,UMKYML,UMK-YML,9471746488771,,UMK-YML,Class 3,TYPE-D,,Agent C2,Payment B,2025-12-09,Category C,CCY-3,Y,144.24,54.37,45.05,14.25,11.81,7.19,5.96,235.52,195.14,,UMK,195.14,948,IY4VA1,Basis-002,4.12,1.29,0.34,0.17,5.58
XA,2025-12-09,DOM,FN-117,XAFN-508,KLCUBR,KLC-UBR,6717565512567,Category D,KLC-UBR,Class 3,TYPE-D,,Agent C1,Payment A,2025-11-30,Category A,CCY-4,N,98.39,36.26,35.42,18.11,17.69,2.61,2.55,152.47,148.95,,KLC,148.95,2267,L8OS9X,Basis-003,2.81,1.01,0.51,0.07,4.26
XA,2025-12-15,INT,FN-101,XAFN-119,DRWZYR,DRW-ZYR,4824771093248,,DRW-ZYR,Class 4,TYPE-D,,Agent A1,Payment A,2025-12-24,Category A,CCY-3,N,147.13,53.5,53.47,3.1,3.1,4.58,4.58,199.24,199.12,,DRW,199.12,1162,XF7KZO,Basis-002/BG,4.2,1.53,0.09,0.13,5.69
XA,2025-12-17,INT,FN-117,XAFN-105,YMLHGV,YML-HGV,4658404499727,,YML-HGV,Class 9,TYPE-C,,Agent B1,Payment C,2025-12-19,Category D,CCY-2,N,215.75,26.79,31.31,7.27,8.5,3.54,4.14,215.12,251.42,,YML,251.42,2836,59IN4O,Basis-002,6.16,0.89,0.24,0.12,7.18
XA,2025-12-21,INT,FN-117,XAFN-394,PVSDPQ,PVS-DPQ,0289517187026,Category C,PVS-DPQ,Class 7,TYPE-A,,Agent B2,Payment B,2025-11-22,Category D,CCY-4,Y,157.34,0.17,0.19,7.97,8.9,6.97,7.78,142.04,158.65,,PVS,158.65,2891,44NLZ1,Basis-003,4.5,0.01,0.25,0.22,4.53
XA,2025-12-14,DOM,FN-105,XAFN-105,TDXFUG,TDX-FUG,7240050455623,,TDX-FUG,Class 4,TYPE-B,,Agent A2,Payment A,2025-11-06,Category D,CCY-3,Y,178.57,47.48,52.17,6.74,7.41,8.11,8.91,208.65,229.24,,TDX,229.24,4276,6FQJJA,Basis-002/BG,5.1,1.49,0.21,0.25,6.55
XA,2025-12-19,INT,FN-118,XAFN-133,NABKHV,NAB-KHV,4743671369594,Category D,NAB-KHV,Class 3,TYPE-A,,Agent C2,Payment B,2025-11-18,Category A,CCY-1,Y,85.32,23.95,22.47,15.54,14.58,2.0,1.88,128.42,120.49,,NAB,120.49,4269,361I2H,Basis-001/BG,2.44,0.64,0.42,0.05,3.44
XA,2025-12-10,INT,FN-394,XAFN-101,NABDPQ,NAB-DPQ,9521456232858,Category D,NAB-DPQ,Class 3,TYPE-B,,Agent B1,Payment B,2025-12-22,Category C,CCY-1,N,176.3,20.83,22.05,11.87,12.57,7.52,7.96,191.74,202.96,,NAB,202.96,1143,QC1IYY,Basis-002/BG,5.04,0.63,0.36,0.23,5.8
XA,2025-12-12,INT,FN-118,XAFN-508,FUGDPQ,FUG-DPQ,6513709859317,Category D,FUG-DPQ,Class 7,TYPE-D,,Agent A1,Payment A,2025-11-03,Category A,CCY-1,N,157.77,52.42,44.53,7.64,6.49,2.46,2.09,243.34,206.7,,FUG,206.7,4235,EITNN8,Basis-003,4.51,1.27,0.19,0.06,5.91
XA,2025-12-20,INT,FN-133,XAFN-118,TDXMFP,TDX-MFP,0537735158506,Category D,TDX-MFP,Class 3,TYPE-B,,Agent A1,Payment B,2025-11-06,Category B,CCY-4,Y,123.79,21.28,24.12,2.36,2.68,3.57,4.05,129.28,146.54,,TDX,146.54,614,2IEUC1,Basis-001/BG,3.54,0.69,0.08,0.12,4.19
XA,2025-12-09,DOM,FN-117,XAFN-117,UBRYML,UBR-YML,8421020539502,Category D,UBR-YML,Class 6,TYPE-A,,Agent A2,Payment C,2025-11-27,Category A,CCY-2,Y,173.69,32.67,33.92,9.66,10.03,6.6,6.85,203.0,210.79,,UBR,210.79,4101,QNVQHW,Basis-003,4.96,0.97,0.29,0.2,6.02
XA,2025-12-14,INT,FN-105,XAFN-394,JYNKUV,JYN-KUV,7115921249985,,JYN-KUV,Class 1,TYPE-C,,Agent B2,Payment C,2025-12-09,Category D,CCY-1,Y,131.23,7.7,8.77,6.94,7.9,5.75,6.55,124.11,141.35,,JYN,141.35,1137,4X1ZHQ,Basis-001/BG,3.75,0.25,0.23,0.19,4.04
XA,2025-12-14,INT,FN-132,XAFN-118,JKSSZV,JKS-SZV,5271111615280,Category D,JKS-SZV,Class 8,TYPE-A,,Agent B2,Payment B,2025-12-26,Category D,CCY-4,Y,122.58,21.44,17.97,10.97,9.19,3.04,2.55,175.64,147.19,,JKS,147.19,2556,VMUHXI,Basis-001,3.5,0.51,0.26,0.07,4.21
XA,2025-12-26,INT,FN-133,XAFN-395,UBRKHV,UBR-KHV,9980940244550,Category C,UBR-KHV,Class 6,TYPE-B,,Agent C1,Payment C,2025-11-26,Category A,CCY-1,Y,182.32,56.61,58.29,10.56,10.87,6.75,6.95,237.49,244.53,,UBR,244.53,451,DTNQFL,Basis-002,5.21,1.67,0.31,0.2,6.99
XA,2025-12-22,DOM,FN-133,XAFN-394,KEEKSN,KEE-KSN,9764381561497,Category D,KEE-KSN,Class 3,TYPE-A,,Agent A2,Payment B,2025-12-09,Category A,CCY-1,Y,170.6,31.78,28.88,0.45,0.41,6.33,5.75,213.61,194.14,,KEE,194.14,1874,KHEJLA,Basis-002/BG,4.87,0.83,0.01,0.16,5.55
XA,2025-12-26,DOM,FN-132,XAFN-105,KSNDRW,KSN-DRW,6060715969664,,KSN-DRW,Class 9,TYPE-D,,Agent A1,Payment B,2025-11-11,Category D,CCY-2,N,147.88,27.26,30.9,19.69,22.32,3.26,3.7,174.18,197.4,,KSN,197.4,921,PDPOC5,Basis-002,4.23,0.88,0.64,0.11,5.64
XA,2025-12-17,DOM,FN-119,XAFN-132,JKSKLC,JKS-KLC,5231243292127,,JKS-KLC,Class 3,TYPE-D,,Agent C2,Payment C,2025-12-12,Category C,CCY-1,N,134.61,40.82,34.52,11.62,9.83,4.07,3.44,207.57,175.52,,JKS,175.52,1436,PQW2VM,Basis-001,3.85,0.99,0.28,0.1,5.01
XA,2025-12-21,INT,FN-105,XAFN-508,JYNHGV,JYN-HGV,9867980793597,Category C,JYN-HGV,Class 1,TYPE-A,,Agent B2,Payment A,2025-12-22,Category C,CCY-1,Y,56.51,51.53,47.14,15.04,13.76,1.14,1.04,127.2,116.37,,JYN,116.37,4333,XBZ9SV,Basis-002,1.61,1.35,0.39,0.03,3.32
XA,2025-12-21,INT,FN-132,XAFN-105,QFXTPX,QFX-TPX,5186449251925,Category D,QFX-TPX,Class 7,TYPE-D,,Agent A2,Payment C,2025-12-16,Category A,CCY-3,N,213.28,19.93,16.36,20.72,17.01,8.82,7.24,291.63,239.41,,QFX,239.41,4778,N23Y30,Basis-003,6.09,0.47,0.49,0.21,6.84
XA,2025-12-31,DOM,FN-119,XAFN-132,NABUBR,NAB-UBR,7332214188805,Category C,NAB-UBR,Class 7,TYPE-D,,Agent A2,Payment A,2025-11-12,Category B,CCY-3,N,37.85,42.01,38.8,22.68,20.95,0.03,0.03,105.65,97.57,,NAB,97.57,557,OYIPK0,Basis-002/BG,1.08,1.11,0.6,0.0,2.79
XA,2025-12-22,DOM,FN-508,XAFN-394,UMKYML,UMK-YML,7468862392407,Category D,UMK-YML,Class 5,TYPE-A,,Agent C2,Payment C,2025-12-25,Category A,CCY-4,N,70.76,24.51,21.51,11.96,10.5,3.65,3.2,113.46,99.57,,UMK,99.57,887,1J6FP8,Basis-001/BG,2.02,0.61,0.3,0.09,2.84
XA,2025-12-13,INT,FN-105,XAFN-132,JKSZYR,JKS-ZYR,3051522047277,,JKS-ZYR,Class 7,TYPE-A,,Agent A1,Payment B,2025-11-14,Category B,CCY-1,N,109.72,7.1,6.74,10.89,10.34,2.29,2.17,131.25,124.63,,JKS,124.63,1110,1IEIXW,Basis-001,3.13,0.19,0.3,0.06,3.56
XA,2025-12-23,DOM,FN-117,XAFN-118,UBRJYN,UBR-JYN,6095396218518,,UBR-JYN,Class 9,TYPE-D,,Agent B2,Payment A,2025-12-11,Category D,CCY-1,N,65.02,36.02,37.1,5.24,5.4,1.99,2.05,102.4,105.47,,UBR,105.47,2277,0MCIXD,Basis-003,1.86,1.06,0.15,0.06,3.01
XA,2025-12-25,INT,FN-394,XAFN-394,KSNZYR,KSN-ZYR,2217043030548,,KSN-ZYR,Class 6,TYPE-D,,Agent B1,Payment A,2025-12-19,Category B,CCY-3,N,273.99,20.98,18.25,9.64,8.39,12.8,11.14,332.73,289.49,,KSN,289.49,3124,5BXJ2P,Basis-002/BG,7.83,0.52,0.24,0.32,8.27
XA,2025-12-26,INT,FN-395,XAFN-118,DRWRZP,DRW-RZP,1616928451154,Category D,DRW-RZP,Class 3,TYPE-D,,Agent C1,Payment C,2025-11-28,Category B,CCY-4,N,215.08,12.19,11.54,11.76,11.14,7.86,7.44,243.23,230.32,,DRW,230.32,3079,Q06WPX,Basis-001,6.15,0.33,0.32,0.21,6.58
XA,2025-12-06,DOM,FN-101,XAFN-117,NABUBR,NAB-UBR,9702135569092,,NAB-UBR,Class 7,TYPE-C,,Agent B1,Payment B,2025-12-19,Category A,CCY-3,Y,254.57,5.35,5.89,9.93,10.92,5.94,6.53,240.78,264.85,,NAB,264.85,4537,NLK8AG,Basis-003,7.27,0.17,0.31,0.19,7.57
XA,2025-12-20,INT,FN-118,XAFN-394,UMKLNR,UMK-LNR,3121727155188,Category D,UMK-LNR,Class 5,TYPE-C,,Agent A2,Payment C,2025-12-16,Category B,CCY-3,N,170.79,47.11,41.73,4.31,3.82,6.78,6.01,237.44,210.33,,UMK,210.33,4367,I92IRM,Basis-003,4.88,1.19,0.11,0.17,6.01
XA,2025-12-10,INT,FN-133,XAFN-394,JYNDPQ,JYN-DPQ,8669125177852,Category C,JYN-DPQ,Class 9,TYPE-B,,Agent B2,Payment C,2025-12-29,Category A,CCY-2,Y,44.36,45.33,37.83,13.76,11.48,1.63,1.36,110.62,92.31,,JYN,92.31,4444,FFLZM7,Basis-002,1.27,1.08,0.33,0.04,2.64
XA,2025-12-18,DOM,FN-105,XAFN-395,QFXYML,QFX-YML,2992299590010,Category D,QFX-YML,Class 9,TYPE-B,,Agent C1,Payment B,2025-12-10,Category A,CCY-3,N,170.04,38.21,35.2,7.17,6.6,1.15,1.06,228.83,210.78,,QFX,210.78,4669,K8R2YK,Basis-001,4.86,1.01,0.19,0.03,6.02
XA,2025-12-05,DOM,FN-132,XAFN-132,KSNJYN,KSN-JYN,5625881537147,Category C,KSN-JYN,Class 7,TYPE-B,,Agent A1,Payment A,2025-11-19,Category D,CCY-4,N,168.58,36.75,34.4,6.87,6.43,4.18,3.91,219.53,205.5,,KSN,205.5,2233,8637ZG,Basis-001/BG,4.82,0.98,0.18,0.11,5.87
XA,2025-12-13,INT,FN-395,XAFN-394,UMKHGV,UMK-HGV,3395004797480,,UMK-HGV,Class 8,TYPE-D,,Agent A2,Payment B,2025-12-17,Category C,CCY-3,N,299.26,44.39,37.11,4.83,4.04,8.9,7.44,398.28,332.97,,UMK,332.97,3197,BBUNKN,Basis-002/BG,8.55,1.06,0.12,0.21,9.51
XA,2025-12-26,INT,FN-132,XAFN-395,UBRSUQ,UBR-SUQ,5239868000257,,UBR-SUQ,Class 2,TYPE-B,,Agent C1,Payment C,2025-11-09,Category C,CCY-2,N,202.52,16.06,15.38,14.56,13.94,10.31,9.87,231.81,221.97,,UBR,221.97,1531,OW4VSS,Basis-002/BG,5.79,0.44,0.4,0.28,6.34
XA,2025-12-14,INT,FN-508,XAFN-118,JYNSZV,JYN-SZV,0974993097289,,JYN-SZV,Class 1,TYPE-B,,Agent C2,Payment A,2025-11-03,Category A,CCY-3,Y,242.69,20.96,17.69,17.56,14.82,4.76,4.02,321.36,271.18,,JYN,271.18,355,PPOHSW,Basis-002/BG,6.93,0.51,0.42,0.11,7.75
XA,2025-12-16,DOM,FN-395,XAFN-133,PVSKSN,PVS-KSN,5278585497334,Category D,PVS-KSN,Class 9,TYPE-B,,Agent B1,Payment B,2025-12-16,Category B,CCY-2,N,183.02,35.3,42.33,16.24,19.48,4.28,5.13,199.88,239.7,,PVS,239.7,2797,RU7ZKU,Basis-003,5.23,1.21,0.56,0.15,6.85
XA,2025-12-23,INT,FN-105,XAFN-132,DRWSZV,DRW-SZV,7473384842199,Category C,DRW-SZV,Class 6,TYPE-B,,Agent A1,Payment C,2025-12-28,Category B,CCY-2,Y,130.37,20.43,18.69,6.07,5.55,2.07,1.89,166.9,152.72,,DRW,152.72,630,DLRYE8,Basis-001/BG,3.72,0.53,0.16,0.05,4.36
XA,2025-12-10,INT,FN-101,XAFN-105,NABHGV,NAB-HGV,9380262067240,,NAB-HGV,Class 8,TYPE-C,,Agent C1,Payment C,2025-11-07,Category C,CCY-2,N,84.74,31.52,28.84,12.8,11.71,3.5,3.2,133.45,122.09,,NAB,122.09,3922,9TR74Q,Basis-001/BG,2.42,0.82,0.33,0.09,3.49
XA,2025-12-11,DOM,FN-118,XAFN-508,JKSKSN,JKS-KSN,3296685161227,Category D,JKS-KSN,Class 8,TYPE-B,,Agent A1,Payment B,2025-11-25,Category B,CCY-3,N,172.14,52.64,42.41,12.5,10.07,7.67,6.18,271.14,218.44,,JKS,218.44,2387,8K0AXY,Basis-001,4.92,1.21,0.29,0.18,6.24
XA,2025-12-29,DOM,FN-118,XAFN-105,JYNQFX,JYN-QFX,4593327279568,,JYN-QFX,Class 3,TYPE-B,,Agent A2,Payment C,2025-12-19,Category A,CCY-4,N,266.28,22.26,26.03,20.18,23.6,7.81,9.13,262.38,306.78,,JYN,306.78,4526,ZCUCTS,Basis-003,7.61,0.74,0.67,0.26,8.77
XA,2025-12-19,DOM,FN-394,XAFN-105,KSNJKS,KSN-JKS,8707286790874,,KSN-JKS,Class 9,TYPE-D,,Agent B1,Payment A,2025-12-18,Category B,CCY-4,Y,200.05,19.43,17.14,5.27,4.65,1.31,1.16,250.16,220.68,,KSN,220.68,571,PZTC69,Basis-002/BG,5.72,0.49,0.13,0.03,6.31
XA,2025-12-21,DOM,FN-133,XAFN-132,QFXDRW,QFX-DRW,6766182512868,Category C,QFX-DRW,Class 3,TYPE-B,,Agent A1,Payment A,2025-11-20,Category D,CCY-2,N,188.6,22.37,26.65,11.39,13.57,6.06,7.22,186.01,221.6,,QFX,221.6,4557,NIQFG5,Basis-001,5.39,0.76,0.39,0.21,6.33
XA,2025-12-20,DOM,FN-101,XAFN-394,KLCNAB,KLC-NAB,9030673830284,Category C,KLC-NAB,Class 7,TYPE-C,,Agent C1,Payment C,2025-12-20,Category C,CCY-1,Y,187.86,34.96,28.91,6.98,5.77,2.73,2.26,266.39,220.28,,KLC,220.28,2672,59SOJU,Basis-003,5.37,0.83,0.16,0.06,6.29
XA,2025-12-21,DOM,FN-133,XAFN-395,NABUBR,NAB-UBR,5662462873342,,NAB-UBR,Class 7,TYPE-A,,Agent C1,Payment B,2025-11-27,Category B,CCY-4,N,28.81,24.85,23.3,15.23,14.28,0.07,0.07,70.72,66.32,,NAB,66.32,2189,JLCQNT,Basis-001/BG,0.82,0.67,0.41,0.0,1.89
XA,2025-12-24,DOM,FN-395,XAFN-119,QFXDRW,QFX-DRW,7354033173936,Category C,QFX-DRW,Class 1,TYPE-C,,Agent B1,Payment B,2025-11-30,Category C,CCY-1,N,167.13,10.24,11.31,9.84,10.87,1.42,1.57,169.95,187.74,,QFX,187.74,2342,M5Q201,Basis-002,4.78,0.32,0.31,0.04,5.36
XA,2025-12-05,DOM,FN-101,XAFN-118,JKSUBR,JKS-UBR,8996423536937,Category D,JKS-UBR,Class 7,TYPE-C,,Agent B2,Payment C,2025-12-12,Category D,CCY-1,N,180.83,18.84,16.74,12.12,10.77,5.73,5.09,228.75,203.25,,JKS,203.25,1578,0MFTG6,Basis-001,5.17,0.48,0.31,0.15,5.81
XA,2025-12-08,DOM,FN-105,XAFN-117,UBRFUG,UBR-FUG,0387509977008,,UBR-FUG,Class 1,TYPE-A,,Agent A1,Payment C,2025-12-17,Category C,CCY-1,N,154.66,11.31,12.86,10.37,11.79,2.81,3.19,154.9,176.12,,UBR,176.12,340,SZP7G7,Basis-003,4.42,0.37,0.34,0.09,5.03
XA,2025-12-13,DOM,FN-105,XAFN-132,YMLUBR,YML-UBR,6793341016668,,YML-UBR,Class 9,TYPE-A,,Agent C2,Payment A,2025-12-15,Category B,CCY-3,Y,194.86,51.0,46.25,16.84,15.27,8.75,7.94,273.94,248.44,,YML,248.44,4294,4XL996,Basis-001,5.57,1.32,0.44,0.23,7.1
XA,2025-12-30,DOM,FN-118,XAFN-395,YMLPVS,YML-PVS,9025039261429,Category C,YML-PVS,Class 8,TYPE-D,,Agent C2,Payment C,2025-11-22,Category D,CCY-3,Y,39.79,19.2,15.93,15.16,12.58,0.11,0.09,82.21,68.21,,YML,68.21,842,S9BP4M,Basis-003,1.14,0.46,0.36,0.0,1.95
XA,2025-12-08,INT,FN-132,XAFN-395,KLCRZP,KLC-RZP,6629619431142,,KLC-RZP,Class 1,TYPE-B,,Agent C2,Payment B,2025-11-21,Category C,CCY-3,Y,191.1,38.49,37.73,29.85,29.26,7.64,7.49,255.66,250.6,,KLC,250.6,949,ALMJEG,Basis-002/BG,5.46,1.08,0.84,0.21,7.16
XA,2025-12-26,INT,FN-132,XAFN-133,FUGZYR,FUG-ZYR,0466183982622,Category D,FUG-ZYR,Class 2,TYPE-C,,Agent B1,Payment B,2025-11-10,Category A,CCY-3,Y,195.67,45.27,47.03,14.22,14.77,5.22,5.42,242.64,252.05,,FUG,252.05,3760,JK2N7Z,Basis-002/BG,5.59,1.34,0.42,0.15,7.2
XA,2025-12-27,DOM,FN-508,XAFN-133,JYNFUG,JYN-FUG,5756924593752,,JYN-FUG,Class 3,TYPE-C,,Agent B1,Payment C,2025-12-15,Category D,CCY-3,Y,202.11,26.37,25.27,14.39,13.79,0.07,0.07,251.6,241.1,,JYN,241.1,2869,N3OEUV,Basis-003,5.77,0.72,0.39,0.0,6.89
XA,2025-12-23,DOM,FN-119,XAFN-394,NABKLC,NAB-KLC,4167243426617,,NAB-KLC,Class 9,TYPE-D,,Agent C1,Payment C,2025-12-30,Category D,CCY-1,Y,88.17,26.86,26.45,7.69,7.57,4.27,4.2,119.83,117.99,,NAB,117.99,3145,Z3V6DI,Basis-002,2.52,0.76,0.22,0.12,3.37
XA,2025-12-26,DOM,FN-133,XAFN-105,NABTDX,NAB-TDX,0143888993756,,NAB-TDX,Class 1,TYPE-B,,Agent B1,Payment A,2025-12-01,Category A,CCY-4,N,156.55,69.39,64.72,0.71,0.66,8.12,7.57,229.84,214.36,,NAB,214.36,3607,7D30MM,Basis-001/BG,4.47,1.85,0.02,0.22,6.12
XA,2025-12-03,INT,FN-118,XAFN-101,JKSHGV,JKS-HGV,1051238282586,,JKS-HGV,Class 2,TYPE-B,,Agent B2,Payment C,2025-11-12,Category B,CCY-4,N,204.9,5.92,5.81,7.79,7.64,7.54,7.4,215.04,210.95,,JKS,210.95,3440,BWHVNZ,Basis-001/BG,5.85,0.17,0.22,0.21,6.03
XA,2025-12-12,INT,FN-132,XAFN-119,KLCMFP,KLC-MFP,7147859696915,Category D,KLC-MFP,Class 2,TYPE-D,,Agent C1,Payment A,2025-12-23,Category C,CCY-1,Y,237.12,30.51,30.96,4.54,4.61,9.34,9.48,259.38,263.21,,KLC,263.21,1297,LIENFN,Basis-003,6.77,0.88,0.13,0.27,7.52
XA,2025-12-30,DOM,FN-117,XAFN-395,TDXDRW,TDX-DRW,2742257905072,Category C,TDX-DRW,Class 7,TYPE-D,,Agent C1,Payment C,2025-12-12,Category D,CCY-2,N,92.78,39.6,40.19,6.26,6.35,2.23,2.26,135.04,137.06,,TDX,137.06,4228,O4RCB1,Basis-002,2.65,1.15,0.18,0.06,3.92
XA,2025-12-24,DOM,FN-394,XAFN-395,QFXYML,QFX-YML,8191485807836,,QFX-YML,Class 9,TYPE-B,,Agent B1,Payment A,2025-11-29,Category C,CCY-3,N,167.32,31.21,30.68,6.86,6.74,1.43,1.41,206.86,203.33,,QFX,203.33,912,P91I3V,Basis-002,4.78,0.88,0.19,0.04,5.81
XA,2025-12-19,INT,FN-132,XAFN-395,KSNSUQ,KSN-SUQ,4982544948126,,KSN-SUQ,Class 3,TYPE-C,,Agent C2,Payment A,2025-12-15,Category B,CCY-2,Y,321.52,35.21,39.51,0.12,0.13,11.66,13.08,310.18,348.08,,KSN,348.08,1398,Z31YRU,Basis-002,9.19,1.13,0.0,0.37,9.95
XA,2025-12-23,INT,FN-132,XAFN-394,DRWHGV,DRW-HGV,7590175186363,,DRW-HGV,Class 2,TYPE-C,,Agent B1,Payment B,2025-11-22,Category B,CCY-1,N,164.92,18.25,20.07,12.96,14.26,3.02,3.32,178.13,195.93,,DRW,195.93,3015,61BW4A,Basis-001/BG,4.71,0.57,0.41,0.09,5.6
XA,2025-12-29,INT,FN-118,XAFN-117,JYNZYR,JYN-ZYR,4154152064361,,JYN-ZYR,Class 7,TYPE-A,,Agent A2,Payment B,2025-11-05,Category B,CCY-2,Y,86.6,24.3,28.28,10.76,12.52,3.7,4.31,105.77,123.09,,JYN,123.09,4455,YAZ39P,Basis-001/BG,2.47,0.81,0.36,0.12,3.52
XA,2025-12-11,INT,FN-132,XAFN-118,FUGVQR,FUG-VQR,2622189092753,Category C,FUG-VQR,Class 7,TYPE-D,,Agent C1,Payment C,2025-11-29,Category B,CCY-1,Y,219.26,14.27,12.0,9.91,8.33,9.52,8.01,275.37,231.58,,FUG,231.58,1023,FE0MP2,Basis-001/BG,6.26,0.34,0.24,0.23,6.62
XA,2025-12-28,INT,FN-118,XAFN-119,NABLNR,NAB-LNR,8983640376137,,NAB-LNR,Class 4,TYPE-A,,Agent B1,Payment B,2025-11-09,Category D,CCY-3,N,112.0,18.77,20.2,17.5,18.83,4.05,4.36,136.29,146.67,,NAB,146.67,3193,TGQ9CV,Basis-001,3.2,0.58,0.54,0.12,4.19
XA,2025-12-17,INT,FN-133,XAFN-133,YMLZYR,YML-ZYR,6188924141832,Category D,YML-ZYR,Class 1,TYPE-D,,Agent C1,Payment C,2025-12-19,Category A,CCY-4,N,182.4,10.55,11.09,13.88,14.59,4.39,4.62,193.51,203.46,,YML,203.46,3783,04CDPQ,Basis-003,5.21,0.32,0.42,0.13,5.81
XA,2025-12-01,DOM,FN-117,XAFN-394,QFXNAB,QFX-NAB,5884252410564,,QFX-NAB,Class 3,TYPE-C,,Agent C2,Payment C,2025-12-11,Category A,CCY-1,N,319.77,53.21,45.49,2.81,2.4,0.23,0.2,429.84,367.46,,QFX,367.46,3928,SB4GF1,Basis-003,9.14,1.3,0.07,0.01,10.5
XA,2025-12-08,DOM,FN-101,XAFN-394,YMLPVS,YML-PVS,5622086353654,,YML-PVS,Class 9,TYPE-C,,Agent A1,Payment C,2025-12-14,Category A,CCY-1,Y,111.26,42.79,49.0,5.64,6.46,0.21,0.24,145.38,166.48,,YML,166.48,2028,298CQK,Basis-002,3.18,1.4,0.18,0.01,4.76
XA,2025-12-26,INT,FN-118,XAFN-508,FUGKHV,FUG-KHV,3759738320603,Category D,FUG-KHV,Class 8,TYPE-A,,Agent B1,Payment A,2025-12-19,Category D,CCY-1,N,185.51,45.41,41.62,5.86,5.37,3.73,3.42,249.91,229.08,,FUG,229.08,1051,H9P89F,Basis-002,5.3,1.19,0.15,0.1,6.55
XA,2025-12-24,DOM,FN-105,XAFN-508,KEEYML,KEE-YML,1826199062344,Category D,KEE-YML,Class 9,TYPE-D,,Agent C2,Payment C,2025-11-21,Category C,CCY-4,N,145.24,19.62,18.62,5.14,4.88,5.36,5.09,172.45,163.65,,KEE,163.65,2427,I7E1DD,Basis-002/BG,4.15,0.53,0.14,0.15,4.68
XA,2025-12-10,INT,FN-394,XAFN-118,JKSTPX,JKS-TPX,1124903521356,,JKS-TPX,Class 2,TYPE-C,,Agent B1,Payment A,2025-11-02,Category D,CCY-3,N,129.79,12.77,11.28,20.56,18.16,7.09,6.26,173.23,152.97,,JKS,152.97,4754,0IQ2FA,Basis-001/BG,3.71,0.32,0.52,0.18,4.37
XA,2025-12-27,DOM,FN-105,XAFN-101,YMLDRW,YML-DRW,1372151070296,,YML-DRW,Class 6,TYPE-D,,Agent A1,Payment B,2025-12-14,Category D,CCY-1,Y,35.59,25.9,23.4,11.79,10.65,1.15,1.04,75.92,68.6,,YML,68.6,3099,HGK5BW,Basis-001/BG,1.02,0.67,0.3,0.03,1.96
XA,2025-12-05,INT,FN-133,XAFN-119,JYNTPX,JYN-TPX,8380657875985,,JYN-TPX,Class 9,TYPE-C,,Agent A2,Payment A,2025-11-21,Category B,CCY-4,Y,265.3,9.28,8.46,17.35,15.82,0.89,0.81,316.66,288.77,,JYN,288.77,2501,C9T199,Basis-001,7.58,0.24,0.45,0.02,8.25
XA,2025-12-19,DOM,FN-133,XAFN-132,NABYML,NAB-YML,2239559059929,Category C,NAB-YML,Class 5,TYPE-D,,Agent C1,Payment B,2025-11-12,Category D,CCY-1,Y,150.82,12.96,15.28,10.44,12.31,4.88,5.76,146.42,172.65,,NAB,172.65,939,CVARLW,Basis-001/BG,4.31,0.44,0.35,0.16,4.93
XA,2025-12-30,INT,FN-117,XAFN-105,PVSGNP,PVS-GNP,8515691545226,,PVS-GNP,Class 6,TYPE-C,,Agent A2,Payment C,2025-12-06,Category C,CCY-1,Y,165.92,20.3,21.0,10.0,10.35,0.17,0.18,190.49,197.09,,PVS,197.09,1636,N0KGAZ,Basis-003,4.74,0.6,0.3,0.01,5.63
XA,2025-12-31,INT,FN-508,XAFN-119,UBRDPQ,UBR-DPQ,9172513552157,,UBR-DPQ,Class 1,TYPE-C,,Agent A2,Payment A,2025-12-15,Category A,CCY-2,N,119.17,27.13,31.7,11.39,13.31,3.07,3.59,137.44,160.59,,UBR,160.59,2302,2ZBPPF,Basis-002/BG,3.4,0.91,0.38,0.1,4.59
XA,2025-12-28,INT,FN-508,XAFN-119,DRWRZP,DRW-RZP,2710405411526,Category C,DRW-RZP,Class 9,TYPE-A,,Agent C1,Payment A,2025-11-22,Category D,CCY-4,Y,276.88,11.52,11.43,20.84,20.67,1.41,1.4,310.12,307.58,,DRW,307.58,3733,7F6FDH,Basis-001/BG,7.91,0.33,0.59,0.04,8.79
XA,2025-12-04,INT,FN-101,XAFN-133,PVSKHV,PVS-KHV,9872050614973,,PVS-KHV,Class 9,TYPE-A,,Agent A2,Payment A,2025-12-11,Category C,CCY-3,Y,6.17,30.16,27.72,14.08,12.94,0.22,0.2,50.74,46.63,,PVS,46.63,4079,4LORXD,Basis-003,0.18,0.79,0.37,0.01,1.33
XA,2025-12-15,INT,FN-394,XAFN-118,KSNRZP,KSN-RZP,3490211586938,,KSN-RZP,Class 7,TYPE-D,,Agent C1,Payment B,2025-12-05,Category D,CCY-3,Y,172.48,25.26,20.66,10.96,8.96,1.97,1.61,245.14,200.49,,KSN,200.49,4101,KO4BUS,Basis-003,4.93,0.59,0.26,0.05,5.73
XA,2025-12-07,DOM,FN-119,XAFN-117,FUGKLC,FUG-KLC,0616329451168,,FUG-KLC,Class 8,TYPE-C,,Agent B1,Payment C,2025-11-30,Category A,CCY-2,N,110.56,24.41,21.16,16.44,14.25,6.06,5.25,162.33,140.72,,FUG,140.72,1121,OFV177,Basis-003,3.16,0.6,0.41,0.15,4.02
XA,2025-12-21,DOM,FN-394,XAFN-508,KLCQFX,KLC-QFX,9702462996065,Category C,KLC-QFX,Class 9,TYPE-A,,Agent C2,Payment B,2025-12-29,Category C,CCY-3,N,178.56,21.65,19.61,16.01,14.5,8.66,7.84,226.17,204.83,,KLC,204.83,365,M2L44Y,Basis-001/BG,5.1,0.56,0.41,0.22,5.85
XA,2025-12-21,DOM,FN-105,XAFN-119,QFXPVS,QFX-PVS,7367850821486,Category C,QFX-PVS,Class 8,TYPE-A,,Agent A2,Payment A,2025-12-27,Category B,CCY-3,Y,174.58,43.64,42.19,13.6,13.15,2.43,2.35,235.41,227.57,,QFX,227.57,2243,BBMHNQ,Basis-002/BG,4.99,1.21,0.38,0.07,6.5
XA,2025-12-31,DOM,FN-394,XAFN-508,NABKEE,NAB-KEE,8552414060293,Category C,NAB-KEE,Class 4,TYPE-B,,Agent C2,Payment A,2025-11-18,Category D,CCY-3,Y,83.68,22.08,21.6,14.04,13.74,2.1,2.05,119.55,116.97,,NAB,116.97,272,REG2IV,Basis-002,2.39,0.62,0.39,0.06,3.34
XA,2025-12-22,INT,FN-395,XAFN-508,DRWTPX,DRW-TPX,6910858994417,,DRW-TPX,Class 6,TYPE-C,,Agent B1,Payment C,2025-11-21,Category C,CCY-4,N,198.83,30.09,29.69,10.73,10.59,2.54,2.51,239.79,236.6,,DRW,236.6,2647,GSIC43,Basis-002/BG,5.68,0.85,0.3,0.07,6.76
XA,2025-12-14,INT,FN-133,XAFN-133,NABGNP,NAB-GNP,0993538758428,Category C,NAB-GNP,Class 1,TYPE-C,,Agent A1,Payment B,2025-11-09,Category C,CCY-4,Y,252.21,23.38,21.13,14.1,12.74,13.92,12.58,302.62,273.5,,NAB,273.5,2949,XII5P5,Basis-002,7.21,0.6,0.36,0.36,7.81
XA,2025-12-19,INT,FN-508,XAFN-508,TDXMBT,TDX-MBT,1738168460223,Category D,TDX-MBT,Class 8,TYPE-D,,Agent C1,Payment B,2025-11-10,Category C,CCY-1,Y,133.82,23.31,26.73,13.51,15.49,2.75,3.15,150.79,172.89,,TDX,172.89,862,RWGWAJ,Basis-001/BG,3.82,0.76,0.44,0.09,4.94
XA,2025-12-13,DOM,FN-133,XAFN-394,JYNKLC,JYN-KLC,6008350583003,Category C,JYN-KLC,Class 2,TYPE-C,,Agent B1,Payment A,2025-11-07,Category D,CCY-2,N,216.03,40.06,42.2,15.69,16.53,6.3,6.64,254.53,268.12,,JYN,268.12,1568,CB8QSS,Basis-002/BG,6.17,1.21,0.47,0.19,7.66
XA,2025-12-26,DOM,FN-133,XAFN-101,JKSJYN,JKS-JYN,3323098215064,,JKS-JYN,Class 6,TYPE-A,,Agent C2,Payment A,2025-12-12,Category A,CCY-2,Y,151.68,34.6,40.23,7.27,8.45,1.08,1.25,171.24,199.11,,JKS,199.11,1148,PNTRFZ,Basis-001,4.33,1.15,0.24,0.04,5.69
XA,2025-12-14,INT,FN-105,XAFN-395,DRWKUV,DRW-KUV,9141173934835,,DRW-KUV,Class 2,TYPE-C,,Agent A2,Payment A,2025-12-06,Category D,CCY-3,Y,175.93,25.97,28.05,9.7,10.48,5.07,5.48,193.45,208.98,,DRW,208.98,4137,LAY64Y,Basis-001/BG,5.03,0.8,0.3,0.16,5.97
XA,2025-12-15,DOM,FN-118,XAFN-118,KLCUMK,KLC-UMK,7012045561100,Category C,KLC-UMK,Class 2,TYPE-B,,Agent B1,Payment B,2025-12-28,Category D,CCY-1,N,197.61,16.76,17.73,19.34,20.46,8.45,8.94,214.48,226.86,,KLC,226.86,961,NMEOQ4,Basis-002/BG,5.65,0.51,0.58,0.26,6.48
XA,2025-12-31,INT,FN-117,XAFN-105,NABDPQ,NAB-DPQ,6979729659027,,NAB-DPQ,Class 3,TYPE-A,,Agent B2,Payment B,2025-11-03,Category A,CCY-1,N,69.52,10.81,11.79,14.48,15.79,0.42,0.46,88.61,96.64,,NAB,96.64,2774,A5S00I,Basis-002,1.99,0.34,0.45,0.01,2.76
XA,2025-12-13,DOM,FN-117,XAFN-395,DRWNAB,DRW-NAB,9002877217535,Category D,DRW-NAB,Class 4,TYPE-A,,Agent C1,Payment A,2025-12-06,Category D,CCY-4,N,213.33,36.77,39.36,12.27,13.14,3.45,3.69,244.87,262.14,,DRW,262.14,2125,CPUDRL,Basis-002/BG,6.1,1.12,0.38,0.11,7.49
XA,2025-12-03,DOM,FN-508,XAFN-508,FUGDRW,FUG-DRW,4883755037589,,FUG-DRW,Class 7,TYPE-C,,Agent C2,Payment B,2025-11-08,Category A,CCY-1,Y,149.02,20.67,16.54,12.97,10.38,5.19,4.15,214.72,171.79,,FUG,171.79,217,M38KSZ,Basis-001,4.26,0.47,0.3,0.12,4.91
XA,2025-12-04,DOM,FN-133,XAFN-119,JYNKSN,JYN-KSN,7351609177982,,JYN-KSN,Class 7,TYPE-A,,Agent C1,Payment C,2025-11-04,Category D,CCY-1,N,95.83,50.81,44.63,10.54,9.26,1.39,1.22,169.06,148.5,,JYN,148.5,4364,26YG3D,Basis-003,2.74,1.28,0.26,0.03,4.24
XA,2025-12-10,INT,FN-394,XAFN-117,UMKTPX,UMK-TPX,2698485833394,Category D,UMK-TPX,Class 7,TYPE-B,,Agent C2,Payment C,2025-11-12,Category C,CCY-2,Y,83.96,21.24,25.18,10.17,12.06,0.97,1.15,101.27,120.05,,UMK,120.05,3085,UU7ZY6,Basis-003,2.4,0.72,0.34,0.03,3.43
XA,2025-12-22,INT,FN-101,XAFN-119,UBRTPX,UBR-TPX,4244204380571,Category C,UBR-TPX,Class 1,TYPE-D,,Agent A2,Payment C,2025-12-21,Category C,CCY-1,Y,104.9,20.59,17.67,13.07,11.22,0.15,0.13,155.76,133.66,,UBR,133.66,3325,N89LTA,Basis-002,3.0,0.5,0.32,0.0,3.82
XA,2025-12-21,DOM,FN-132,XAFN-508,TDXKLC,TDX-KLC,8933472122816,,TDX-KLC,Class 8,TYPE-D,,Agent B1,Payment C,2025-11-17,Category B,CCY-2,Y,169.6,20.71,22.4,7.06,7.64,7.15,7.73,177.39,191.91,,TDX,191.91,4984,4AQ7B7,Basis-003,4.85,0.64,0.22,0.22,5.48
XA,2025-12-03,DOM,FN-132,XAFN-395,KLCNAB,KLC-NAB,3281826886153,Category C,KLC-NAB,Class 5,TYPE-C,,Agent B1,Payment B,2025-11-19,Category B,CCY-4,N,168.56,8.12,8.28,2.9,2.96,6.53,6.66,169.73,173.14,,KLC,173.14,4798,39AYQ6,Basis-003,4.82,0.24,0.08,0.19,4.95
XA,2025-12-13,DOM,FN-118,XAFN-395,KEENAB,KEE-NAB,4085887704358,,KEE-NAB,Class 6,TYPE-A,,Agent A2,Payment C,2025-12-05,Category A,CCY-4,Y,92.52,22.75,26.8,9.8,11.55,3.6,4.24,107.5,126.63,,KEE,126.63,1926,Y15PDT,Basis-002/BG,2.64,0.77,0.33,0.12,3.62
XA,2025-12-03,DOM,FN-105,XAFN-101,PVSNAB,PVS-NAB,2481934667665,,PVS-NAB,Class 3,TYPE-D,,Agent C2,Payment A,2025-12-05,Category A,CCY-1,Y,268.03,45.95,42.86,9.86,9.2,6.59,6.15,336.6,313.94,,PVS,313.94,4997,B4MSKY,Basis-003,7.66,1.22,0.26,0.18,8.97
XA,2025-12-16,DOM,FN-117,XAFN-395,QFXKLC,QFX-KLC,3268424508821,,QFX-KLC,Class 8,TYPE-A,,Agent C1,Payment C,2025-11-26,Category A,CCY-4,N,148.48,14.06,14.96,9.31,9.91,2.75,2.93,160.13,170.42,,QFX,170.42,1920,06MOXS,Basis-001/BG,4.24,0.43,0.28,0.08,4.87
XA,2025-12-19,DOM,FN-101,XAFN-395,YMLTDX,YML-TDX,7814141397552,Category C,YML-TDX,Class 5,TYPE-A,,Agent B1,Payment C,2025-11-05,Category B,CCY-2,N,126.91,32.61,34.84,5.48,5.86,0.68,0.73,156.2,166.88,,YML,166.88,4180,QWLVUN,Basis-002,3.63,1.0,0.17,0.02,4.77
XA,2025-12-21,INT,FN-133,XAFN-118,KSNZYR,KSN-ZYR,5257775478129,,KSN-ZYR,Class 6,TYPE-C,,Agent A2,Payment C,2025-11-13,Category C,CCY-2,Y,191.55,48.84,52.99,8.72,9.46,6.93,7.52,227.2,246.48,,KSN,246.48,817,64W3U1,Basis-001/BG,5.47,1.51,0.27,0.21,7.04
XA,2025-12-13,DOM,FN-119,XAFN-508,UMKQFX,UMK-QFX,4278816580392,Category C,UMK-QFX,Class 9,TYPE-D,,Agent A2,Payment A,2025-12-07,Category B,CCY-4,N,182.14,46.95,40.35,9.3,7.99,6.93,5.96,261.24,224.52,,UMK,224.52,3139,B1IJIY,Basis-003,5.2,1.15,0.23,0.17,6.41
XA,2025-12-04,INT,FN-395,XAFN-118,DRWHGV,DRW-HGV,4989266591846,Category C,DRW-HGV,Class 8,TYPE-D,,Agent B1,Payment B,2025-12-02,Category D,CCY-1,Y,167.93,28.5,30.19,9.9,10.49,0.32,0.34,196.59,208.27,,DRW,208.27,4311,5PISKF,Basis-001/BG,4.8,0.86,0.3,0.01,5.95
XA,2025-12-04,INT,FN-394,XAFN-394,TDXMFP,TDX-MFP,7392603029922,,TDX-MFP,Class 2,TYPE-B,,Agent A1,Payment A,2025-11-17,Category B,CCY-2,N,88.16,32.58,30.37,13.4,12.49,1.96,1.83,138.6,129.19,,TDX,129.19,4817,W5038H,Basis-003,2.52,0.87,0.36,0.05,3.69
XA,2025-12-26,INT,FN-508,XAFN-117,UBRHGV,UBR-HGV,9842579913662,,UBR-HGV,Class 3,TYPE-A,,Agent A2,Payment C,2025-12-26,Category D,CCY-2,Y,266.09,42.67,44.39,19.96,20.77,10.62,11.05,307.79,320.2,,UBR,320.2,988,G6V5T1,Basis-001,7.6,1.27,0.59,0.32,9.15
XA,2025-12-21,INT,FN-133,XAFN-395,NABGNP,NAB-GNP,6508637659916,Category C,NAB-GNP,Class 9,TYPE-C,,Agent B2,Payment A,2025-12-29,Category A,CCY-1,N,88.61,38.81,43.08,9.84,10.92,3.58,3.97,124.91,138.64,,NAB,138.64,4654,OGZ2UE,Basis-001,2.53,1.23,0.31,0.11,3.96
XA,2025-12-21,INT,FN-508,XAFN-118,NABVQR,NAB-VQR,4869594636887,Category C,NAB-VQR,Class 6,TYPE-C,,Agent C1,Payment C,2025-12-01,Category C,CCY-4,N,325.18,20.74,17.88,6.73,5.8,6.83,5.89,397.92,342.97,,NAB,342.97,4932,MZ04X0,Basis-002/BG,9.29,0.51,0.17,0.17,9.8
XA,2025-12-20,DOM,FN-101,XAFN-117,FUGYML,FUG-YML,6012796114351,,FUG-YML,Class 9,TYPE-D,,Agent B2,Payment C,2025-12-12,Category C,CCY-4,Y,102.05,1.66,1.86,6.58,7.37,3.58,4.01,95.75,107.27,,FUG,107.27,1635,XPHX2K,Basis-001,2.92,0.05,0.21,0.11,3.06
XA,2025-12-06,DOM,FN-105,XAFN-118,TDXKSN,TDX-KSN,6566938011848,Category D,TDX-KSN,Class 1,TYPE-C,,Agent B1,Payment A,2025-12-09,Category B,CCY-3,N,89.27,40.32,32.26,14.64,11.71,1.34,1.07,165.19,132.17,,TDX,132.17,3509,UJODCK,Basis-001,2.55,0.92,0.33,0.03,3.78
XA,2025-12-25,INT,FN-119,XAFN-132,UMKSZV,UMK-SZV,7790714163356,Category D,UMK-SZV,Class 5,TYPE-A,,Agent C2,Payment B,2025-11-16,Category C,CCY-4,Y,300.09,43.17,44.26,6.94,7.12,14.14,14.5,328.67,336.97,,UMK,336.97,3468,Y3C7RM,Basis-003,8.57,1.26,0.2,0.41,9.63
XA,2025-12-08,INT,FN-118,XAFN-119,KSNMFP,KSN-MFP,3339521117908,,KSN-MFP,Class 4,TYPE-D,,Agent B1,Payment C,2025-11-21,Category D,CCY-4,N,78.13,41.81,37.38,3.8,3.4,3.22,2.88,129.8,116.03,,KSN,116.03,4220,G1SO1E,Basis-003,2.23,1.07,0.1,0.08,3.32
XA,2025-12-06,INT,FN-394,XAFN-105,JYNKHV,JYN-KHV,8750036915594,Category C,JYN-KHV,Class 1,TYPE-C,,Agent A2,Payment B,2025-12-01,Category C,CCY-3,N,296.52,44.38,47.69,7.12,7.65,5.43,5.84,322.02,346.02,,JYN,346.02,1706,RHZN4K,Basis-001/BG,8.47,1.36,0.22,0.17,9.89
XA,2025-12-18,DOM,FN-133,XAFN-133,TDXNAB,TDX-NAB,3227026728857,Category D,TDX-NAB,Class 4,TYPE-C,,Agent C1,Payment C,2025-11-04,Category D,CCY-1,Y,12.95,44.85,50.31,8.41,9.43,0.42,0.47,64.39,72.22,,TDX,72.22,1538,C3RWQM,Basis-002,0.37,1.44,0.27,0.01,2.06
XA,2025-12-28,INT,FN-508,XAFN-119,UMKKHV,UMK-KHV,9982455877169,Category D,UMK-KHV,Class 5,TYPE-D,,Agent C2,Payment A,2025-12-26,Category B,CCY-3,N,249.03,7.17,6.08,8.25,7.0,0.29,0.25,308.62,261.86,,UMK,261.86,3655,WU4CFI,Basis-002,7.12,0.17,0.2,0.01,7.48
XA,2025-12-31,INT,FN-132,XAFN-508,PVSMBT,PVS-MBT,8762202341326,,PVS-MBT,Class 7,TYPE-A,,Agent A1,Payment B,2025-12-06,Category A,CCY-3,Y,150.42,27.6,30.7,6.97,7.75,6.01,6.68,163.78,182.19,,PVS,182.19,3452,S9DWD7,Basis-002/BG,4.3,0.88,0.22,0.19,5.21
XA,2025-12-27,INT,FN-117,XAFN-101,YMLVQR,YML-VQR,0557784872829,,YML-VQR,Class 5,TYPE-D,,Agent C1,Payment C,2025-12-11,Category C,CCY-4,N,199.83,16.41,13.99,10.9,9.29,7.34,6.26,254.37,216.85,,YML,216.85,4145,T2PNJK,Basis-001,5.71,0.4,0.27,0.18,6.2
XA,2025-12-25,DOM,FN-394,XAFN-118,JKSQFX,JKS-QFX,0649308536866,Category C,JKS-QFX,Class 8,TYPE-B,,Agent C2,Payment C,2025-12-12,Category D,CCY-1,N,159.62,37.84,37.72,13.6,13.56,5.51,5.49,206.08,205.41,,JKS,205.41,2007,JPI163,Basis-002,4.56,1.08,0.39,0.16,5.87
XA,2025-12-06,INT,FN-117,XAFN-118,NABMFP,NAB-MFP,1797497350208,,NAB-MFP,Class 9,TYPE-B,,Agent A1,Payment B,2025-11-18,Category B,CCY-3,N,60.03,6.12,6.99,14.36,16.39,1.09,1.24,71.99,82.17,,NAB,82.17,267,IFRML2,Basis-002,1.72,0.2,0.47,0.04,2.35
XA,2025-12-05,INT,FN-101,XAFN-118,PVSDPQ,PVS-DPQ,6187234601367,Category C,PVS-DPQ,Class 1,TYPE-A,,Agent A2,Payment B,2025-12-18,Category A,CCY-3,Y,176.59,17.06,18.77,16.14,17.76,0.65,0.71,193.06,212.41,,PVS,212.41,4073,O87F00,Basis-003,5.05,0.54,0.51,0.02,6.07
XA,2025-12-22,DOM,FN-119,XAFN-105,QFXJYN,QFX-JYN,3650249163009,,QFX-JYN,Class 5,TYPE-B,,Agent B1,Payment A,2025-11-16,Category B,CCY-2,N,159.25,58.1,47.69,12.6,10.34,3.5,2.87,261.21,214.41,,QFX,214.41,948,YM81CM,Basis-001/BG,4.55,1.36,0.3,0.08,6.13
XA,2025-12-25,DOM,FN-132,XAFN-394,KSNJYN,KSN-JYN,3065240778487,Category C,KSN-JYN,Class 4,TYPE-B,,Agent C1,Payment B,2025-11-21,Category D,CCY-3,N,314.86,50.5,56.33,7.85,8.76,13.85,15.45,326.78,364.5,,KSN,364.5,4742,FTQ3TQ,Basis-003,9.0,1.61,0.25,0.44,10.41
XA,2025-12-24,INT,FN-105,XAFN-395,PVSGNP,PVS-GNP,6387829456511,,PVS-GNP,Class 1,TYPE-A,,Agent A2,Payment A,2025-12-26,Category A,CCY-3,Y,227.73,44.31,39.68,18.8,16.84,9.87,8.84,307.54,275.41,,PVS,275.41,1076,RDU4XS,Basis-003,6.51,1.13,0.48,0.25,7.87
XA,2025-12-21,INT,FN-394,XAFN-105,KEERZP,KEE-RZP,7058650948014,,KEE-RZP,Class 4,TYPE-B,,Agent C1,Payment A,2025-11-07,Category B,CCY-1,N,72.81,34.48,40.29,13.09,15.29,0.04,0.05,109.84,128.34,,KEE,128.34,1752,GXU8UU,Basis-001,2.08,1.15,0.44,0.0,3.67
XA,2025-12-13,INT,FN-395,XAFN-132,NABHGV,NAB-HGV,2897558556659,Category C,NAB-HGV,Class 7,TYPE-B,,Agent B2,Payment C,2025-12-30,Category C,CCY-1,N,9.3,14.05,12.25,0.23,0.2,0.09,0.08,24.85,21.67,,NAB,21.67,3906,QO09VS,Basis-002,0.27,0.35,0.01,0.0,0.62
XA,2025-12-23,DOM,FN-118,XAFN-395,QFXYML,QFX-YML,8899210752245,Category C,QFX-YML,Class 4,TYPE-B,,Agent B1,Payment B,2025-11-06,Category D,CCY-3,Y,128.45,36.11,40.76,15.51,17.51,0.12,0.14,165.29,186.58,,QFX,186.58,832,02G3YU,Basis-001,3.67,1.16,0.5,0.0,5.33
XA,2025-12-11,INT,FN-132,XAFN-133,KEEMFP,KEE-MFP,6139060480589,Category C,KEE-MFP,Class 7,TYPE-C,,Agent C1,Payment C,2025-11-15,Category B,CCY-1,Y,155.93,46.57,54.43,2.65,3.1,5.2,6.08,177.44,207.38,,KEE,207.38,3418,81UDP2,Basis-001/BG,4.46,1.56,0.09,0.17,5.93
XA,2025-12-13,DOM,FN-395,XAFN-133,JKSFUG,JKS-FUG,2278376938983,Category C,JKS-FUG,Class 8,TYPE-A,,Agent B1,Payment B,2025-11-21,Category A,CCY-1,Y,13.73,32.23,29.17,13.17,11.92,0.42,0.38,60.15,54.44,,JKS,54.44,3588,PMLVAK,Basis-002,0.39,0.83,0.34,0.01,1.56
XA,2025-12-22,INT,FN-132,XAFN-117,TDXGNP,TDX-GNP,1103924051477,,TDX-GNP,Class 8,TYPE-C,,Agent A2,Payment C,2025-12-05,Category B,CCY-1,Y,147.38,1.13,1.01,10.69,9.55,7.62,6.81,169.16,151.13,,TDX,151.13,4676,SJR0FZ,Basis-001,4.21,0.03,0.27,0.19,4.32
XA,2025-12-07,INT,FN-508,XAFN-118,TDXKUV,TDX-KUV,0701645104636,,TDX-KUV,Class 9,TYPE-C,,Agent B2,Payment C,2025-12-05,Category A,CCY-1,Y,45.64,48.6,40.05,14.36,11.83,0.7,0.58,117.64,96.94,,TDX,96.94,1829,SQ7AIT,Basis-002,1.3,1.14,0.34,0.02,2.77
XA,2025-12-21,INT,FN-118,XAFN-119,DRWMFP,DRW-MFP,8404608432562,,DRW-MFP,Class 3,TYPE-D,,Agent C1,Payment C,2025-12-10,Category B,CCY-1,N,74.81,23.69,22.29,5.0,4.7,1.38,1.3,106.83,100.5,,DRW,100.5,2169,UPLVQE,Basis-001/BG,2.14,0.64,0.13,0.04,2.87
XA,2025-12-25,DOM,FN-117,XAFN-508,UBRKSN,UBR-KSN,2518812520566,Category D,UBR-KSN,Class 5,TYPE-D,,Agent C2,Payment C,2025-12-30,Category C,CCY-2,Y,144.99,38.1,44.33,4.36,5.07,2.68,3.12,164.38,191.27,,UBR,191.27,1739,DG1WJU,Basis-001/BG,4.14,1.27,0.14,0.09,5.46
XA,2025-12-05,DOM,FN-395,XAFN-508,YMLNAB,YML-NAB,7526772233060,Category D,YML-NAB,Class 1,TYPE-D,,Agent A2,Payment C,2025-12-13,Category B,CCY-3,Y,190.32,19.83,22.05,5.43,6.04,0.68,0.76,195.74,217.65,,YML,217.65,741,G8PWY5,Basis-001/BG,5.44,0.63,0.17,0.02,6.22
XA,2025-12-31,INT,FN-508,XAFN-508,DRWDPQ,DRW-DPQ,8808177038860,,DRW-DPQ,Class 1,TYPE-A,,Agent A2,Payment B,2025-11-29,Category D,CCY-4,N,141.44,15.11,14.47,7.55,7.23,5.32,5.09,165.04,158.05,,DRW,158.05,2542,QPWBSF,Basis-002/BG,4.04,0.41,0.21,0.15,4.52
XA,2025-12-23,DOM,FN-395,XAFN-117,PVSUMK,PVS-UMK,6657027937145,Category C,PVS-UMK,Class 2,TYPE-A,,Agent A1,Payment A,2025-12-16,Category D,CCY-2,N,54.17,50.61,59.47,8.66,10.18,1.8,2.11,103.57,121.71,,PVS,121.71,898,SN2S8N,Basis-002/BG,1.55,1.7,0.29,0.06,3.48
XA,2025-12-25,DOM,FN-101,XAFN-133,KLCKSN,KLC-KSN,4474212309407,,KLC-KSN,Class 6,TYPE-D,,Agent C1,Payment A,2025-12-09,Category D,CCY-2,Y,94.02,38.71,33.21,11.0,9.44,0.89,0.76,158.43,135.91,,KLC,135.91,1976,VROCVI,Basis-003,2.69,0.95,0.27,0.02,3.88
XA,2025-12-21,INT,FN-132,XAFN-101,TDXKUV,TDX-KUV,2099451016224,Category C,TDX-KUV,Class 9,TYPE-D,,Agent C2,Payment C,2025-11-24,Category A,CCY-2,Y,132.32,45.63,39.21,16.05,13.79,0.37,0.32,215.29,185.0,,TDX,185.0,2651,L6314C,Basis-002/BG,3.78,1.12,0.39,0.01,5.29
XA,2025-12-23,DOM,FN-119,XAFN-508,FUGPVS,FUG-PVS,0198179469548,Category D,FUG-PVS,Class 5,TYPE-B,,Agent C1,Payment C,2025-12-02,Category D,CCY-3,N,107.56,21.15,21.36,8.54,8.62,2.8,2.83,133.39,134.71,,FUG,134.71,1673,5IKGEQ,Basis-001,3.07,0.61,0.25,0.08,3.85
XA,2025-12-26,DOM,FN-119,XAFN-101,KLCTDX,KLC-TDX,3441448850155,,KLC-TDX,Class 7,TYPE-A,,Agent A2,Payment A,2025-11-22,Category C,CCY-4,N,34.15,7.74,7.27,17.91,16.83,0.09,0.08,61.89,58.17,,KLC,58.17,4087,2XRW6T,Basis-002,0.98,0.21,0.48,0.0,1.66
XA,2025-12-24,INT,FN-132,XAFN-395,KLCSZV,KLC-SZV,8039551240568,Category C,KLC-SZV,Class 7,TYPE-D,,Agent A2,Payment C,2025-11-08,Category C,CCY-1,N,281.6,28.55,26.26,14.0,12.88,12.79,11.76,335.94,308.98,,KLC,308.98,459,JD5N3K,Basis-003,8.05,0.75,0.37,0.34,8.83
XA,2025-12-15,INT,FN-395,XAFN-101,KSNLNR,KSN-LNR,7823578452182,Category C,KSN-LNR,Class 6,TYPE-A,,Agent B2,Payment B,2025-12-16,Category A,CCY-1,Y,174.9,65.37,76.18,13.39,15.6,5.84,6.8,223.01,259.88,,KSN,259.88,2747,7YVDQB,Basis-003,5.0,2.18,0.45,0.19,7.43
XA,2025-12-09,INT,FN-395,XAFN-132,KEESUQ,KEE-SUQ,7142241098813,Category D,KEE-SUQ,Class 5,TYPE-C,,Agent B1,Payment A,2025-12-31,Category C,CCY-2,Y,139.77,17.87,15.67,2.25,1.97,2.55,2.24,176.93,155.17,,KEE,155.17,1603,CWMPEQ,Basis-001,3.99,0.45,0.06,0.06,4.43
XA,2025-12-29,DOM,FN-508,XAFN-394,DRWKEE,DRW-KEE,9545381792171,,DRW-KEE,Class 2,TYPE-C,,Agent C2,Payment C,2025-12-16,Category D,CCY-4,N,166.28,17.24,18.65,2.67,2.89,3.01,3.26,170.59,184.56,,DRW,184.56,2098,8F6JNG,Basis-002,4.75,0.53,0.08,0.09,5.27
XA,2025-12-15,INT,FN-117,XAFN-118,JYNHGV,JYN-HGV,5992816158148,,JYN-HGV,Class 1,TYPE-D,,Agent C1,Payment B,2025-11-16,Category B,CCY-1,Y,98.27,14.65,13.78,19.61,18.44,2.49,2.34,136.25,128.15,,JYN,128.15,4151,NM3V2P,Basis-002,2.81,0.39,0.53,0.07,3.66
XA,2025-12-11,DOM,FN-395,XAFN-105,KSNNAB,KSN-NAB,7246191965701,Category C,KSN-NAB,Class 2,TYPE-B,,Agent C1,Payment C,2025-12-22,Category A,CCY-4,Y,220.53,28.77,29.88,16.76,17.4,1.21,1.26,256.69,266.55,,KSN,266.55,1422,QKWQH5,Basis-002,6.3,0.85,0.5,0.04,7.62
XA,2025-12-17,INT,FN-133,XAFN-117,DRWMFP,DRW-MFP,4058008514036,,DRW-MFP,Class 6,TYPE-C,,Agent C2,Payment B,2025-11-26,Category D,CCY-1,N,156.19,16.35,17.08,16.87,17.62,4.36,4.55,178.38,186.34,,DRW,186.34,4665,HGFT4M,Basis-002/BG,4.46,0.49,0.5,0.13,5.32
XA,2025-12-05,DOM,FN-394,XAFN-133,QFXNAB,QFX-NAB,2126796927868,,QFX-NAB,Class 3,TYPE-D,,Agent B1,Payment A,2025-11-12,Category D,CCY-2,Y,193.11,13.63,14.44,8.54,9.05,0.1,0.11,204.36,216.49,,QFX,216.49,4934,R0ZJ7U,Basis-001,5.52,0.41,0.26,0.0,6.19
XA,2025-12-03,DOM,FN-117,XAFN-395,TDXJYN,TDX-JYN,4781891371894,,TDX-JYN,Class 6,TYPE-C,,Agent C1,Payment A,2025-12-01,Category D,CCY-1,N,79.95,7.82,9.26,12.35,14.63,1.96,2.32,85.69,101.52,,TDX,101.52,4901,0P82KB,Basis-003,2.28,0.26,0.42,0.07,2.9
XA,2025-12-19,INT,FN-101,XAFN-118,PVSDPQ,PVS-DPQ,9047128144294,Category D,PVS-DPQ,Class 5,TYPE-C,,Agent A1,Payment C,2025-11-08,Category B,CCY-1,Y,302.75,8.75,9.02,12.42,12.81,9.24,9.53,305.5,315.05,,PVS,315.05,3858,NG2IGS,Basis-001,8.65,0.26,0.37,0.27,9.0
XA,2025-12-13,INT,FN-119,XAFN-394,FUGGNP,FUG-GNP,2395041027674,,FUG-GNP,Class 3,TYPE-B,,Agent B2,Payment C,2025-12-16,Category D,CCY-4,N,97.95,23.51,22.69,7.29,7.04,3.82,3.69,128.46,123.99,,FUG,123.99,2351,F5A7QY,Basis-003,2.8,0.65,0.2,0.11,3.54
XA,2025-12-09,DOM,FN-132,XAFN-118,FUGUMK,FUG-UMK,4149673938525,,FUG-UMK,Class 6,TYPE-A,,Agent A1,Payment A,2025-11-27,Category A,CCY-4,Y,80.88,28.97,30.73,5.51,5.85,2.33,2.47,108.4,114.99,,FUG,114.99,3853,M0JBWC,Basis-003,2.31,0.88,0.17,0.07,3.29
XA,2025-12-13,DOM,FN-508,XAFN-117,TDXNAB,TDX-NAB,1244717465421,Category D,TDX-NAB,Class 2,TYPE-A,,Agent B2,Payment B,2025-11-22,Category A,CCY-1,N,171.64,28.07,29.25,8.46,8.81,0.71,0.74,200.56,208.96,,TDX,208.96,2368,GC9HOX,Basis-001,4.9,0.84,0.25,0.02,5.97
XA,2025-12-15,DOM,FN-118,XAFN-105,UMKKLC,UMK-KLC,0119470720064,Category C,UMK-KLC,Class 7,TYPE-C,,Agent B2,Payment C,2025-11-01,Category D,CCY-2,N,77.39,25.34,21.35,16.36,13.78,2.82,2.38,130.73,110.14,,UMK,110.14,3772,O03CIN,Basis-002/BG,2.21,0.61,0.39,0.07,3.15
XA,2025-12-21,DOM,FN-105,XAFN-132,TDXUMK,TDX-UMK,8517432806346,,TDX-UMK,Class 6,TYPE-C,,Agent B2,Payment A,2025-12-27,Category D,CCY-3,Y,190.07,15.98,15.34,10.93,10.5,6.75,6.48,218.1,209.43,,TDX,209.43,1346,BA9IN2,Basis-002,5.43,0.44,0.3,0.19,5.98
XA,2025-12-26,INT,FN-101,XAFN-133,UMKSZV,UMK-SZV,1387829310270,,UMK-SZV,Class 8,TYPE-A,,Agent A2,Payment C,2025-12-12,Category B,CCY-1,Y,210.11,6.03,4.96,15.47,12.72,0.47,0.39,276.5,227.4,,UMK,227.4,1611,W63DW4,Basis-001,6.0,0.14,0.36,0.01,6.5
XA,2025-12-26,DOM,FN-133,XAFN-132,FUGJYN,FUG-JYN,1982530925114,Category C,FUG-JYN,Class 4,TYPE-D,,Agent A2,Payment C,2025-11-24,Category B,CCY-1,N,96.99,39.73,38.56,6.37,6.18,4.02,3.9,142.02,137.83,,FUG,137.83,2195,7BD4W1,Basis-001,2.77,1.1,0.18,0.11,3.94
XA,2025-12-19,INT,FN-118,XAFN-133,FUGZYR,FUG-ZYR,7232487632909,Category C,FUG-ZYR,Class 1,TYPE-D,,Agent C1,Payment A,2025-12-11,Category C,CCY-2,N,5.61,5.16,5.59,9.46,10.24,0.24,0.26,19.56,21.18,,FUG,21.18,3630,AIETDN,Basis-003,0.16,0.16,0.29,0.01,0.61
XA,2025-12-05,DOM,FN-394,XAFN-394,JYNKLC,JYN-KLC,2200543645970,,JYN-KLC,Class 4,TYPE-A,,Agent C1,Payment A,2025-11-11,Category A,CCY-3,N,170.78,19.45,16.44,15.61,13.19,0.53,0.45,236.62,199.96,,JYN,199.96,4418,E6ZVLH,Basis-002,4.88,0.47,0.38,0.01,5.71
XA,2025-12-28,DOM,FN-119,XAFN-133,KLCFUG,KLC-FUG,3179706239726,Category D,KLC-FUG,Class 6,TYPE-B,,Agent B2,Payment C,2025-11-13,Category C,CCY-2,N,17.08,26.49,29.01,3.6,3.94,0.07,0.08,45.61,49.95,,KLC,49.95,1856,MBUKDQ,Basis-002/BG,0.49,0.83,0.11,0.0,1.43
XA,2025-12-21,DOM,FN-508,XAFN-117,KLCJKS,KLC-JKS,9831687397740,,KLC-JKS,Class 4,TYPE-B,,Agent A2,Payment B,2025-11-28,Category B,CCY-3,Y,97.85,27.52,30.71,5.11,5.7,2.64,2.95,117.68,131.31,,KLC,131.31,4899,6PB90S,Basis-002/BG,2.8,0.88,0.16,0.08,3.75
XA,2025-12-25,INT,FN-101,XAFN-133,JYNDPQ,JYN-DPQ,3254310742799,,JYN-DPQ,Class 2,TYPE-D,,Agent B2,Payment A,2025-12-26,Category D,CCY-4,Y,119.24,54.11,45.09,8.54,7.12,3.54,2.95,202.22,168.5,,JYN,168.5,3234,WZAWNY,Basis-003,3.41,1.29,0.2,0.08,4.81
XA,2025-12-29,DOM,FN-132,XAFN-101,QFXDRW,QFX-DRW,8501657905528,,QFX-DRW,Class 5,TYPE-B,,Agent A2,Payment B,2025-11-16,Category A,CCY-2,N,216.86,15.68,13.05,15.2,12.65,10.26,8.54,281.14,234.02,,QFX,234.02,4952,5Z11L6,Basis-003,6.2,0.37,0.36,0.24,6.69
XA,2025-12-17,INT,FN-105,XAFN-394,QFXZYR,QFX-ZYR,8847951371162,Category D,QFX-ZYR,Class 2,TYPE-A,,Agent A1,Payment A,2025-11-18,Category A,CCY-3,Y,265.33,7.11,7.07,6.05,6.02,4.61,4.58,275.36,273.84,,QFX,273.84,4265,FH8AOY,Basis-001/BG,7.58,0.2,0.17,0.13,7.82
XA,2025-12-28,INT,FN-119,XAFN-395,JKSTPX,JKS-TPX,5695579887749,Category C,JKS-TPX,Class 8,TYPE-C,,Agent A2,Payment B,2025-11-15,Category D,CCY-1,N,196.17,32.66,26.95,14.37,11.86,3.47,2.86,281.3,232.12,,JKS,232.12,2560,1BMQF7,Basis-003,5.6,0.77,0.34,0.08,6.63
XA,2025-12-11,INT,FN-508,XAFN-117,KSNGNP,KSN-GNP,7452380552578,Category C,KSN-GNP,Class 3,TYPE-C,,Agent A1,Payment A,2025-11-26,Category D,CCY-2,Y,101.68,38.34,31.3,11.29,9.22,1.48,1.21,172.68,140.99,,KSN,140.99,3952,7F8TSX,Basis-002,2.91,0.89,0.26,0.03,4.03
XA,2025-12-16,INT,FN-101,XAFN-117,QFXDPQ,QFX-DPQ,8140693751509,Category C,QFX-DPQ,Class 3,TYPE-B,,Agent B1,Payment A,2025-11-02,Category A,CCY-4,N,243.42,40.03,33.82,13.84,11.69,4.88,4.12,337.08,284.81,,QFX,284.81,915,9ORVSC,Basis-002,6.95,0.97,0.33,0.12,8.14
XA,2025-12-12,INT,FN-132,XAFN-118,KSNMFP,KSN-MFP,7813767426629,,KSN-MFP,Class 7,TYPE-B,,Agent A2,Payment B,2025-12-01,Category C,CCY-3,Y,117.05,28.19,22.69,9.74,7.84,2.81,2.26,180.55,145.32,,KSN,145.32,3278,DO6OUZ,Basis-001/BG,3.34,0.65,0.22,0.06,4.15
XA,2025-12-27,DOM,FN-508,XAFN-118,KSNDRW,KSN-DRW,7873002447146,Category C,KSN-DRW,Class 5,TYPE-D,,Agent C2,Payment C,2025-11-16,Category A,CCY-4,Y,181.56,20.96,23.69,10.13,11.45,0.34,0.38,191.35,216.32,,KSN,216.32,2470,R8VNRP,Basis-002,5.19,0.68,0.33,0.01,6.18
XA,2025-12-28,INT,FN-118,XAFN-117,PVSSZV,PVS-SZV,9025725204565,,PVS-SZV,Class 2,TYPE-C,,Agent B1,Payment C,2025-12-11,Category A,CCY-3,Y,316.03,41.81,43.07,8.13,8.37,7.86,8.1,348.87,359.37,,PVS,359.37,1701,1VGLL4,Basis-002,9.03,1.23,0.24,0.23,10.27
XA,2025-12-05,INT,FN-101,XAFN-117,NABMFP,NAB-MFP,8457652132833,,NAB-MFP,Class 6,TYPE-D,,Agent B2,Payment A,2025-11-08,Category B,CCY-1,Y,246.1,25.39,23.88,0.2,0.19,7.0,6.58,280.22,263.59,,NAB,263.59,4128,MYFP9S,Basis-002,7.03,0.68,0.01,0.19,7.53
XA,2025-12-05,DOM,FN-119,XAFN-118,PVSQFX,PVS-QFX,2321611076031,,PVS-QFX,Class 1,TYPE-A,,Agent B2,Payment A,2025-12-29,Category C,CCY-1,Y,69.35,1.7,1.94,7.21,8.24,0.67,0.77,68.92,78.76,,PVS,78.76,742,KADEVV,Basis-001/BG,1.98,0.06,0.24,0.02,2.25
XA,2025-12-09,DOM,FN-508,XAFN-132,NABJKS,NAB-JKS,5289389119083,Category C,NAB-JKS,Class 1,TYPE-C,,Agent A2,Payment C,2025-11-01,Category A,CCY-1,Y,151.47,50.21,55.15,10.59,11.63,1.0,1.1,197.68,217.15,,NAB,217.15,4330,4RZGYD,Basis-002,4.33,1.58,0.33,0.03,6.2
XA,2025-12-11,INT,FN-105,XAFN-394,DRWVQR,DRW-VQR,1827548015716,Category D,DRW-VQR,Class 9,TYPE-D,,Agent C1,Payment C,2025-11-20,Category D,CCY-2,Y,132.47,38.42,42.44,0.96,1.06,2.44,2.7,156.87,173.27,,DRW,173.27,4737,O9P462,Basis-002,3.78,1.21,0.03,0.08,4.95
XA,2025-12-22,DOM,FN-105,XAFN-105,KEENAB,KEE-NAB,2669121535396,,KEE-NAB,Class 8,TYPE-B,,Agent B2,Payment C,2025-12-02,Category C,CCY-1,N,168.85,41.19,41.56,2.59,2.61,3.32,3.35,207.79,209.67,,KEE,209.67,3478,MY89SF,Basis-002/BG,4.82,1.19,0.07,0.1,5.99
XA,2025-12-01,DOM,FN-105,XAFN-101,FUGQFX,FUG-QFX,1702695249911,,FUG-QFX,Class 8,TYPE-D,,Agent A2,Payment B,2025-12-13,Category D,CCY-4,N,241.5,29.81,35.08,6.73,7.92,2.37,2.79,239.35,281.71,,FUG,281.71,4335,JM4T8B,Basis-002/BG,6.9,1.0,0.23,0.08,8.05
XA,2025-12-06,DOM,FN-395,XAFN-118,DRWJYN,DRW-JYN,2762467197889,,DRW-JYN,Class 6,TYPE-D,,Agent C1,Payment A,2025-12-03,Category A,CCY-4,N,200.62,78.66,64.06,13.4,10.91,5.45,4.44,332.95,271.15,,DRW,271.15,2357,R8WM9L,Basis-001,5.73,1.83,0.31,0.13,7.75
XA,2025-12-13,DOM,FN-105,XAFN-133,KSNJKS,KSN-JKS,5565033349114,,KSN-JKS,Class 6,TYPE-C,,Agent A2,Payment A,2025-12-05,Category C,CCY-1,Y,169.86,22.01,23.11,5.48,5.75,6.19,6.5,183.06,192.22,,KSN,192.22,3975,XPSPAQ,Basis-001,4.85,0.66,0.16,0.19,5.49
XA,2025-12-04,INT,FN-119,XAFN-132,DRWSUQ,DRW-SUQ,7852945637183,Category D,DRW-SUQ,Class 7,TYPE-C,,Agent A1,Payment B,2025-12-07,Category D,CCY-3,Y,216.43,15.28,17.16,9.22,10.36,5.52,6.2,211.65,237.75,,DRW,237.75,953,ZUVJUT,Basis-002/BG,6.18,0.49,0.3,0.18,6.79
XA,2025-12-22,DOM,FN-395,XAFN-132,JKSKLC,JKS-KLC,3664987820829,,JKS-KLC,Class 2,TYPE-B,,Agent C2,Payment C,2025-12-31,Category D,CCY-3,N,111.79,40.41,37.18,12.69,11.67,3.07,2.82,171.55,157.82,,JKS,157.82,4564,34670C,Basis-001/BG,3.19,1.06,0.33,0.08,4.51
XA,2025-12-28,INT,FN-133,XAFN-133,JYNGNP,JYN-GNP,5136442493631,Category C,JYN-GNP,Class 4,TYPE-B,,Agent A1,Payment A,2025-12-22,Category C,CCY-2,N,233.0,20.2,22.35,7.82,8.65,7.86,8.7,230.79,255.3,,JYN,255.3,4176,UPXBFE,Basis-002,6.66,0.64,0.25,0.25,7.29
XA,2025-12-01,INT,FN-101,XAFN-105,NABKHV,NAB-KHV,5941651623198,,NAB-KHV,Class 3,TYPE-C,,Agent B2,Payment A,2025-11-16,Category A,CCY-1,N,71.7,23.47,23.34,11.96,11.89,3.48,3.46,104.06,103.47,,NAB,103.47,2897,30307H,Basis-001,2.05,0.67,0.34,0.1,2.96
XA,2025-12-16,DOM,FN-395,XAFN-132,YMLQFX,YML-QFX,1586734257540,,YML-QFX,Class 8,TYPE-A,,Agent C2,Payment C,2025-11-16,Category C,CCY-4,N,210.56,15.61,16.17,13.85,14.35,2.59,2.68,230.16,238.4,,YML,238.4,2733,XZ6YTI,Basis-002/BG,6.02,0.46,0.41,0.08,6.81
XA,2025-12-08,INT,FN-118,XAFN-119,KEETPX,KEE-TPX,2756041776561,Category C,KEE-TPX,Class 5,TYPE-C,,Agent C1,Payment A,2025-11-23,Category D,CCY-3,N,258.45,32.06,36.2,17.16,19.38,1.04,1.17,277.09,312.86,,KEE,312.86,3913,Z1XGPX,Basis-001,7.38,1.03,0.55,0.03,8.94
XA,2025-12-08,INT,FN-395,XAFN-117,YMLKUV,YML-KUV,9657724295431,,YML-KUV,Class 5,TYPE-C,,Agent A2,Payment B,2025-12-27,Category D,CCY-3,Y,88.1,13.42,11.33,1.31,1.11,3.01,2.54,116.07,98.0,,YML,98.0,369,87XW69,Basis-001/BG,2.52,0.32,0.03,0.07,2.8
XA,2025-12-09,INT,FN-117,XAFN-105,PVSSZV,PVS-SZV,5291086771333,Category D,PVS-SZV,Class 3,TYPE-C,,Agent C2,Payment B,2025-11-25,Category B,CCY-1,N,269.68,40.99,39.82,10.0,9.72,5.57,5.41,323.0,313.81,,PVS,313.81,1892,V9KYPO,Basis-001/BG,7.71,1.14,0.28,0.15,8.97
XA,2025-12-22,DOM,FN-394,XAFN-105,QFXUBR,QFX-UBR,0725636694118,,QFX-UBR,Class 4,TYPE-A,,Agent B1,Payment A,2025-12-01,Category C,CCY-4,Y,172.4,13.84,13.12,23.45,22.23,8.25,7.82,210.93,199.93,,QFX,199.93,243,JWKON8,Basis-003,4.93,0.37,0.64,0.22,5.71
XA,2025-12-29,DOM,FN-394,XAFN-117,TDXKSN,TDX-KSN,1586241502745,,TDX-KSN,Class 5,TYPE-C,,Agent B1,Payment C,2025-12-24,Category C,CCY-2,N,160.34,26.99,31.64,11.63,13.63,3.45,4.04,171.97,201.57,,TDX,201.57,3769,6L91F4,Basis-002/BG,4.58,0.9,0.39,0.12,5.76
XA,2025-12-06,DOM,FN-394,XAFN-133,YMLKSN,YML-KSN,1707587771215,,YML-KSN,Class 1,TYPE-B,,Agent B1,Payment A,2025-12-24,Category B,CCY-2,N,188.48,33.76,33.36,6.12,6.05,1.75,1.73,228.88,226.16,,YML,226.16,4814,6VV8SU,Basis-002/BG,5.39,0.95,0.17,0.05,6.46
XA,2025-12-22,DOM,FN-105,XAFN-133,YMLKLC,YML-KLC,5915201777490,Category D,YML-KLC,Class 8,TYPE-A,,Agent C2,Payment C,2025-12-31,Category D,CCY-1,N,187.72,71.85,58.23,20.64,16.73,10.28,8.33,313.86,254.35,,YML,254.35,4862,E52K20,Basis-003,5.36,1.66,0.48,0.24,7.27
XA,2025-12-13,INT,FN-105,XAFN-101,FUGTPX,FUG-TPX,3266421476492,Category D,FUG-TPX,Class 5,TYPE-A,,Agent B1,Payment C,2025-11-13,Category D,CCY-2,N,277.45,20.15,22.33,4.56,5.05,3.0,3.33,272.03,301.5,,FUG,301.5,3379,RUP13W,Basis-002/BG,7.93,0.64,0.14,0.1,8.61
XA,2025-12-21,INT,FN-117,XAFN-394,FUGZYR,FUG-ZYR,8814761742243,,FUG-ZYR,Class 9,TYPE-C,,Agent C1,Payment A,2025-12-06,Category A,CCY-3,Y,139.94,28.81,30.84,14.45,15.47,6.36,6.81,167.61,179.44,,FUG,179.44,4405,DPDXUJ,Basis-002,4.0,0.88,0.44,0.19,5.13
XA,2025-12-26,DOM,FN-117,XAFN-133,KLCUMK,KLC-UMK,0164597794523,Category C,KLC-UMK,Class 1,TYPE-A,,Agent C2,Payment C,2025-11-17,Category A,CCY-1,N,14.6,53.74,52.94,9.35,9.21,0.55,0.54,77.36,76.21,,KLC,76.21,4577,AOAXQO,Basis-003,0.42,1.51,0.26,0.02,2.18
XA,2025-12-05,INT,FN-101,XAFN-119,QFXSUQ,QFX-SUQ,1030372368314,,QFX-SUQ,Class 6,TYPE-B,,Agent B2,Payment B,2025-11-02,Category A,CCY-4,Y,115.85,17.75,14.82,2.07,1.73,5.58,4.66,152.97,127.74,,QFX,127.74,1448,0QRAQI,Basis-002,3.31,0.42,0.05,0.13,3.65
XA,2025-12-14,INT,FN-394,XAFN-508,KEERZP,KEE-RZP,9840767899730,,KEE-RZP,Class 1,TYPE-D,,Agent C1,Payment B,2025-12-06,Category A,CCY-1,N,215.85,28.66,31.1,3.27,3.55,6.27,6.8,224.56,243.7,,KEE,243.7,3617,6EWXQP,Basis-001/BG,6.17,0.89,0.1,0.19,6.96
XA,2025-12-19,INT,FN-132,XAFN-508,PVSVQR,PVS-VQR,7246657293417,Category C,PVS-VQR,Class 8,TYPE-B,,Agent A2,Payment A,2025-12-09,Category D,CCY-3,Y,46.39,24.88,24.96,18.29,18.35,1.02,1.02,88.41,88.68,,PVS,88.68,3607,7RIU9M,Basis-002,1.33,0.71,0.52,0.03,2.53
XA,2025-12-04,INT,FN-508,XAFN-119,NABGNP,NAB-GNP,1837455084289,,NAB-GNP,Class 3,TYPE-A,,Agent B2,Payment B,2025-12-24,Category A,CCY-1,Y,129.23,7.97,7.45,9.38,8.77,5.57,5.21,149.97,140.24,,NAB,140.24,1034,3BDW56,Basis-001/BG,3.69,0.21,0.25,0.15,4.01
XA,2025-12-21,INT,FN-132,XAFN-132,PVSHGV,PVS-HGV,2137603754821,Category D,PVS-HGV,Class 9,TYPE-C,,Agent C2,Payment B,2025-11-24,Category B,CCY-4,Y,128.18,12.44,10.45,11.59,9.73,5.59,4.69,171.09,143.67,,PVS,143.67,4538,PI2OOQ,Basis-003,3.66,0.3,0.28,0.13,4.1
XA,2025-12-03,INT,FN-105,XAFN-132,KEEHGV,KEE-HGV,5626060290846,,KEE-HGV,Class 3,TYPE-C,,Agent C2,Payment C,2025-11-21,Category C,CCY-1,Y,131.53,40.16,40.44,19.11,19.24,4.69,4.72,185.2,186.49,,KEE,186.49,2491,6VFOX5,Basis-003,3.76,1.16,0.55,0.13,5.33
XA,2025-12-18,INT,FN-132,XAFN-133,PVSRZP,PVS-RZP,2884318848520,,PVS-RZP,Class 7,TYPE-C,,Agent A2,Payment B,2025-12-17,Category D,CCY-2,Y,240.13,31.15,25.97,5.36,4.47,12.69,10.58,311.85,259.99,,PVS,259.99,691,4JSE17,Basis-002/BG,6.86,0.74,0.13,0.3,7.43
XA,2025-12-24,INT,FN-508,XAFN-508,TDXMFP,TDX-MFP,8935449268315,Category C,TDX-MFP,Class 1,TYPE-C,,Agent B2,Payment A,2025-11-10,Category D,CCY-4,N,355.87,34.54,30.89,11.26,10.07,6.74,6.03,436.92,390.8,,TDX,390.8,871,DPEHCY,Basis-002/BG,10.17,0.88,0.29,0.17,11.17
XA,2025-12-31,INT,FN-394,XAFN-133,UBRMBT,UBR-MBT,2282772881377,,UBR-MBT,Class 8,TYPE-B,,Agent C1,Payment B,2025-12-29,Category A,CCY-4,N,148.07,30.65,32.97,8.63,9.28,6.86,7.38,170.08,182.94,,UBR,182.94,1103,EUBFN9,Basis-002,4.23,0.94,0.27,0.21,5.23
XA,2025-12-30,INT,FN-118,XAFN-118,JYNZYR,JYN-ZYR,3270185106794,,JYN-ZYR,Class 3,TYPE-C,,Agent B2,Payment B,2025-12-24,Category B,CCY-2,Y,104.11,22.5,21.8,10.16,9.84,4.21,4.08,135.92,131.67,,JYN,131.67,4335,W1YF0D,Basis-003,2.97,0.62,0.28,0.12,3.76
XA,2025-12-29,INT,FN-394,XAFN-118,DRWVQR,DRW-VQR,1209481813989,,DRW-VQR,Class 7,TYPE-B,,Agent B2,Payment C,2025-12-28,Category A,CCY-3,Y,106.53,16.32,19.31,8.9,10.53,2.43,2.88,112.82,133.49,,DRW,133.49,4556,GA2IZ5,Basis-002/BG,3.04,0.55,0.3,0.08,3.81
XA,2025-12-30,DOM,FN-101,XAFN-132,KLCUMK,KLC-UMK,6260856411182,Category D,KLC-UMK,Class 6,TYPE-B,,Agent A2,Payment B,2025-12-20,Category A,CCY-4,Y,129.6,52.74,52.56,3.26,3.25,3.83,3.82,182.21,181.59,,KLC,181.59,2713,8YC8GZ,Basis-002,3.7,1.5,0.09,0.11,5.19
XA,2025-12-31,INT,FN-105,XAFN-101,FUGRZP,FUG-RZP,3399378861405,,FUG-RZP,Class 3,TYPE-D,,Agent A1,Payment B,2025-11-02,Category D,CCY-4,Y,237.32,53.91,48.69,0.41,0.37,11.74,10.6,305.35,275.78,,FUG,275.78,352,J8YIT2,Basis-002,6.78,1.39,0.01,0.3,7.88
XA,2025-12-18,INT,FN-117,XAFN-119,JYNLNR,JYN-LNR,8687007942007,Category D,JYN-LNR,Class 9,TYPE-C,,Agent C2,Payment B,2025-11-23,Category B,CCY-2,N,122.58,28.51,24.43,3.45,2.96,5.6,4.8,169.4,145.17,,JYN,145.17,572,FTCDZ3,Basis-003,3.5,0.7,0.08,0.14,4.15
XA,2025-12-21,INT,FN-118,XAFN-394,DRWVQR,DRW-VQR,4355379502097,,DRW-VQR,Class 9,TYPE-A,,Agent C2,Payment A,2025-11-27,Category D,CCY-3,N,87.77,11.32,13.34,15.92,18.76,3.29,3.88,98.45,115.99,,DRW,115.99,4608,C5XT63,Basis-002/BG,2.51,0.38,0.54,0.11,3.31
XA,2025-12-23,DOM,FN-101,XAFN-105,JKSDRW,JKS-DRW,7537030453194,Category C,JKS-DRW,Class 6,TYPE-B,,Agent B2,Payment B,2025-11-03,Category C,CCY-4,N,224.85,44.32,49.07,12.29,13.61,1.8,1.99,257.9,285.54,,JKS,285.54,1912,A9WDJS,Basis-001/BG,6.42,1.4,0.39,0.06,8.16
XA,2025-12-05,DOM,FN-118,XAFN-508,NABPVS,NAB-PVS,3843089487060,Category D,NAB-PVS,Class 3,TYPE-D,,Agent B2,Payment B,2025-11-08,Category D,CCY-1,N,59.68,20.15,22.13,11.33,12.45,1.6,1.76,84.21,92.5,,NAB,92.5,3161,SBZB7T,Basis-002,1.71,0.63,0.36,0.05,2.64
XA,2025-12-24,DOM,FN-119,XAFN-133,DRWYML,DRW-YML,1332541107609,Category D,DRW-YML,Class 6,TYPE-C,,Agent A2,Payment A,2025-12-01,Category B,CCY-1,N,52.23,36.23,40.69,7.84,8.8,2.05,2.3,88.53,99.42,,DRW,99.42,645,3SICVP,Basis-001,1.49,1.16,0.25,0.07,2.84
XA,2025-12-29,INT,FN-105,XAFN-117,TDXLNR,TDX-LNR,0704961108046,,TDX-LNR,Class 2,TYPE-A,,Agent C1,Payment B,2025-11-15,Category A,CCY-1,N,120.01,42.76,40.66,12.85,12.22,5.78,5.5,176.02,167.39,,TDX,167.39,3345,QPWDXY,Basis-001,3.43,1.16,0.35,0.16,4.78
XA,2025-12-03,INT,FN-508,XAFN-119,UMKRZP,UMK-RZP,9284567972320,,UMK-RZP,Class 4,TYPE-B,,Agent B1,Payment C,2025-11-28,Category C,CCY-1,N,121.12,45.65,47.39,4.42,4.59,0.6,0.62,166.15,172.48,,UMK,172.48,4981,51FLMN,Basis-001,3.46,1.35,0.13,0.02,4.93
XA,2025-12-07,DOM,FN-119,XAFN-105,KEEYML,KEE-YML,5377959959465,Category C,KEE-YML,Class 9,TYPE-A,,Agent B2,Payment A,2025-12-02,Category B,CCY-1,Y,199.27,44.3,38.9,9.62,8.45,4.79,4.21,276.04,242.41,,KEE,242.41,2027,YQHR13,Basis-002/BG,5.69,1.11,0.24,0.12,6.93
XA,2025-12-18,DOM,FN-105,XAFN-117,DRWKSN,DRW-KSN,4739500334234,Category C,DRW-KSN,Class 1,TYPE-C,,Agent C1,Payment A,2025-11-12,Category B,CCY-3,Y,176.09,11.91,11.23,15.5,14.62,0.1,0.09,214.02,201.85,,DRW,201.85,1642,46AYN2,Basis-001,5.03,0.32,0.42,0.0,5.77
XA,2025-12-06,INT,FN-395,XAFN-508,YMLMBT,YML-MBT,6112233865596,Category C,YML-MBT,Class 8,TYPE-A,,Agent C1,Payment C,2025-11-13,Category C,CCY-2,Y,135.21,23.35,22.16,16.07,15.25,2.63,2.5,179.27,170.12,,YML,170.12,2884,IWKESV,Basis-002/BG,3.86,0.63,0.44,0.07,4.86
XA,2025-12-29,DOM,FN-395,XAFN-132,PVSFUG,PVS-FUG,7872558777496,,PVS-FUG,Class 8,TYPE-B,,Agent A2,Payment A,2025-11-29,Category B,CCY-1,N,93.65,9.29,8.87,2.32,2.22,0.82,0.78,108.83,103.96,,PVS,103.96,1990,L5U7NT,Basis-001/BG,2.68,0.25,0.06,0.02,2.97
XA,2025-12-17,DOM,FN-508,XAFN-132,QFXJYN,QFX-JYN,6776657546027,Category C,QFX-JYN,Class 9,TYPE-C,,Agent C2,Payment A,2025-11-23,Category A,CCY-3,N,198.48,13.22,10.79,22.99,18.77,2.79,2.28,276.51,225.76,,QFX,225.76,4310,SX27DC,Basis-001,5.67,0.31,0.54,0.07,6.45
XA,2025-12-22,DOM,FN-118,XAFN-119,JKSYML,JKS-YML,9284044566907,Category C,JKS-YML,Class 6,TYPE-D,,Agent A2,Payment A,2025-12-17,Category B,CCY-3,N,16.55,49.24,55.45,9.82,11.06,0.22,0.25,73.53,82.81,,JKS,82.81,2114,S210Q2,Basis-002,0.47,1.58,0.32,0.01,2.37
XA,2025-12-01,DOM,FN-132,XAFN-117,DRWKLC,DRW-KLC,9240755366684,Category D,DRW-KLC,Class 7,TYPE-A,,Agent C1,Payment A,2025-12-30,Category B,CCY-2,Y,142.26,19.13,21.83,10.52,12.0,2.73,3.12,151.57,172.97,,DRW,172.97,2905,U26UON,Basis-002/BG,4.06,0.62,0.34,0.09,4.94
XA,2025-12-15,DOM,FN-118,XAFN-105,UMKDRW,UMK-DRW,2182097023164,Category C,UMK-DRW,Class 4,TYPE-B,,Agent B1,Payment C,2025-12-04,Category A,CCY-4,N,146.99,45.29,46.55,10.28,10.57,0.78,0.8,197.81,203.31,,UMK,203.31,670,NAL6O9,Basis-001/BG,4.2,1.33,0.3,0.02,5.81
XA,2025-12-05,INT,FN-119,XAFN-118,JYNMFP,JYN-MFP,6729949387430,Category C,JYN-MFP,Class 2,TYPE-D,,Agent A1,Payment B,2025-12-09,Category B,CCY-4,N,162.02,21.42,24.55,8.48,9.72,6.75,7.74,164.49,188.55,,JYN,188.55,4863,5QU0K5,Basis-002/BG,4.63,0.7,0.28,0.22,5.39
XA,2025-12-06,INT,FN-133,XAFN-119,PVSSZV,PVS-SZV,2967629160324,Category D,PVS-SZV,Class 5,TYPE-A,,Agent C2,Payment C,2025-12-17,Category B,CCY-4,N,174.62,3.87,4.35,2.9,3.26,4.76,5.35,157.37,176.88,,PVS,176.88,3569,9T9CD1,Basis-002,4.99,0.12,0.09,0.15,5.05
XA,2025-12-03,INT,FN-394,XAFN-133,JYNGNP,JYN-GNP,5636004125777,,JYN-GNP,Class 5,TYPE-A,,Agent C1,Payment C,2025-11-16,Category D,CCY-2,Y,209.46,33.06,32.56,9.22,9.08,5.38,5.3,249.58,245.8,,JYN,245.8,4056,34GADK,Basis-003,5.98,0.93,0.26,0.15,7.02
XA,2025-12-07,INT,FN-101,XAFN-395,KSNLNR,KSN-LNR,3708164709006,Category C,KSN-LNR,Class 1,TYPE-B,,Agent B1,Payment A,2025-11-13,Category A,CCY-3,Y,151.47,37.33,35.21,7.74,7.3,1.23,1.16,204.42,192.82,,KSN,192.82,3654,BA3YC8,Basis-001,4.33,1.01,0.21,0.03,5.51
XA,2025-12-11,DOM,FN-395,XAFN-119,PVSKSN,PVS-KSN,9386613315520,,PVS-KSN,Class 1,TYPE-C,,Agent A1,Payment B,2025-11-14,Category D,CCY-4,Y,87.74,29.25,32.94,4.54,5.11,2.0,2.25,109.69,123.54,,PVS,123.54,740,XKWB5O,Basis-003,2.51,0.94,0.15,0.06,3.53
XA,2025-12-11,INT,FN-133,XAFN-117,FUGMFP,FUG-MFP,5257150997683,,FUG-MFP,Class 9,TYPE-B,,Agent A1,Payment C,2025-12-19,Category A,CCY-2,N,182.66,5.32,4.46,18.08,15.15,2.74,2.3,238.66,199.97,,FUG,199.97,2136,01WCNK,Basis-001/BG,5.22,0.13,0.43,0.07,5.71
XA,2025-12-31,INT,FN-394,XAFN-132,YMLKUV,YML-KUV,2450864035533,,YML-KUV,Class 1,TYPE-B,,Agent C2,Payment C,2025-12-17,Category B,CCY-2,N,187.81,32.56,33.84,14.35,14.91,8.34,8.67,219.29,227.89,,YML,227.89,4471,LPA5CG,Basis-001/BG,5.37,0.97,0.43,0.25,6.51
XA,2025-12-24,DOM,FN-394,XAFN-118,KSNFUG,KSN-FUG,2336293449734,,KSN-FUG,Class 3,TYPE-A,,Agent B1,Payment B,2025-11-25,Category B,CCY-2,N,283.24,54.4,45.22,0.96,0.8,4.03,3.35,392.06,325.91,,KSN,325.91,3815,PVPF8R,Basis-002/BG,8.09,1.29,0.02,0.1,9.31
XA,2025-12-13,INT,FN-394,XAFN-118,UBRLNR,UBR-LNR,7468971527323,,UBR-LNR,Class 5,TYPE-A,,Agent C1,Payment C,2025-12-17,Category C,CCY-2,N,47.63,23.71,20.63,11.64,10.13,1.52,1.32,88.56,77.07,,UBR,77.07,3514,778NRX,Basis-003,1.36,0.59,0.29,0.04,2.2
XA,2025-12-25,DOM,FN-133,XAFN-118,DRWKEE,DRW-KEE,5875066337050,Category C,DRW-KEE,Class 2,TYPE-C,,Agent C1,Payment B,2025-12-31,Category B,CCY-4,N,191.41,22.09,19.11,12.64,10.93,10.31,8.92,245.72,212.53,,DRW,212.53,2226,V84A1X,Basis-002/BG,5.47,0.55,0.31,0.25,6.07
XA,2025-12-14,INT,FN-118,XAFN-118,PVSSUQ,PVS-SUQ,8869461195243,,PVS-SUQ,Class 2,TYPE-C,,Agent A1,Payment A,2025-12-23,Category D,CCY-2,Y,89.57,24.04,20.83,3.43,2.97,4.52,3.92,126.34,109.45,,PVS,109.45,993,CZSX0G,Basis-002,2.56,0.6,0.08,0.11,3.13
XA,2025-12-15,DOM,FN-508,XAFN-119,PVSKSN,PVS-KSN,2302346791214,,PVS-KSN,Class 4,TYPE-D,,Agent A1,Payment B,2025-11-05,Category C,CCY-4,Y,76.14,8.24,9.72,4.34,5.12,0.59,0.69,76.56,90.29,,PVS,90.29,4997,IR1AJ8,Basis-003,2.18,0.28,0.15,0.02,2.58
XA,2025-12-31,DOM,FN-118,XAFN-394,FUGYML,FUG-YML,7596555535669,,FUG-YML,Class 9,TYPE-C,,Agent B1,Payment A,2025-11-01,Category D,CCY-1,N,234.29,15.63,15.76,22.98,23.16,4.36,4.4,266.67,268.81,,FUG,268.81,1337,AET81I,Basis-002/BG,6.69,0.45,0.66,0.13,7.68
XA,2025-12-27,INT,FN-132,XAFN-101,UMKTPX,UMK-TPX,5057397691567,,UMK-TPX,Class 4,TYPE-D,,Agent B1,Payment C,2025-11-13,Category B,CCY-1,Y,189.47,27.7,32.77,4.83,5.71,7.9,9.34,184.79,218.61,,UMK,218.61,1247,RD399Q,Basis-002/BG,5.41,0.94,0.16,0.27,6.25
XA,2025-12-31,DOM,FN-105,XAFN-105,JYNNAB,JYN-NAB,6025643471287,,JYN-NAB,Class 9,TYPE-C,,Agent A2,Payment C,2025-12-20,Category A,CCY-2,N,206.02,24.61,21.37,12.22,10.61,2.89,2.51,271.25,235.49,,JYN,235.49,3288,600X28,Basis-002/BG,5.89,0.61,0.3,0.07,6.73
XA,2025-12-24,DOM,FN-508,XAFN-119,YMLQFX,YML-QFX,1952569040983,,YML-QFX,Class 2,TYPE-D,,Agent B1,Payment B,2025-12-22,Category B,CCY-3,Y,354.81,34.18,28.56,18.85,15.75,1.87,1.56,475.75,397.56,,YML,397.56,1073,OTQF74,Basis-002/BG,10.14,0.82,0.45,0.04,11.36
XA,2025-12-27,INT,FN-101,XAFN-508,KSNSUQ,KSN-SUQ,5481497374605,Category C,KSN-SUQ,Class 5,TYPE-B,,Agent C2,Payment A,2025-12-15,Category A,CCY-2,Y,93.75,25.87,29.48,16.54,18.85,3.07,3.5,121.6,138.58,,KSN,138.58,4193,0K36FA,Basis-002/BG,2.68,0.84,0.54,0.1,3.96
XA,2025-12-17,INT,FN-118,XAFN-118,DRWKUV,DRW-KUV,3861259047292,,DRW-KUV,Class 8,TYPE-D,,Agent B1,Payment A,2025-11-14,Category B,CCY-3,Y,99.84,59.8,57.19,14.16,13.54,3.95,3.78,174.39,166.79,,DRW,166.79,274,N4D24N,Basis-002/BG,2.85,1.63,0.39,0.11,4.77
XA,2025-12-17,DOM,FN-132,XAFN-508,KEEFUG,KEE-FUG,6263013674926,,KEE-FUG,Class 6,TYPE-D,,Agent C2,Payment B,2025-11-18,Category D,CCY-4,N,105.0,48.1,39.49,18.1,14.86,1.14,0.94,192.95,158.41,,KEE,158.41,295,ECRYSA,Basis-003,3.0,1.13,0.42,0.03,4.53
XA,2025-12-23,INT,FN-133,XAFN-118,QFXMFP,QFX-MFP,9215182606888,,QFX-MFP,Class 2,TYPE-A,,Agent C1,Payment C,2025-12-05,Category A,CCY-2,Y,199.74,5.38,6.45,5.3,6.36,3.19,3.83,173.94,208.72,,QFX,208.72,1161,GVGT2E,Basis-001/BG,5.71,0.18,0.18,0.11,5.96
XA,2025-12-04,DOM,FN-395,XAFN-118,NABKSN,NAB-KSN,5826034084872,,NAB-KSN,Class 2,TYPE-C,,Agent C1,Payment B,2025-12-09,Category B,CCY-3,Y,130.2,35.48,28.88,16.09,13.1,6.81,5.54,204.72,166.64,,NAB,166.64,566,IGK38V,Basis-001/BG,3.72,0.83,0.37,0.16,4.76
XA,2025-12-21,INT,FN-117,XAFN-133,QFXGNP,QFX-GNP,7146283143598,Category C,QFX-GNP,Class 7,TYPE-D,,Agent A2,Payment B,2025-12-21,Category D,CCY-1,N,164.22,11.03,9.97,13.16,11.9,4.99,4.51,200.8,181.58,,QFX,181.58,412,8IJTYO,Basis-002,4.69,0.28,0.34,0.13,5.19
XA,2025-12-01,DOM,FN-105,XAFN-133,JKSUBR,JKS-UBR,3611284971859,Category D,JKS-UBR,Class 5,TYPE-C,,Agent C1,Payment A,2025-12-28,Category A,CCY-2,Y,198.85,43.13,38.4,17.3,15.4,9.7,8.64,274.07,244.01,,JKS,244.01,2805,8OM08T,Basis-003,5.68,1.1,0.44,0.25,6.97
XA,2025-12-05,INT,FN-117,XAFN-117,JYNSUQ,JYN-SUQ,6940539672757,Category D,JYN-SUQ,Class 3,TYPE-C,,Agent B2,Payment C,2025-12-31,Category B,CCY-3,N,216.71,36.69,36.89,9.6,9.65,0.1,0.1,261.73,263.15,,JYN,263.15,912,8OLDC0,Basis-001,6.19,1.05,0.28,0.0,7.52
XA,2025-12-28,DOM,FN-101,XAFN-133,TDXKEE,TDX-KEE,8277881609306,Category D,TDX-KEE,Class 2,TYPE-B,,Agent C2,Payment C,2025-12-31,Category A,CCY-3,N,17.12,36.54,36.44,11.07,11.04,0.47,0.47,64.31,64.13,,TDX,64.13,1580,Y5SIC4,Basis-003,0.49,1.04,0.32,0.01,1.83
XA,2025-12-11,INT,FN-119,XAFN-395,KEETPX,KEE-TPX,1447443096348,,KEE-TPX,Class 8,TYPE-D,,Agent C1,Payment B,2025-11-04,Category C,CCY-4,Y,171.73,9.13,10.85,3.86,4.59,1.23,1.46,156.34,185.71,,KEE,185.71,3971,LMA6GM,Basis-001,4.91,0.31,0.13,0.04,5.31
XA,2025-12-01,INT,FN-117,XAFN-118,JYNVQR,JYN-VQR,3765456284177,Category C,JYN-VQR,Class 2,TYPE-B,,Agent B1,Payment C,2025-11-28,Category A,CCY-2,N,234.25,25.24,29.41,11.51,13.41,4.13,4.81,233.65,272.26,,JYN,272.26,1825,DKEPLB,Basis-001/BG,6.69,0.84,0.38,0.14,7.78
XA,2025-12-22,INT,FN-117,XAFN-132,NABMBT,NAB-MBT,6862110225803,,NAB-MBT,Class 2,TYPE-C,,Agent B2,Payment C,2025-12-18,Category A,CCY-4,N,152.27,30.5,30.45,14.72,14.69,3.73,3.72,194.03,193.69,,NAB,193.69,4133,KR1IFS,Basis-001/BG,4.35,0.87,0.42,0.11,5.53
XA,2025-12-16,INT,FN-105,XAFN-395,KLCLNR,KLC-LNR,9239231260432,,KLC-LNR,Class 5,TYPE-A,,Agent C1,Payment A,2025-11-06,Category A,CCY-2,N,108.72,32.36,31.44,7.91,7.69,3.73,3.62,148.44,144.23,,KLC,144.23,3536,SZ9HPC,Basis-002/BG,3.11,0.9,0.22,0.1,4.12
XA,2025-12-14,DOM,FN-119,XAFN-132,QFXFUG,QFX-FUG,0200053474916,Category C,QFX-FUG,Class 5,TYPE-C,,Agent B2,Payment B,2025-11-22,Category C,CCY-3,Y,115.24,26.97,25.36,11.81,11.11,1.72,1.62,159.6,150.09,,QFX,150.09,993,YY1EM3,Basis-003,3.29,0.72,0.32,0.05,4.29
XA,2025-12-04,INT,FN-117,XAFN-508,YMLKUV,YML-KUV,1093371189547,Category C,YML-KUV,Class 5,TYPE-B,,Agent A1,Payment A,2025-11-13,Category D,CCY-2,N,111.7,58.5,48.84,6.62,5.53,3.9,3.26,195.01,162.81,,YML,162.81,4790,96QZ6C,Basis-002/BG,3.19,1.4,0.16,0.09,4.65
XA,2025-12-02,DOM,FN-119,XAFN-133,KSNTDX,KSN-TDX,7881278686694,Category C,KSN-TDX,Class 5,TYPE-B,,Agent A1,Payment A,2025-12-07,Category B,CCY-2,Y,135.05,19.79,23.4,14.57,17.23,1.66,1.96,146.93,173.72,,KSN,173.72,4400,QZSKHZ,Basis-003,3.86,0.67,0.49,0.06,4.96
XA,2025-12-31,DOM,FN-118,XAFN-117,KSNYML,KSN-YML,4033810595518,Category D,KSN-YML,Class 1,TYPE-B,,Agent B2,Payment C,2025-11-19,Category C,CCY-2,Y,165.72,43.07,45.48,2.43,2.57,2.29,2.42,200.17,211.35,,KSN,211.35,285,3H8G8T,Basis-003,4.73,1.3,0.07,0.07,6.04
XA,2025-12-18,DOM,FN-119,XAFN-394,PVSUBR,PVS-UBR,3543962736527,,PVS-UBR,Class 7,TYPE-D,,Agent A2,Payment B,2025-11-12,Category B,CCY-3,Y,171.36,41.13,43.34,9.88,10.41,7.07,7.45,206.56,217.66,,PVS,217.66,4866,R0XAFG,Basis-002/BG,4.9,1.24,0.3,0.21,6.22
XA,2025-12-13,DOM,FN-105,XAFN-395,FUGKSN,FUG-KSN,2091660100231,Category D,FUG-KSN,Class 2,TYPE-B,,Agent C2,Payment C,2025-11-01,Category A,CCY-4,Y,235.24,19.11,22.24,14.65,17.05,2.47,2.88,233.45,271.65,,FUG,271.65,4643,0MZHRU,Basis-002/BG,6.72,0.64,0.49,0.08,7.76
XA,2025-12-09,DOM,FN-395,XAFN-105,QFXJKS,QFX-JKS,0018418620303,,QFX-JKS,Class 8,TYPE-D,,Agent A2,Payment B,2025-12-12,Category C,CCY-2,Y,333.91,24.14,24.56,7.64,7.77,4.0,4.07,355.97,362.17,,QFX,362.17,3351,YZ6R9I,Basis-002,9.54,0.7,0.22,0.12,10.35
XA,2025-12-03,INT,FN-101,XAFN-508,FUGSUQ,FUG-SUQ,2268592624945,,FUG-SUQ,Class 6,TYPE-C,,Agent B2,Payment C,2025-11-24,Category C,CCY-1,Y,266.27,45.89,53.69,6.32,7.39,4.1,4.8,275.71,322.55,,FUG,322.55,217,592FFQ,Basis-002/BG,7.61,1.53,0.21,0.14,9.22
XA,2025-12-05,DOM,FN-117,XAFN-133,FUGTDX,FUG-TDX,5576769523668,,FUG-TDX,Class 7,TYPE-D,,Agent C1,Payment C,2025-12-23,Category B,CCY-3,N,116.39,27.73,25.77,3.53,3.28,0.9,0.84,155.61,144.6,,FUG,144.6,884,UPUY0Z,Basis-001/BG,3.33,0.74,0.09,0.02,4.13
XA,2025-12-30,INT,FN-105,XAFN-101,KEEVQR,KEE-VQR,5524728633302,,KEE-VQR,Class 1,TYPE-B,,Agent B2,Payment C,2025-11-02,Category D,CCY-3,N,76.51,12.63,14.94,5.21,6.16,1.81,2.14,80.7,95.47,,KEE,95.47,643,ZXC45B,Basis-002,2.19,0.43,0.18,0.06,2.73
XA,2025-12-05,DOM,FN-117,XAFN-394,FUGYML,FUG-YML,2847657041200,Category C,FUG-YML,Class 2,TYPE-B,,Agent A1,Payment B,2025-12-24,Category D,CCY-1,N,147.23,29.77,33.51,15.77,17.75,3.72,4.19,172.64,194.3,,FUG,194.3,4739,ZJULI7,Basis-002,4.21,0.96,0.51,0.12,5.55
XA,2025-12-13,DOM,FN-117,XAFN-395,UMKDRW,UMK-DRW,9177566205634,,UMK-DRW,Class 3,TYPE-A,,Agent A1,Payment B,2025-12-09,Category C,CCY-2,Y,70.13,54.43,44.76,10.86,8.93,1.7,1.4,148.86,122.42,,UMK,122.42,2162,KTCV1L,Basis-003,2.0,1.28,0.26,0.04,3.5
XA,2025-12-02,DOM,FN-508,XAFN-394,NABKEE,NAB-KEE,0051405468356,Category D,NAB-KEE,Class 4,TYPE-B,,Agent C2,Payment C,2025-11-07,Category C,CCY-3,N,146.04,39.03,40.12,4.27,4.39,0.6,0.62,184.75,189.93,,NAB,189.93,4325,D3FVNV,Basis-001,4.17,1.15,0.13,0.02,5.43
XA,2025-12-23,INT,FN-119,XAFN-119,KSNGNP,KSN-GNP,2288985725459,,KSN-GNP,Class 8,TYPE-A,,Agent C2,Payment C,2025-11-25,Category B,CCY-1,Y,180.59,38.81,32.5,14.88,12.46,9.54,7.99,259.83,217.56,,KSN,217.56,814,8U9DA1,Basis-002,5.16,0.93,0.36,0.23,6.22
XA,2025-12-03,DOM,FN-118,XAFN-508,JYNFUG,JYN-FUG,5511274747219,,JYN-FUG,Class 8,TYPE-A,,Agent B1,Payment B,2025-11-26,Category D,CCY-3,Y,173.13,72.78,66.83,7.42,6.81,1.6,1.47,267.14,245.3,,JYN,245.3,3811,N48NYS,Basis-002,4.95,1.91,0.19,0.04,7.01
XA,2025-12-05,DOM,FN-105,XAFN-118,TDXNAB,TDX-NAB,6296136715778,,TDX-NAB,Class 1,TYPE-A,,Agent A1,Payment A,2025-12-17,Category A,CCY-2,N,107.52,20.16,20.65,7.05,7.22,3.67,3.76,128.5,131.63,,TDX,131.63,3748,HLL9RZ,Basis-002/BG,3.07,0.59,0.21,0.11,3.76
XA,2025-12-07,DOM,FN-132,XAFN-508,QFXJYN,QFX-JYN,0960567303064,Category D,QFX-JYN,Class 1,TYPE-B,,Agent A1,Payment A,2025-11-05,Category C,CCY-2,N,99.01,55.74,47.84,19.93,17.1,5.48,4.7,185.56,159.25,,QFX,159.25,869,KZ5SYJ,Basis-001,2.83,1.37,0.49,0.13,4.55
XA,2025-12-16,DOM,FN-394,XAFN-395,DRWJKS,DRW-JKS,2659608931992,Category D,DRW-JKS,Class 5,TYPE-C,,Agent A1,Payment A,2025-12-28,Category D,CCY-2,Y,104.34,14.88,17.51,10.5,12.36,0.88,1.04,113.17,133.17,,DRW,133.17,4291,5E8OSA,Basis-002/BG,2.98,0.5,0.35,0.03,3.8
XA,2025-12-14,DOM,FN-395,XAFN-117,NABJYN,NAB-JYN,9635339055044,,NAB-JYN,Class 2,TYPE-D,,Agent C2,Payment B,2025-11-27,Category D,CCY-1,N,105.82,33.14,39.49,9.24,11.01,0.97,1.16,130.21,155.16,,NAB,155.16,3085,3P9M7Q,Basis-002,3.02,1.13,0.31,0.03,4.43
XA,2025-12-23,DOM,FN-133,XAFN-118,UMKTDX,UMK-TDX,9111109617981,,UMK-TDX,Class 3,TYPE-A,,Agent C2,Payment B,2025-12-25,Category D,CCY-4,Y,28.74,46.76,53.21,16.68,18.98,0.48,0.55,88.2,100.38,,UMK,100.38,2025,1TE48M,Basis-002/BG,0.82,1.52,0.54,0.02,2.87
XA,2025-12-17,INT,FN-118,XAFN-118,UBRKUV,UBR-KUV,4463060002589,Category D,UBR-KUV,Class 7,TYPE-C,,Agent A2,Payment C,2025-11-28,Category B,CCY-1,N,100.98,21.73,24.18,10.27,11.43,4.26,4.74,118.48,131.85,,UBR,131.85,1778,WOB7P7,Basis-002/BG,2.89,0.69,0.33,0.14,3.77
XA,2025-12-26,DOM,FN-117,XAFN-395,DRWJKS,DRW-JKS,1964825311060,Category C,DRW-JKS,Class 9,TYPE-A,,Agent C1,Payment C,2025-12-05,Category A,CCY-2,N,176.76,47.49,39.88,23.87,20.05,4.61,3.87,277.22,232.82,,DRW,232.82,407,0EQWMI,Basis-001/BG,5.05,1.14,0.57,0.11,6.65
XA,2025-12-09,INT,FN-105,XAFN-117,YMLKHV,YML-KHV,0911791124421,,YML-KHV,Class 4,TYPE-D,,Agent B1,Payment A,2025-11-26,Category A,CCY-4,N,135.84,16.95,18.03,2.91,3.1,4.92,5.23,142.65,151.74,,YML,151.74,379,ORWHP6,Basis-002/BG,3.88,0.52,0.09,0.15,4.34
XA,2025-12-28,DOM,FN-101,XAFN-105,KSNQFX,KSN-QFX,5579980284139,,KSN-QFX,Class 1,TYPE-A,,Agent C1,Payment C,2025-12-19,Category B,CCY-2,Y,91.53,28.03,29.5,18.02,18.97,2.87,3.02,130.15,136.98,,KSN,136.98,3189,EHLH07,Basis-002,2.62,0.84,0.54,0.09,3.91
XA,2025-12-15,INT,FN-394,XAFN-133,JYNVQR,JYN-VQR,8634234619942,Category C,JYN-VQR,Class 2,TYPE-D,,Agent B2,Payment B,2025-11-28,Category C,CCY-3,N,108.59,31.45,33.36,9.35,9.92,3.62,3.84,139.55,148.03,,JYN,148.03,1081,VPUNWC,Basis-001/BG,3.1,0.95,0.28,0.11,4.23
XA,2025-12-31,DOM,FN-395,XAFN-132,UMKQFX,UMK-QFX,6012562531355,Category C,UMK-QFX,Class 7,TYPE-C,,Agent A1,Payment A,2025-11-21,Category A,CCY-3,N,245.07,59.0,67.9,6.39,7.35,6.43,7.4,271.89,312.92,,UMK,312.92,1951,Q26UNV,Basis-003,7.0,1.94,0.21,0.21,8.94
XA,2025-12-22,DOM,FN-133,XAFN-132,FUGUMK,FUG-UMK,5330770461172,Category D,FUG-UMK,Class 5,TYPE-D,,Agent A2,Payment C,2025-11-02,Category C,CCY-1,Y,110.84,43.14,45.66,12.67,13.41,3.0,3.18,157.51,166.73,,FUG,166.73,4916,96K4O6,Basis-003,3.17,1.3,0.38,0.09,4.76
XA,2025-12-14,DOM,FN-118,XAFN-118,JKSNAB,JKS-NAB,5561857906477,,JKS-NAB,Class 1,TYPE-C,,Agent C1,Payment A,2025-11-02,Category B,CCY-1,Y,297.74,34.24,38.76,7.24,8.2,6.18,7.0,298.34,337.7,,JKS,337.7,285,E950ID,Basis-002,8.51,1.11,0.23,0.2,9.65
XA,2025-12-03,DOM,FN-118,XAFN-132,PVSKEE,PVS-KEE,9642297125296,,PVS-KEE,Class 5,TYPE-A,,Agent C1,Payment C,2025-11-16,Category D,CCY-1,N,197.25,39.56,46.63,11.96,14.1,0.92,1.09,217.91,256.89,,PVS,256.89,2498,L0IJKC,Basis-003,5.64,1.33,0.4,0.03,7.34
XA,2025-12-07,DOM,FN-101,XAFN-119,NABUBR,NAB-UBR,7637153988547,Category C,NAB-UBR,Class 4,TYPE-A,,Agent A2,Payment A,2025-12-29,Category C,CCY-1,N,190.58,46.1,46.0,15.88,15.85,0.72,0.72,252.25,251.71,,NAB,251.71,3906,5S2GKF,Basis-002,5.45,1.31,0.45,0.02,7.19
XA,2025-12-06,DOM,FN-118,XAFN-101,KSNJYN,KSN-JYN,7875418156326,,KSN-JYN,Class 2,TYPE-C,,Agent A1,Payment B,2025-11-18,Category C,CCY-1,Y,260.57,34.32,39.73,7.91,9.16,2.7,3.13,264.62,306.33,,KSN,306.33,602,X0PKOV,Basis-003,7.44,1.14,0.26,0.09,8.75
XA,2025-12-08,INT,FN-105,XAFN-101,UMKTPX,UMK-TPX,0943181439666,,UMK-TPX,Class 2,TYPE-B,,Agent C2,Payment C,2025-11-18,Category D,CCY-1,Y,161.74,40.64,48.1,5.0,5.92,4.42,5.23,177.87,210.53,,UMK,210.53,1601,2MKV0D,Basis-003,4.62,1.37,0.17,0.15,6.02
XA,2025-12-06,INT,FN-132,XAFN-394,PVSMBT,PVS-MBT,2076502412095,,PVS-MBT,Class 4,TYPE-A,,Agent B2,Payment A,2025-12-01,Category A,CCY-2,Y,179.49,29.11,24.1,12.25,10.14,3.42,2.83,254.78,210.9,,PVS,210.9,342,U94SGF,Basis-001,5.13,0.69,0.29,0.08,6.03
XA,2025-12-18,DOM,FN-118,XAFN-394,QFXKLC,QFX-KLC,4570545897148,,QFX-KLC,Class 6,TYPE-B,,Agent B2,Payment A,2025-12-13,Category B,CCY-4,N,252.28,34.96,32.87,10.88,10.23,6.58,6.19,307.55,289.19,,QFX,289.19,4278,BUZPHD,Basis-002/BG,7.21,0.94,0.29,0.18,8.26
XA,2025-12-06,DOM,FN-118,XAFN-132,QFXNAB,QFX-NAB,5696443098591,,QFX-NAB,Class 9,TYPE-D,,Agent C1,Payment B,2025-11-19,Category A,CCY-4,Y,41.21,35.8,41.19,11.5,13.23,1.76,2.03,81.36,93.6,,QFX,93.6,4287,7FYSKU,Basis-001/BG,1.18,1.18,0.38,0.06,2.67
XA,2025-12-10,INT,FN-508,XAFN-105,JYNMBT,JYN-MBT,0740650042548,Category C,JYN-MBT,Class 2,TYPE-A,,Agent C2,Payment B,2025-11-10,Category B,CCY-3,N,323.06,31.09,25.38,13.6,11.1,0.31,0.25,440.1,359.29,,JYN,359.29,4994,7KB7IY,Basis-002/BG,9.23,0.73,0.32,0.01,10.27
XA,2025-12-14,INT,FN-132,XAFN-508,DRWLNR,DRW-LNR,2342683441497,Category C,DRW-LNR,Class 5,TYPE-D,,Agent B2,Payment A,2025-11-09,Category D,CCY-3,N,169.95,61.73,53.66,10.95,9.52,5.83,5.07,262.34,228.06,,DRW,228.06,4327,7ZQPPO,Basis-001,4.86,1.53,0.27,0.14,6.52
XA,2025-12-08,DOM,FN-508,XAFN-395,KLCDRW,KLC-DRW,5298940626078,,KLC-DRW,Class 2,TYPE-A,,Agent A1,Payment A,2025-11-18,Category A,CCY-2,N,172.32,42.48,39.12,11.87,10.93,5.75,5.3,235.7,217.07,,KLC,217.07,997,3UY5EV,Basis-003,4.92,1.12,0.31,0.15,6.2
XA,2025-12-05,DOM,FN-119,XAFN-117,PVSYML,PVS-YML,4407931102918,,PVS-YML,Class 9,TYPE-B,,Agent A2,Payment A,2025-12-01,Category A,CCY-2,N,114.29,27.73,32.91,12.95,15.37,2.7,3.21,134.26,159.36,,PVS,159.36,3400,CEO934,Basis-003,3.27,0.94,0.44,0.09,4.55
XA,2025-12-06,INT,FN-117,XAFN-119,UBRSUQ,UBR-SUQ,2883774419754,,UBR-SUQ,Class 8,TYPE-D,,Agent C2,Payment A,2025-11-30,Category D,CCY-1,N,67.88,30.34,31.99,6.16,6.5,1.39,1.47,99.48,104.9,,UBR,104.9,1413,BQUAKX,Basis-003,1.94,0.91,0.19,0.04,3.0
XA,2025-12-01,INT,FN-117,XAFN-132,KEERZP,KEE-RZP,8835868122595,,KEE-RZP,Class 3,TYPE-B,,Agent B1,Payment C,2025-11-20,Category D,CCY-4,Y,245.6,7.27,7.15,7.33,7.21,11.02,10.84,253.34,249.12,,KEE,249.12,4162,NQXU71,Basis-003,7.02,0.2,0.21,0.31,7.12
XA,2025-12-03,INT,FN-101,XAFN-101,KSNMFP,KSN-MFP,2311775331266,,KSN-MFP,Class 6,TYPE-A,,Agent C1,Payment B,2025-11-08,Category A,CCY-3,Y,180.18,47.25,53.48,8.54,9.67,4.66,5.27,210.31,238.06,,KSN,238.06,3817,1V47LZ,Basis-002/BG,5.15,1.53,0.28,0.15,6.8
XA,2025-12-22,DOM,FN-118,XAFN-119,NABTDX,NAB-TDX,3268319013020,Category D,NAB-TDX,Class 9,TYPE-D,,Agent C1,Payment C,2025-12-26,Category A,CCY-2,N,105.58,58.43,58.22,2.77,2.76,1.03,1.03,166.12,165.53,,NAB,165.53,1718,Y80TGH,Basis-002/BG,3.02,1.66,0.08,0.03,4.73
XA,2025-12-21,INT,FN-133,XAFN-105,JKSSUQ,JKS-SUQ,9128411730985,,JKS-SUQ,Class 9,TYPE-B,,Agent B1,Payment B,2025-11-25,Category C,CCY-2,Y,25.9,37.52,36.6,7.68,7.49,1.07,1.04,70.68,68.95,,JKS,68.95,1493,8CU47S,Basis-002/BG,0.74,1.05,0.21,0.03,1.97
XA,2025-12-21,DOM,FN-101,XAFN-101,UMKPVS,UMK-PVS,5643502385037,,UMK-PVS,Class 2,TYPE-A,,Agent B1,Payment A,2025-12-31,Category D,CCY-4,Y,68.3,34.03,40.63,9.4,11.22,2.68,3.2,97.95,116.95,,UMK,116.95,4717,RE0DRI,Basis-002,1.95,1.16,0.32,0.09,3.34
XA,2025-12-26,INT,FN-119,XAFN-395,JYNMBT,JYN-MBT,9608706626682,,JYN-MBT,Class 4,TYPE-D,,Agent A1,Payment C,2025-12-28,Category C,CCY-1,N,104.87,13.32,10.8,17.72,14.36,6.02,4.88,154.4,125.15,,JYN,125.15,1786,M7IDAO,Basis-003,3.0,0.31,0.41,0.14,3.58
XA,2025-12-06,DOM,FN-118,XAFN-101,KLCKEE,KLC-KEE,5593429671114,Category C,KLC-KEE,Class 4,TYPE-D,,Agent C2,Payment C,2025-12-23,Category C,CCY-1,Y,202.02,33.51,28.51,22.61,19.23,0.91,0.77,292.69,248.99,,KLC,248.99,3833,Z72KXS,Basis-002,5.77,0.81,0.55,0.02,7.11
XA,2025-12-23,INT,FN-508,XAFN-394,PVSKHV,PVS-KHV,4132834831520,Category C,PVS-KHV,Class 9,TYPE-D,,Agent C2,Payment B,2025-12-31,Category A,CCY-1,Y,64.39,6.14,7.12,5.64,6.54,0.15,0.17,67.13,77.88,,PVS,77.88,4287,4JVK8C,Basis-003,1.84,0.2,0.19,0.0,2.23
XA,2025-12-13,INT,FN-117,XAFN-133,JYNZYR,JYN-ZYR,8040850954930,Category D,JYN-ZYR,Class 7,TYPE-D,,Agent B2,Payment C,2025-12-30,Category A,CCY-4,Y,146.35,37.82,33.65,9.88,8.79,3.65,3.25,208.52,185.54,,JYN,185.54,4732,NZY47Q,Basis-003,4.18,0.96,0.25,0.09,5.3
XA,2025-12-26,INT,FN-118,XAFN-105,KSNTPX,KSN-TPX,3845960945449,,KSN-TPX,Class 8,TYPE-A,,Agent B1,Payment C,2025-12-13,Category C,CCY-2,N,178.16,13.93,11.23,21.36,17.22,1.45,1.17,254.87,205.44,,KSN,205.44,1664,PAABMW,Basis-003,5.09,0.32,0.49,0.03,5.87
XA,2025-12-31,DOM,FN-105,XAFN-394,DRWKEE,DRW-KEE,2444723229031,,DRW-KEE,Class 2,TYPE-B,,Agent C2,Payment C,2025-12-26,Category D,CCY-3,N,143.43,45.82,46.76,11.47,11.71,6.3,6.43,191.53,195.47,,DRW,195.47,543,TI899A,Basis-002,4.1,1.34,0.33,0.18,5.58
XA,2025-12-17,DOM,FN-105,XAFN-119,TDXYML,TDX-YML,3595616420595,Category D,TDX-YML,Class 6,TYPE-D,,Agent C2,Payment B,2025-12-01,Category C,CCY-1,Y,186.54,39.44,38.55,12.52,12.24,0.74,0.72,242.05,236.61,,TDX,236.61,1513,NKFVDH,Basis-002,5.33,1.1,0.35,0.02,6.76
XA,2025-12-03,INT,FN-105,XAFN-119,YMLTPX,YML-TPX,9898681809788,,YML-TPX,Class 1,TYPE-C,,Agent B1,Payment A,2025-12-24,Category C,CCY-2,Y,201.42,41.65,49.94,9.16,10.98,3.2,3.84,215.57,258.5,,YML,258.5,2892,I1NQ0E,Basis-001/BG,5.75,1.43,0.31,0.11,7.39
XA,2025-12-30,INT,FN-132,XAFN-394,PVSTPX,PVS-TPX,9376392836929,Category D,PVS-TPX,Class 6,TYPE-C,,Agent B1,Payment B,2025-11-08,Category A,CCY-1,N,206.72,28.59,28.65,17.16,17.2,3.63,3.64,248.37,248.93,,PVS,248.93,3649,SFR5HG,Basis-002/BG,5.91,0.82,0.49,0.1,7.11
XA,2025-12-16,DOM,FN-105,XAFN-117,KSNFUG,KSN-FUG,0602128866526,Category C,KSN-FUG,Class 7,TYPE-C,,Agent A1,Payment B,2025-12-28,Category C,CCY-3,Y,95.89,52.57,57.01,9.04,9.8,3.38,3.67,146.63,159.03,,KSN,159.03,570,C786W0,Basis-002/BG,2.74,1.63,0.28,0.1,4.54
XA,2025-12-27,INT,FN-395,XAFN-105,KLCHGV,KLC-HGV,2099576572894,,KLC-HGV,Class 3,TYPE-B,,Agent B1,Payment B,2025-11-22,Category A,CCY-2,N,35.54,30.82,31.92,6.36,6.59,1.25,1.29,70.24,72.76,,KLC,72.76,2536,LLGF30,Basis-001/BG,1.02,0.91,0.19,0.04,2.08
XA,2025-12-10,INT,FN-118,XAFN-394,UMKMBT,UMK-MBT,7324491342138,Category C,UMK-MBT,Class 6,TYPE-A,,Agent C1,Payment A,2025-12-28,Category B,CCY-1,Y,217.25,23.33,20.21,8.97,7.77,4.35,3.77,278.75,241.46,,UMK,241.46,4200,3AH7U0,Basis-003,6.21,0.58,0.22,0.11,6.9
XA,2025-12-04,DOM,FN-394,XAFN-133,UBRJYN,UBR-JYN,7412415131528,Category D,UBR-JYN,Class 5,TYPE-C,,Agent B2,Payment C,2025-12-18,Category A,CCY-1,N,1.16,19.89,23.22,1.82,2.12,0.03,0.04,22.66,26.46,,UBR,26.46,514,P72L4X,Basis-001,0.03,0.66,0.06,0.0,0.76
XA,2025-12-05,DOM,FN-394,XAFN-117,YMLKSN,YML-KSN,7423183061789,Category C,YML-KSN,Class 7,TYPE-B,,Agent A1,Payment B,2025-12-15,Category C,CCY-2,N,23.29,45.7,41.41,15.37,13.93,0.86,0.78,85.92,77.85,,YML,77.85,4983,IMT854,Basis-002,0.67,1.18,0.4,0.02,2.22
XA,2025-12-08,INT,FN-105,XAFN-118,JYNDPQ,JYN-DPQ,6753612751562,,JYN-DPQ,Class 7,TYPE-D,,Agent C1,Payment B,2025-12-14,Category B,CCY-3,Y,184.04,16.88,15.5,10.63,9.76,5.45,5.0,222.51,204.3,,JYN,204.3,2583,JH4OUL,Basis-002,5.26,0.44,0.28,0.14,5.84
XA,2025-12-09,INT,FN-394,XAFN-119,DRWDPQ,DRW-DPQ,5047639283199,Category D,DRW-DPQ,Class 8,TYPE-B,,Agent C1,Payment C,2025-11-02,Category A,CCY-4,N,149.71,10.83,12.62,15.04,17.52,2.56,2.98,151.83,176.87,,DRW,176.87,939,2LM1CB,Basis-001/BG,4.28,0.36,0.5,0.09,5.05
XA,2025-12-26,INT,FN-117,XAFN-132,UMKVQR,UMK-VQR,5638300081867,,UMK-VQR,Class 3,TYPE-B,,Agent B1,Payment B,2025-11-02,Category B,CCY-4,Y,220.19,29.93,26.69,11.36,10.13,10.62,9.47,277.59,247.54,,UMK,247.54,476,JE2XE0,Basis-002,6.29,0.76,0.29,0.27,7.07
XA,2025-12-18,DOM,FN-508,XAFN-117,FUGUBR,FUG-UBR,1963945680447,Category C,FUG-UBR,Class 9,TYPE-A,,Agent B1,Payment C,2025-12-07,Category D,CCY-4,N,166.67,0.57,0.63,7.98,8.76,0.15,0.17,160.33,175.89,,FUG,175.89,2585,PIOKKZ,Basis-003,4.76,0.02,0.25,0.0,5.03
XA,2025-12-23,DOM,FN-105,XAFN-394,DRWKEE,DRW-KEE,3906375791452,,DRW-KEE,Class 8,TYPE-A,,Agent C1,Payment A,2025-11-14,Category D,CCY-4,Y,95.44,13.56,14.98,7.77,8.59,4.11,4.54,103.59,114.47,,DRW,114.47,887,FWR0UI,Basis-002/BG,2.73,0.43,0.25,0.13,3.27
XA,2025-12-20,INT,FN-133,XAFN-101,DRWMBT,DRW-MBT,4387875357788,,DRW-MBT,Class 6,TYPE-A,,Agent B2,Payment C,2025-11-05,Category D,CCY-2,Y,293.81,36.83,39.61,6.64,7.14,0.5,0.54,316.12,340.02,,DRW,340.02,311,F0FP8B,Basis-002/BG,8.39,1.13,0.2,0.02,9.71
XA,2025-12-14,INT,FN-133,XAFN-101,KSNKUV,KSN-KUV,4164485959224,Category C,KSN-KUV,Class 9,TYPE-C,,Agent C1,Payment C,2025-11-17,Category D,CCY-4,N,195.81,44.35,50.99,12.72,14.62,1.19,1.37,226.19,260.05,,KSN,260.05,1925,77Z4ES,Basis-002/BG,5.59,1.46,0.42,0.04,7.43
XA,2025-12-01,DOM,FN-118,XAFN-119,JKSDRW,JKS-DRW,3187510979215,Category C,JKS-DRW,Class 3,TYPE-C,,Agent C2,Payment A,2025-12-30,Category B,CCY-2,N,154.77,16.95,20.3,11.27,13.49,3.04,3.64,154.44,184.92,,JKS,184.92,2528,35VLWO,Basis-002,4.42,0.58,0.39,0.1,5.28
XA,2025-12-09,DOM,FN-508,XAFN-105,FUGTDX,FUG-TDX,2896599949732,,FUG-TDX,Class 3,TYPE-B,,Agent A2,Payment A,2025-12-30,Category B,CCY-1,Y,181.48,47.62,43.43,14.45,13.18,7.27,6.63,253.8,231.46,,FUG,231.46,1550,RAC8E3,Basis-002/BG,5.19,1.24,0.38,0.19,6.61
XA,2025-12-25,INT,FN-133,XAFN-394,JKSMBT,JKS-MBT,5485819324268,,JKS-MBT,Class 9,TYPE-D,,Agent C2,Payment B,2025-12-14,Category A,CCY-1,N,233.96,22.95,21.97,17.33,16.59,2.95,2.82,281.73,269.7,,JKS,269.7,3052,G541MP,Basis-003,6.68,0.63,0.47,0.08,7.71
XA,2025-12-07,DOM,FN-101,XAFN-508,DRWJKS,DRW-JKS,4515480940476,,DRW-JKS,Class 3,TYPE-C,,Agent B1,Payment C,2025-11-04,Category A,CCY-1,N,165.81,64.73,61.13,6.94,6.55,1.72,1.62,245.52,231.87,,DRW,231.87,3923,RR513B,Basis-001,4.74,1.75,0.19,0.05,6.62
XA,2025-12-04,DOM,FN-101,XAFN-394,PVSUBR,PVS-UBR,0518439055295,,PVS-UBR,Class 3,TYPE-D,,Agent B2,Payment C,2025-12-13,Category A,CCY-2,Y,288.88,29.08,32.97,5.95,6.74,1.06,1.2,288.8,327.39,,PVS,327.39,1780,3S0DPJ,Basis-001/BG,8.25,0.94,0.19,0.03,9.35
XA,2025-12-11,INT,FN-394,XAFN-508,KSNKUV,KSN-KUV,1971112125902,,KSN-KUV,Class 1,TYPE-B,,Agent C2,Payment B,2025-11-30,Category A,CCY-3,Y,111.29,26.79,25.19,12.89,12.12,1.62,1.52,156.42,147.08,,KSN,147.08,2721,4X6G1E,Basis-001,3.18,0.72,0.35,0.04,4.2
XA,2025-12-08,INT,FN-119,XAFN-118,PVSMBT,PVS-MBT,3244741759558,,PVS-MBT,Class 3,TYPE-B,,Agent A1,Payment C,2025-11-25,Category B,CCY-3,Y,191.83,23.09,21.39,10.67,9.88,1.46,1.35,239.41,221.75,,PVS,221.75,3754,M32HZS,Basis-002,5.48,0.61,0.28,0.04,6.34
XA,2025-12-30,DOM,FN-105,XAFN-395,UMKKLC,UMK-KLC,2727955969051,Category D,UMK-KLC,Class 4,TYPE-A,,Agent A2,Payment B,2025-12-01,Category C,CCY-3,N,321.38,61.82,55.91,13.47,12.18,3.88,3.51,426.79,385.96,,UMK,385.96,1020,GMFT1P,Basis-003,9.18,1.6,0.35,0.1,11.03
XA,2025-12-24,INT,FN-132,XAFN-508,TDXSUQ,TDX-SUQ,5764038166496,,TDX-SUQ,Class 7,TYPE-B,,Agent C1,Payment A,2025-12-30,Category C,CCY-4,Y,153.04,35.43,31.8,14.56,13.07,4.03,3.62,216.49,194.29,,TDX,194.29,4852,1EL88L,Basis-001/BG,4.37,0.91,0.37,0.1,5.55
XA,2025-12-29,INT,FN-117,XAFN-118,JYNTPX,JYN-TPX,4123361328507,Category C,JYN-TPX,Class 3,TYPE-C,,Agent A1,Payment B,2025-12-06,Category D,CCY-4,Y,68.18,30.43,26.14,1.93,1.66,0.0,0.0,111.74,95.98,,JYN,95.98,4069,Y3Z1DE,Basis-001/BG,1.95,0.75,0.05,0.0,2.74
XA,2025-12-12,INT,FN-394,XAFN-508,KLCRZP,KLC-RZP,0392355580996,,KLC-RZP,Class 5,TYPE-B,,Agent A2,Payment B,2025-11-13,Category A,CCY-4,Y,181.94,39.18,39.71,7.48,7.58,5.36,5.43,220.79,223.8,,KLC,223.8,2673,PMXPKN,Basis-002/BG,5.2,1.13,0.22,0.16,6.39
XA,2025-12-04,DOM,FN-394,XAFN-105,QFXDRW,QFX-DRW,5160252986707,,QFX-DRW,Class 3,TYPE-D,,Agent A1,Payment B,2025-11-28,Category C,CCY-2,Y,275.92,11.53,11.61,2.66,2.68,5.45,5.49,282.76,284.72,,QFX,284.72,3888,S2Z48E,Basis-001/BG,7.88,0.33,0.08,0.16,8.13
XA,2025-12-30,INT,FN-508,XAFN-118,UMKDPQ,UMK-DPQ,3897607401775,,UMK-DPQ,Class 7,TYPE-C,,Agent B1,Payment B,2025-11-22,Category C,CCY-1,Y,167.96,48.9,45.71,19.7,18.42,1.35,1.26,246.92,230.83,,UMK,230.83,4646,JKPQKB,Basis-001,4.8,1.31,0.53,0.04,6.6
XA,2025-12-04,INT,FN-117,XAFN-117,PVSZYR,PVS-ZYR,7645793897015,Category D,PVS-ZYR,Class 9,TYPE-A,,Agent A2,Payment C,2025-12-17,Category A,CCY-4,N,113.29,55.4,46.18,11.77,9.81,1.69,1.41,201.38,167.87,,PVS,167.87,4399,9C70PA,Basis-002,3.24,1.32,0.28,0.04,4.8
XA,2025-12-20,DOM,FN-395,XAFN-395,UBRDRW,UBR-DRW,3059736424809,,UBR-DRW,Class 2,TYPE-B,,Agent C2,Payment B,2025-11-18,Category A,CCY-2,N,136.19,36.1,43.25,11.07,13.26,3.25,3.89,157.61,188.81,,UBR,188.81,1896,AOEJV9,Basis-002,3.89,1.24,0.38,0.11,5.39
XA,2025-12-24,DOM,FN-508,XAFN-394,YMLUBR,YML-UBR,9695867805555,,YML-UBR,Class 1,TYPE-B,,Agent B2,Payment C,2025-12-02,Category B,CCY-3,Y,23.89,49.93,52.15,16.18,16.9,0.25,0.26,88.73,92.68,,YML,92.68,3395,JB48WU,Basis-002,0.68,1.49,0.48,0.01,2.65
XA,2025-12-15,DOM,FN-394,XAFN-101,YMLPVS,YML-PVS,2992959660487,Category C,YML-PVS,Class 9,TYPE-D,,Agent C1,Payment A,2025-11-25,Category A,CCY-3,Y,99.95,32.66,35.94,11.33,12.47,1.38,1.52,133.45,146.84,,YML,146.84,3441,H9UGF1,Basis-002/BG,2.86,1.03,0.36,0.04,4.2
XA,2025-12-25,INT,FN-132,XAFN-105,JKSDPQ,JKS-DPQ,5888636774722,,JKS-DPQ,Class 4,TYPE-C,,Agent A1,Payment C,2025-12-24,Category C,CCY-4,N,170.85,23.86,21.75,7.28,6.64,8.44,7.69,210.14,191.55,,JKS,191.55,1611,YDUPPG,Basis-001,4.88,0.62,0.19,0.22,5.47
XA,2025-12-31,DOM,FN-101,XAFN-132,KSNTDX,KSN-TDX,9329715096883,Category C,KSN-TDX,Class 9,TYPE-D,,Agent B1,Payment C,2025-12-26,Category B,CCY-1,Y,147.96,43.55,47.59,11.64,12.72,4.06,4.44,186.51,203.83,,KSN,203.83,4068,77LK6H,Basis-002/BG,4.23,1.36,0.36,0.13,5.82
XA,2025-12-17,INT,FN-105,XAFN-508,YMLKUV,YML-KUV,5237100687616,Category D,YML-KUV,Class 8,TYPE-A,,Agent C2,Payment C,2025-12-12,Category A,CCY-2,N,120.35,34.97,41.58,3.57,4.24,4.03,4.79,135.71,161.38,,YML,161.38,4138,3C330B,Basis-002/BG,3.44,1.19,0.12,0.14,4.61
XA,2025-12-27,INT,FN-508,XAFN-105,DRWDPQ,DRW-DPQ,2565237341517,,DRW-DPQ,Class 2,TYPE-B,,Agent B1,Payment B,2025-11-19,Category D,CCY-1,N,241.9,4.31,3.9,9.05,8.19,1.96,1.77,278.7,252.22,,DRW,252.22,3889,ZUV1FK,Basis-001/BG,6.91,0.11,0.23,0.05,7.21
XA,2025-12-21,INT,FN-118,XAFN-394,TDXRZP,TDX-RZP,7422294643039,Category D,TDX-RZP,Class 5,TYPE-B,,Agent C1,Payment A,2025-11-17,Category C,CCY-3,N,60.43,12.26,10.58,18.3,15.8,3.3,2.85,97.25,83.96,,TDX,83.96,4107,WGMF4L,Basis-002,1.73,0.3,0.45,0.08,2.4
XA,2025-12-01,INT,FN-105,XAFN-132,UBRHGV,UBR-HGV,3433249135779,,UBR-HGV,Class 3,TYPE-B,,Agent C2,Payment A,2025-11-24,Category A,CCY-4,N,112.58,30.37,35.2,8.43,9.77,0.85,0.99,135.1,156.56,,UBR,156.56,1009,8SJ84T,Basis-001,3.22,1.01,0.28,0.03,4.47
XA,2025-12-06,DOM,FN-119,XAFN-119,JYNTDX,JYN-TDX,7209484131284,,JYN-TDX,Class 9,TYPE-B,,Agent A2,Payment A,2025-12-08,Category D,CCY-2,N,188.16,27.84,31.15,3.21,3.59,2.06,2.3,197.16,220.6,,JYN,220.6,1005,T2LWHE,Basis-001,5.38,0.89,0.1,0.07,6.3
XA,2025-12-01,INT,FN-508,XAFN-133,YMLLNR,YML-LNR,1739970469472,Category D,YML-LNR,Class 9,TYPE-D,,Agent C1,Payment B,2025-12-31,Category C,CCY-2,N,229.7,24.55,22.59,2.41,2.22,7.47,6.87,269.18,247.64,,YML,247.64,4559,IJULP9,Basis-001/BG,6.56,0.65,0.06,0.2,7.08
XA,2025-12-25,INT,FN-133,XAFN-118,KEERZP,KEE-RZP,1758231334845,,KEE-RZP,Class 9,TYPE-A,,Agent C2,Payment B,2025-12-30,Category B,CCY-4,Y,115.75,60.25,52.51,16.35,14.25,3.29,2.87,206.12,179.64,,KEE,179.64,2852,F124VF,Basis-003,3.31,1.5,0.41,0.08,5.13
XA,2025-12-30,INT,FN-118,XAFN-132,NABSUQ,NAB-SUQ,2455574696606,,NAB-SUQ,Class 7,TYPE-D,,Agent B1,Payment C,2025-12-22,Category B,CCY-3,N,122.11,27.35,24.76,9.27,8.39,1.55,1.4,169.98,153.86,,NAB,153.86,2446,AZHZKN,Basis-002,3.49,0.71,0.24,0.04,4.4
XA,2025-12-15,INT,FN-118,XAFN-105,KLCTPX,KLC-TPX,1325797067349,,KLC-TPX,Class 6,TYPE-A,,Agent A1,Payment A,2025-12-11,Category C,CCY-2,N,316.14,34.13,35.73,11.6,12.15,12.04,12.61,335.63,351.41,,KLC,351.41,4606,N7DE0L,Basis-002/BG,9.03,1.02,0.35,0.36,10.04
XA,2025-12-11,DOM,FN-508,XAFN-395,UBRKSN,UBR-KSN,4884021557325,,UBR-KSN,Class 5,TYPE-B,,Agent B2,Payment B,2025-11-22,Category B,CCY-2,N,232.42,34.43,33.58,8.92,8.7,6.7,6.53,274.96,268.17,,UBR,268.17,2291,V7FXP3,Basis-001,6.64,0.96,0.25,0.19,7.66
XA,2025-12-28,DOM,FN-132,XAFN-395,UMKJKS,UMK-JKS,7495119181828,,UMK-JKS,Class 1,TYPE-D,,Agent C1,Payment C,2025-11-13,Category A,CCY-4,N,134.29,24.44,28.93,8.29,9.81,5.65,6.69,140.5,166.34,,UMK,166.34,2468,Q69FLG,Basis-003,3.84,0.83,0.28,0.19,4.75
XA,2025-12-20,INT,FN-133,XAFN-101,JYNKHV,JYN-KHV,0356243958739,Category D,JYN-KHV,Class 7,TYPE-B,,Agent A2,Payment A,2025-11-14,Category C,CCY-1,Y,208.21,33.55,30.78,14.89,13.66,4.56,4.18,270.8,248.47,,JYN,248.47,1026,AV42T8,Basis-002,5.95,0.88,0.39,0.12,7.1
XA,2025-12-09,INT,FN-119,XAFN-119,YMLKUV,YML-KUV,5027160736077,,YML-KUV,Class 4,TYPE-B,,Agent A2,Payment B,2025-12-08,Category A,CCY-2,Y,143.54,32.15,31.18,0.01,0.01,2.24,2.17,177.95,172.56,,YML,172.56,1634,SUSFH7,Basis-003,4.1,0.89,0.0,0.06,4.93
XA,2025-12-17,INT,FN-132,XAFN-394,PVSRZP,PVS-RZP,4817006661554,,PVS-RZP,Class 7,TYPE-D,,Agent C2,Payment B,2025-11-15,Category A,CCY-2,N,223.31,42.09,35.2,17.92,14.99,2.81,2.35,324.22,271.15,,PVS,271.15,4061,A806B4,Basis-001/BG,6.38,1.01,0.43,0.07,7.75
XA,2025-12-02,DOM,FN-508,XAFN-119,KSNUMK,KSN-UMK,4596262282251,Category C,KSN-UMK,Class 3,TYPE-A,,Agent B2,Payment A,2025-11-20,Category D,CCY-2,N,81.7,55.51,61.33,8.42,9.3,2.57,2.84,135.3,149.49,,KSN,149.49,2372,WBABQ0,Basis-001/BG,2.33,1.75,0.27,0.08,4.27
XA,2025-12-29,INT,FN-119,XAFN-105,KEEKHV,KEE-KHV,6117768729047,,KEE-KHV,Class 7,TYPE-C,,Agent A2,Payment B,2025-12-13,Category C,CCY-2,Y,238.65,17.87,14.4,16.2,13.06,2.34,1.89,327.83,264.22,,KEE,264.22,4114,R3UES2,Basis-001/BG,6.82,0.41,0.37,0.05,7.55
XA,2025-12-08,DOM,FN-119,XAFN-118,NABFUG,NAB-FUG,2457988942565,Category C,NAB-FUG,Class 2,TYPE-A,,Agent C2,Payment B,2025-12-11,Category A,CCY-4,Y,65.73,19.73,20.64,18.71,19.57,0.89,0.93,100.39,105.01,,NAB,105.01,1692,AW4IOA,Basis-002/BG,1.88,0.59,0.56,0.03,3.0
XA,2025-12-20,INT,FN-118,XAFN-395,UBRRZP,UBR-RZP,7148552457871,Category D,UBR-RZP,Class 4,TYPE-C,,Agent A1,Payment B,2025-11-28,Category A,CCY-4,Y,134.75,37.54,33.26,16.2,14.35,3.44,3.05,202.4,179.31,,UBR,179.31,974,IQETK5,Basis-002,3.85,0.95,0.41,0.09,5.12
XA,2025-12-17,INT,FN-119,XAFN-117,DRWKHV,DRW-KHV,3035892988085,Category C,DRW-KHV,Class 2,TYPE-B,,Agent B1,Payment A,2025-11-07,Category B,CCY-2,Y,189.65,27.42,32.26,10.05,11.82,3.2,3.77,195.46,229.96,,DRW,229.96,1445,T8PHB8,Basis-002/BG,5.42,0.92,0.34,0.11,6.57
XA,2025-12-31,INT,FN-118,XAFN-101,DRWKHV,DRW-KHV,1484399106227,Category C,DRW-KHV,Class 7,TYPE-B,,Agent B2,Payment A,2025-12-12,Category D,CCY-4,N,342.27,34.1,29.14,12.89,11.01,9.37,8.01,438.19,374.41,,DRW,374.41,1784,IMI8FO,Basis-003,9.78,0.83,0.31,0.23,10.7
XA,2025-12-04,DOM,FN-395,XAFN-118,YMLJYN,YML-JYN,8197374189721,Category D,YML-JYN,Class 3,TYPE-C,,Agent A1,Payment B,2025-12-24,Category C,CCY-3,Y,234.05,57.91,46.58,19.82,15.94,11.07,8.9,357.66,287.67,,YML,287.67,4021,PGZ5RK,Basis-003,6.69,1.33,0.46,0.25,8.22
XA,2025-12-27,DOM,FN-133,XAFN-133,FUGPVS,FUG-PVS,0144485645101,,FUG-PVS,Class 6,TYPE-B,,Agent C1,Payment B,2025-11-15,Category D,CCY-2,N,201.1,12.05,12.85,17.05,18.17,8.2,8.74,209.56,223.38,,FUG,223.38,1051,93RVUV,Basis-002/BG,5.75,0.37,0.52,0.25,6.38
XA,2025-12-12,DOM,FN-508,XAFN-508,TDXFUG,TDX-FUG,6605779806603,Category C,TDX-FUG,Class 2,TYPE-A,,Agent C2,Payment B,2025-11-07,Category C,CCY-1,N,58.29,31.24,34.54,5.63,6.23,0.31,0.34,89.29,98.72,,TDX,98.72,432,04J3M9,Basis-001/BG,1.67,0.99,0.18,0.01,2.82
XA,2025-12-09,INT,FN-117,XAFN-119,JYNDPQ,JYN-DPQ,8856527155983,Category D,JYN-DPQ,Class 1,TYPE-C,,Agent A1,Payment C,2025-11-06,Category D,CCY-3,N,144.87,29.2,34.93,9.7,11.61,2.78,3.32,157.21,188.09,,JYN,188.09,4273,X1H4RM,Basis-002/BG,4.14,1.0,0.33,0.09,5.37
XA,2025-12-10,INT,FN-395,XAFN-395,KLCGNP,KLC-GNP,4882691311964,Category C,KLC-GNP,Class 3,TYPE-C,,Agent C1,Payment B,2025-11-26,Category B,CCY-3,N,183.75,61.89,54.21,14.01,12.27,0.17,0.15,285.51,250.08,,KLC,250.08,1048,4052W8,Basis-002,5.25,1.55,0.35,0.0,7.15
XA,2025-12-16,DOM,FN-119,XAFN-119,JYNKEE,JYN-KEE,3373204309776,Category C,JYN-KEE,Class 4,TYPE-D,,Agent A2,Payment C,2025-12-08,Category D,CCY-2,N,130.47,48.88,44.46,17.54,15.95,4.78,4.35,205.09,186.53,,JYN,186.53,2342,Z92JN6,Basis-001/BG,3.73,1.27,0.46,0.12,5.33
XA,2025-12-23,INT,FN-119,XAFN-395,UMKRZP,UMK-RZP,9218785193583,,UMK-RZP,Class 2,TYPE-C,,Agent C1,Payment A,2025-11-30,Category D,CCY-2,N,51.79,34.45,38.96,11.95,13.51,0.73,0.83,91.45,103.43,,UMK,103.43,3773,C9AQX6,Basis-002/BG,1.48,1.11,0.39,0.02,2.96
XA,2025-12-09,DOM,FN-101,XAFN-508,FUGNAB,FUG-NAB,7626374845398,,FUG-NAB,Class 6,TYPE-B,,Agent C1,Payment C,2025-12-08,Category C,CCY-1,Y,126.19,55.62,50.64,10.16,9.25,6.61,6.02,197.77,180.06,,FUG,180.06,633,ZME9WT,Basis-001/BG,3.61,1.45,0.26,0.17,5.14
XA,2025-12-24,DOM,FN-105,XAFN-132,YMLTDX,YML-TDX,1169666725214,Category D,YML-TDX,Class 3,TYPE-B,,Agent C2,Payment B,2025-12-27,Category C,CCY-2,N,160.05,23.39,27.4,8.6,10.08,0.2,0.24,168.4,197.29,,YML,197.29,943,GOI9WM,Basis-001,4.57,0.78,0.29,0.01,5.64
XA,2025-12-01,INT,FN-395,XAFN-101,KEESUQ,KEE-SUQ,0564099512397,Category C,KEE-SUQ,Class 1,TYPE-B,,Agent B1,Payment A,2025-12-26,Category B,CCY-1,N,62.3,10.02,8.4,21.44,17.97,2.54,2.13,103.25,86.54,,KEE,86.54,4902,GP41S3,Basis-002/BG,1.78,0.24,0.51,0.06,2.47
XA,2025-12-10,DOM,FN-105,XAFN-132,TDXKEE,TDX-KEE,2982173929578,,TDX-KEE,Class 9,TYPE-D,,Agent A1,Payment C,2025-12-06,Category A,CCY-1,N,82.24,16.36,15.13,0.83,0.77,3.59,3.32,102.55,94.82,,TDX,94.82,2217,NI3GOM,Basis-002/BG,2.35,0.43,0.02,0.09,2.71
XA,2025-12-23,DOM,FN-395,XAFN-395,UBRUMK,UBR-UMK,6834527346666,,UBR-UMK,Class 2,TYPE-D,,Agent A1,Payment B,2025-11-07,Category C,CCY-3,N,98.88,9.9,10.15,17.76,18.21,4.4,4.51,119.71,122.73,,UBR,122.73,3385,L911ZS,Basis-001,2.83,0.29,0.52,0.13,3.51
XA,2025-12-18,DOM,FN-101,XAFN-101,FUGQFX,FUG-QFX,4635806882850,Category C,FUG-QFX,Class 9,TYPE-A,,Agent B2,Payment A,2025-12-28,Category B,CCY-2,N,230.79,17.96,19.68,19.4,21.26,6.75,7.4,241.24,264.33,,FUG,264.33,797,ZRUWBN,Basis-001,6.59,0.56,0.61,0.21,7.55
XA,2025-12-12,INT,FN-133,XAFN-101,KEEVQR,KEE-VQR,2293946943460,,KEE-VQR,Class 6,TYPE-D,,Agent B2,Payment B,2025-12-24,Category B,CCY-2,N,228.54,22.23,25.13,2.21,2.5,9.98,11.28,216.6,244.89,,KEE,244.89,2276,VWOZQX,Basis-001/BG,6.53,0.72,0.07,0.32,7.0
XA,2025-12-06,DOM,FN-395,XAFN-132,NABFUG,NAB-FUG,2464844941163,,NAB-FUG,Class 2,TYPE-D,,Agent A2,Payment A,2025-12-04,Category A,CCY-2,N,333.28,9.2,9.16,1.78,1.77,15.1,15.03,330.7,329.18,,NAB,329.18,4122,DI3G13,Basis-001/BG,9.52,0.26,0.05,0.43,9.41
XA,2025-12-22,INT,FN-395,XAFN-119,TDXRZP,TDX-RZP,3509025425730,,TDX-RZP,Class 8,TYPE-D,,Agent A2,Payment B,2025-12-03,Category A,CCY-2,Y,231.81,60.13,66.6,15.28,16.92,4.62,5.12,280.06,310.21,,TDX,310.21,1707,WMZAP4,Basis-003,6.62,1.9,0.48,0.15,8.86
XA,2025-12-14,INT,FN-395,XAFN-395,UMKGNP,UMK-GNP,0925502130609,,UMK-GNP,Class 3,TYPE-D,,Agent C1,Payment A,2025-12-25,Category B,CCY-3,Y,195.11,36.24,38.92,13.29,14.27,0.51,0.55,230.7,247.75,,UMK,247.75,4817,TA3RUN,Basis-003,5.57,1.11,0.41,0.02,7.08
XA,2025-12-21,INT,FN-394,XAFN-394,JYNMFP,JYN-MFP,2785324264250,,JYN-MFP,Class 4,TYPE-C,,Agent A2,Payment A,2025-11-30,Category D,CCY-4,Y,210.71,36.48,34.22,11.21,10.52,6.88,6.45,265.44,249.0,,JYN,249.0,3495,EWHO5Q,Basis-002/BG,6.02,0.98,0.3,0.18,7.11
XA,2025-12-24,INT,FN-395,XAFN-119,DRWHGV,DRW-HGV,3339395786543,,DRW-HGV,Class 6,TYPE-B,,Agent B2,Payment A,2025-12-05,Category D,CCY-3,N,144.99,19.48,18.69,8.96,8.6,2.46,2.36,177.08,169.92,,DRW,169.92,3576,BHTFNS,Basis-001/BG,4.14,0.53,0.25,0.07,4.85
XA,2025-12-24,INT,FN-508,XAFN-117,KEEMFP,KEE-MFP,6932657327599,,KEE-MFP,Class 4,TYPE-A,,Agent A1,Payment A,2025-11-02,Category A,CCY-4,Y,14.56,32.82,28.52,5.82,5.06,0.47,0.41,54.93,47.73,,KEE,47.73,2915,4L6HFH,Basis-001,0.42,0.81,0.14,0.01,1.36
XA,2025-12-10,INT,FN-105,XAFN-395,TDXRZP,TDX-RZP,2226189628874,Category C,TDX-RZP,Class 8,TYPE-A,,Agent C2,Payment A,2025-12-29,Category D,CCY-4,Y,61.71,37.58,32.7,19.49,16.96,1.2,1.04,126.8,110.33,,TDX,110.33,522,ENNGAY,Basis-002,1.76,0.93,0.48,0.03,3.15
XA,2025-12-31,INT,FN-508,XAFN-132,TDXSUQ,TDX-SUQ,5151229462135,Category D,TDX-SUQ,Class 3,TYPE-A,,Agent B1,Payment C,2025-12-22,Category D,CCY-4,Y,223.47,5.42,6.44,4.25,5.05,8.41,9.99,189.35,224.97,,TDX,224.97,3622,9NJS96,Basis-001,6.38,0.18,0.14,0.29,6.43
XA,2025-12-14,INT,FN-132,XAFN-101,JKSGNP,JKS-GNP,4715802909046,Category C,JKS-GNP,Class 1,TYPE-D,,Agent B2,Payment B,2025-11-03,Category C,CCY-2,N,225.26,16.86,15.26,9.81,8.88,8.72,7.89,266.79,241.51,,JKS,241.51,2949,NS9PZE,Basis-002,6.44,0.44,0.25,0.23,6.9
XA,2025-12-30,INT,FN-105,XAFN-132,UMKVQR,UMK-VQR,8102131251293,,UMK-VQR,Class 8,TYPE-A,,Agent A1,Payment C,2025-11-01,Category C,CCY-3,Y,194.0,13.28,15.47,9.04,10.53,2.22,2.59,186.56,217.41,,UMK,217.41,1479,U88WLX,Basis-003,5.54,0.44,0.3,0.07,6.21
XA,2025-12-06,DOM,FN-105,XAFN-105,KEEPVS,KEE-PVS,0633016583737,Category C,KEE-PVS,Class 3,TYPE-D,,Agent B1,Payment C,2025-12-14,Category A,CCY-2,N,43.28,17.92,20.98,9.91,11.6,1.7,1.99,63.1,73.87,,KEE,73.87,1714,SC9J5U,Basis-001/BG,1.24,0.6,0.33,0.06,2.11
XA,2025-12-08,DOM,FN-117,XAFN-133,PVSKLC,PVS-KLC,9496843645380,Category D,PVS-KLC,Class 2,TYPE-C,,Agent A2,Payment A,2025-11-04,Category A,CCY-2,N,22.56,39.43,36.61,10.66,9.9,0.23,0.21,74.16,68.86,,PVS,68.86,3019,6C1PY6,Basis-002/BG,0.64,1.05,0.28,0.01,1.97
XA,2025-12-12,DOM,FN-508,XAFN-105,PVSNAB,PVS-NAB,9457575747583,Category C,PVS-NAB,Class 2,TYPE-B,,Agent A1,Payment C,2025-11-23,Category D,CCY-3,N,194.2,28.6,33.36,14.42,16.82,4.89,5.71,204.6,238.67,,PVS,238.67,3981,L28O5Q,Basis-001/BG,5.55,0.95,0.48,0.16,6.82
XA,2025-12-26,DOM,FN-132,XAFN-133,PVSKLC,PVS-KLC,2650622923106,,PVS-KLC,Class 7,TYPE-B,,Agent B1,Payment B,2025-11-13,Category A,CCY-4,N,160.02,20.5,23.56,9.23,10.61,6.61,7.6,162.34,186.59,,PVS,186.59,3413,F34JGV,Basis-002/BG,4.57,0.67,0.3,0.22,5.33
XA,2025-12-31,INT,FN-105,XAFN-105,DRWSZV,DRW-SZV,5794238736704,Category C,DRW-SZV,Class 3,TYPE-C,,Agent C2,Payment B,2025-12-14,Category D,CCY-4,Y,193.46,37.3,30.73,12.38,10.2,11.37,9.37,273.11,225.02,,DRW,225.02,1260,TMNYEU,Basis-002/BG,5.53,0.88,0.29,0.27,6.43
XA,2025-12-23,DOM,FN-119,XAFN-132,KEEJYN,KEE-JYN,7485953259399,Category C,KEE-JYN,Class 6,TYPE-B,,Agent B2,Payment C,2025-12-01,Category A,CCY-4,N,93.84,17.03,20.06,2.54,2.99,0.98,1.15,98.27,115.74,,KEE,115.74,4385,5NFLTQ,Basis-002,2.68,0.57,0.09,0.03,3.31
XA,2025-12-25,DOM,FN-101,XAFN-394,JYNDRW,JYN-DRW,3305597824575,Category C,JYN-DRW,Class 4,TYPE-B,,Agent C1,Payment C,2025-11-08,Category C,CCY-3,Y,289.97,11.99,11.34,6.92,6.54,10.91,10.32,314.68,297.53,,JYN,297.53,1796,SSINZ4,Basis-002,8.28,0.32,0.19,0.29,8.5
XA,2025-12-14,INT,FN-105,XAFN-132,YMLGNP,YML-GNP,7276829751474,Category C,YML-GNP,Class 5,TYPE-D,,Agent B1,Payment A,2025-12-08,Category B,CCY-1,N,92.53,41.06,43.42,8.07,8.53,0.12,0.13,136.49,144.35,,YML,144.35,338,E5TNLZ,Basis-003,2.64,1.24,0.24,0.0,4.12
XA,2025-12-25,DOM,FN-101,XAFN-118,NABDRW,NAB-DRW,5990802711221,Category C,NAB-DRW,Class 6,TYPE-B,,Agent A1,Payment B,2025-11-23,Category C,CCY-4,Y,249.82,19.04,19.9,10.9,11.39,2.12,2.22,266.82,278.89,,NAB,278.89,3580,MCOCO2,Basis-001/BG,7.14,0.57,0.33,0.06,7.97
XA,2025-12-09,DOM,FN-119,XAFN-119,UBRYML,UBR-YML,0800370033228,Category D,UBR-YML,Class 8,TYPE-C,,Agent B2,Payment C,2025-12-13,Category D,CCY-2,Y,83.17,53.39,62.18,3.49,4.06,0.41,0.48,127.88,148.93,,UBR,148.93,4379,1RYZTB,Basis-003,2.38,1.78,0.12,0.01,4.26
XA,2025-12-29,DOM,FN-132,XAFN-395,YMLUBR,YML-UBR,2632809448586,Category C,YML-UBR,Class 8,TYPE-B,,Agent C1,Payment B,2025-11-22,Category B,CCY-1,N,174.79,47.47,39.51,14.5,12.07,3.66,3.05,268.33,223.32,,YML,223.32,2332,OXQQ8Y,Basis-002/BG,4.99,1.13,0.34,0.09,6.38
XA,2025-12-28,DOM,FN-119,XAFN-119,KSNFUG,KSN-FUG,9439457039438,,KSN-FUG,Class 1,TYPE-C,,Agent A1,Payment A,2025-12-24,Category B,CCY-4,N,135.18,25.57,28.05,9.32,10.22,4.96,5.44,153.14,168.01,,KSN,168.01,1890,RZZQO1,Basis-002/BG,3.86,0.8,0.29,0.16,4.8
XA,2025-12-01,INT,FN-101,XAFN-508,UMKSUQ,UMK-SUQ,0040476921053,Category C,UMK-SUQ,Class 5,TYPE-D,,Agent C2,Payment B,2025-11-05,Category C,CCY-2,N,138.24,52.75,44.46,24.97,21.05,0.64,0.54,241.08,203.21,,UMK,203.21,383,KBEFQ7,Basis-001/BG,3.95,1.27,0.6,0.02,5.81
XA,2025-12-24,DOM,FN-119,XAFN-394,NABPVS,NAB-PVS,9844097123166,,NAB-PVS,Class 1,TYPE-A,,Agent B2,Payment B,2025-12-24,Category D,CCY-4,N,105.4,11.18,9.45,11.31,9.56,1.09,0.92,146.14,123.49,,NAB,123.49,1633,9UBC1K,Basis-002,3.01,0.27,0.27,0.03,3.53
XA,2025-12-07,INT,FN-119,XAFN-394,YMLDPQ,YML-DPQ,0096873045195,,YML-DPQ,Class 5,TYPE-D,,Agent C1,Payment A,2025-11-24,Category C,CCY-1,Y,356.38,15.14,17.94,15.36,18.2,10.09,11.96,321.07,380.56,,YML,380.56,2827,0MGOQM,Basis-002,10.18,0.51,0.52,0.34,10.87
XA,2025-12-20,DOM,FN-118,XAFN-117,UBRNAB,UBR-NAB,5577820582958,Category C,UBR-NAB,Class 8,TYPE-B,,Agent A2,Payment C,2025-11-26,Category A,CCY-4,N,284.22,22.31,21.7,13.2,12.84,5.26,5.12,322.45,313.64,,UBR,313.64,1116,9TSUJT,Basis-001/BG,8.12,0.62,0.37,0.15,8.96
XA,2025-12-26,DOM,FN-132,XAFN-395,NABPVS,NAB-PVS,6863956137230,,NAB-PVS,Class 6,TYPE-D,,Agent A2,Payment A,2025-12-15,Category C,CCY-4,Y,280.27,22.25,24.31,8.22,8.98,1.5,1.64,285.45,311.92,,NAB,311.92,3526,KHW8GA,Basis-002,8.01,0.69,0.26,0.05,8.91
XA,2025-12-14,DOM,FN-132,XAFN-133,YMLKSN,YML-KSN,0945653469979,,YML-KSN,Class 2,TYPE-D,,Agent A1,Payment B,2025-11-21,Category C,CCY-1,Y,103.47,12.52,14.78,5.72,6.75,1.11,1.31,104.79,123.69,,YML,123.69,2295,Z5NTDY,Basis-003,2.96,0.42,0.19,0.04,3.53
XA,2025-12-29,INT,FN-105,XAFN-394,NABHGV,NAB-HGV,4811317653970,Category D,NAB-HGV,Class 1,TYPE-C,,Agent C1,Payment C,2025-12-25,Category D,CCY-4,Y,52.08,30.66,30.51,6.18,6.15,0.1,0.1,89.09,88.64,,NAB,88.64,3563,DYVYBS,Basis-001,1.49,0.87,0.18,0.0,2.53
XA,2025-12-17,DOM,FN-394,XAFN-117,JYNQFX,JYN-QFX,7420495612137,,JYN-QFX,Class 7,TYPE-B,,Agent A1,Payment B,2025-12-20,Category B,CCY-1,N,168.7,7.86,6.66,13.75,11.65,2.53,2.14,218.25,184.87,,JYN,184.87,559,KI5VRZ,Basis-001,4.82,0.19,0.33,0.06,5.28
XA,2025-12-23,DOM,FN-133,XAFN-101,KSNUBR,KSN-UBR,8581670468611,,KSN-UBR,Class 3,TYPE-C,,Agent C2,Payment B,2025-12-01,Category D,CCY-1,Y,216.68,0.1,0.09,12.54,11.87,5.02,4.75,236.5,223.89,,KSN,223.89,1326,EFUXQ9,Basis-002,6.19,0.0,0.34,0.14,6.4
XA,2025-12-07,INT,FN-117,XAFN-118,JYNLNR,JYN-LNR,2605080184980,Category D,JYN-LNR,Class 3,TYPE-B,,Agent B1,Payment A,2025-12-26,Category D,CCY-4,Y,248.21,14.54,11.86,22.5,18.36,1.76,1.44,339.49,276.99,,JYN,276.99,1745,XRHGTW,Basis-001,7.09,0.34,0.52,0.04,7.91
XA,2025-12-17,DOM,FN-105,XAFN-508,NABKSN,NAB-KSN,2365346060560,Category C,NAB-KSN,Class 9,TYPE-C,,Agent B2,Payment B,2025-12-09,Category B,CCY-2,Y,183.52,23.48,19.42,11.75,9.72,9.55,7.9,247.53,204.76,,NAB,204.76,4126,W25X1F,Basis-003,5.24,0.55,0.28,0.23,5.85
XA,2025-12-18,INT,FN-105,XAFN-117,JYNDPQ,JYN-DPQ,0546475489547,,JYN-DPQ,Class 2,TYPE-D,,Agent C2,Payment C,2025-12-15,Category B,CCY-4,N,194.67,32.21,31.14,13.12,12.69,6.04,5.84,240.62,232.66,,JYN,232.66,2961,DRMSWJ,Basis-002,5.56,0.89,0.36,0.17,6.65
XA,2025-12-30,INT,FN-119,XAFN-508,UBRMBT,UBR-MBT,3543586449639,Category C,UBR-MBT,Class 9,TYPE-C,,Agent A2,Payment C,2025-12-14,Category C,CCY-2,N,76.35,28.0,32.54,2.52,2.93,1.03,1.2,95.17,110.62,,UBR,110.62,1874,2UG05W,Basis-001/BG,2.18,0.93,0.08,0.03,3.16
XA,2025-12-09,INT,FN-508,XAFN-394,KSNKUV,KSN-KUV,8524914168601,Category C,KSN-KUV,Class 8,TYPE-C,,Agent B2,Payment B,2025-12-30,Category C,CCY-3,N,141.1,16.54,16.44,6.36,6.32,1.74,1.73,163.15,162.13,,KSN,162.13,1831,J9WRDP,Basis-002,4.03,0.47,0.18,0.05,4.63
XA,2025-12-02,DOM,FN-105,XAFN-118,KSNUBR,KSN-UBR,1884216309001,Category D,KSN-UBR,Class 2,TYPE-C,,Agent B1,Payment B,2025-11-16,Category B,CCY-3,Y,248.89,38.72,46.37,10.9,13.05,7.9,9.46,249.52,298.85,,KSN,298.85,4874,17MIAV,Basis-001/BG,7.11,1.32,0.37,0.27,8.54
XA,2025-12-24,DOM,FN-508,XAFN-118,KLCDRW,KLC-DRW,7113633792234,,KLC-DRW,Class 4,TYPE-A,,Agent A2,Payment C,2025-11-20,Category D,CCY-1,N,62.61,30.19,25.25,19.21,16.07,3.57,2.99,120.67,100.94,,KLC,100.94,3854,HDCZP0,Basis-002/BG,1.79,0.72,0.46,0.09,2.88
XA,2025-12-26,INT,FN-395,XAFN-132,KEEKHV,KEE-KHV,5078967935219,,KEE-KHV,Class 5,TYPE-B,,Agent B2,Payment A,2025-11-14,Category C,CCY-2,N,161.34,65.01,64.79,12.01,11.97,7.13,7.11,231.78,230.99,,KEE,230.99,3518,JZ6N58,Basis-003,4.61,1.85,0.34,0.2,6.6
XA,2025-12-19,DOM,FN-132,XAFN-132,NABPVS,NAB-PVS,6076761645345,Category D,NAB-PVS,Class 2,TYPE-D,,Agent A2,Payment A,2025-11-15,Category B,CCY-4,Y,165.36,31.36,25.36,13.19,10.67,7.3,5.9,241.72,195.49,,NAB,195.49,3324,N1D6DZ,Basis-001,4.72,0.72,0.3,0.17,5.59
XA,2025-12-14,INT,FN-118,XAFN-117,FUGKHV,FUG-KHV,3642813190924,,FUG-KHV,Class 5,TYPE-D,,Agent A2,Payment A,2025-11-02,Category B,CCY-4,Y,137.8,47.42,40.62,17.25,14.78,1.2,1.03,224.33,192.17,,FUG,192.17,751,1J2T2T,Basis-002,3.94,1.16,0.42,0.03,5.49
XA,2025-12-06,DOM,FN-118,XAFN-395,KSNUMK,KSN-UMK,0880622072239,Category D,KSN-UMK,Class 3,TYPE-C,,Agent B2,Payment A,2025-11-30,Category B,CCY-2,Y,87.12,10.78,10.03,0.88,0.82,3.69,3.43,101.64,94.54,,KSN,94.54,2233,FVB9EK,Basis-003,2.49,0.29,0.02,0.1,2.7
XA,2025-12-21,INT,FN-395,XAFN-132,NABDPQ,NAB-DPQ,9964862872031,Category D,NAB-DPQ,Class 7,TYPE-C,,Agent A1,Payment C,2025-12-28,Category D,CCY-4,N,190.64,13.63,13.45,0.77,0.76,8.58,8.47,199.04,196.38,,NAB,196.38,3279,KAR1H1,Basis-001/BG,5.45,0.38,0.02,0.24,5.61
XA,2025-12-29,INT,FN-119,XAFN-394,UBRSUQ,UBR-SUQ,4767753726032,,UBR-SUQ,Class 3,TYPE-C,,Agent B1,Payment A,2025-11-23,Category D,CCY-3,N,181.09,78.64,67.39,11.63,9.97,4.19,3.59,297.41,254.86,,UBR,254.86,3750,CK3TB9,Basis-002/BG,5.17,1.93,0.28,0.1,7.28
XA,2025-12-04,DOM,FN-117,XAFN-395,JKSUBR,JKS-UBR,4008385076597,Category D,JKS-UBR,Class 4,TYPE-C,,Agent B1,Payment B,2025-11-04,Category A,CCY-3,N,217.08,36.05,31.23,10.98,9.51,11.55,10.01,286.03,247.81,,JKS,247.81,4193,PSXT0S,Basis-001/BG,6.2,0.89,0.27,0.29,7.08
XA,2025-12-07,INT,FN-105,XAFN-508,JKSKUV,JKS-KUV,6463004023693,,JKS-KUV,Class 8,TYPE-B,,Agent B2,Payment C,2025-12-07,Category C,CCY-3,Y,223.53,23.22,25.65,10.26,11.34,1.46,1.61,234.34,258.91,,JKS,258.91,204,9FB02H,Basis-001/BG,6.39,0.73,0.32,0.05,7.4
XA,2025-12-28,INT,FN-394,XAFN-118,FUGLNR,FUG-LNR,9885582984933,,FUG-LNR,Class 8,TYPE-D,,Agent B2,Payment B,2025-11-22,Category C,CCY-3,N,175.74,16.76,19.98,12.55,14.96,4.55,5.42,172.23,205.26,,FUG,205.26,3515,BV2J3T,Basis-001/BG,5.02,0.57,0.43,0.15,5.86
XA,2025-12-19,DOM,FN-132,XAFN-118,JYNKSN,JYN-KSN,1329715066626,,JYN-KSN,Class 2,TYPE-A,,Agent B1,Payment B,2025-11-08,Category C,CCY-3,Y,136.0,19.44,18.66,13.21,12.68,2.93,2.81,171.4,164.53,,JYN,164.53,4185,5R8VO4,Basis-002,3.89,0.53,0.36,0.08,4.7
XA,2025-12-13,DOM,FN-105,XAFN-105,TDXKLC,TDX-KLC,1102867120072,,TDX-KLC,Class 3,TYPE-B,,Agent B1,Payment B,2025-12-14,Category C,CCY-3,Y,78.12,32.68,30.42,10.69,9.95,0.67,0.62,126.63,117.87,,TDX,117.87,531,FLD9CB,Basis-001,2.23,0.87,0.28,0.02,3.37
XA,2025-12-20,DOM,FN-395,XAFN-105,KLCKSN,KLC-KSN,9421794281793,Category D,KLC-KSN,Class 7,TYPE-A,,Agent B2,Payment B,2025-12-13,Category B,CCY-4,N,236.87,35.78,37.12,9.51,9.87,1.22,1.27,272.42,282.59,,KLC,282.59,3906,MSKZO3,Basis-001/BG,6.77,1.06,0.28,0.04,8.07
XA,2025-12-02,INT,FN-105,XAFN-101,NABRZP,NAB-RZP,9121722145593,,NAB-RZP,Class 4,TYPE-D,,Agent B2,Payment A,2025-12-30,Category C,CCY-2,Y,215.42,47.03,50.85,11.83,12.79,4.6,4.97,253.48,274.09,,NAB,274.09,4076,XNOMB4,Basis-002,6.15,1.45,0.37,0.14,7.83
XA,2025-12-23,INT,FN-132,XAFN-394,KSNSZV,KSN-SZV,2565920246175,Category C,KSN-SZV,Class 8,TYPE-A,,Agent A2,Payment A,2025-12-03,Category D,CCY-4,N,150.83,10.76,10.32,4.87,4.67,5.17,4.96,167.74,160.86,,KSN,160.86,1856,ZP1WZ2,Basis-002,4.31,0.29,0.13,0.14,4.6
XA,2025-12-22,INT,FN-395,XAFN-118,KEELNR,KEE-LNR,8689993607984,,KEE-LNR,Class 8,TYPE-A,,Agent B1,Payment B,2025-11-02,Category D,CCY-2,Y,125.58,22.36,20.86,9.72,9.07,1.43,1.33,165.25,154.18,,KEE,154.18,4087,3PQ5U7,Basis-003,3.59,0.6,0.26,0.04,4.41
XA,2025-12-19,DOM,FN-118,XAFN-133,JYNQFX,JYN-QFX,4083037360601,Category D,JYN-QFX,Class 5,TYPE-D,,Agent A1,Payment C,2025-12-26,Category C,CCY-1,Y,154.53,35.55,37.95,9.04,9.65,5.91,6.31,183.46,195.82,,JYN,195.82,4268,9HXKEI,Basis-002/BG,4.42,1.08,0.28,0.18,5.59
XA,2025-12-21,INT,FN-119,XAFN-394,KSNKHV,KSN-KHV,0124244626325,,KSN-KHV,Class 4,TYPE-C,,Agent B1,Payment C,2025-12-15,Category A,CCY-1,Y,188.92,37.23,30.97,0.14,0.12,7.78,6.47,256.7,213.54,,KSN,213.54,1474,54AI22,Basis-002,5.4,0.88,0.0,0.18,6.1
XA,2025-12-25,DOM,FN-395,XAFN-394,FUGKLC,FUG-KLC,8179415152638,Category D,FUG-KLC,Class 8,TYPE-A,,Agent C1,Payment A,2025-11-05,Category B,CCY-3,Y,74.85,25.16,27.84,3.57,3.95,0.41,0.45,95.98,106.19,,FUG,106.19,3002,F3TR7W,Basis-001,2.14,0.8,0.11,0.01,3.03
XA,2025-12-13,INT,FN-119,XAFN-117,UBRTPX,UBR-TPX,3979137876553,,UBR-TPX,Class 7,TYPE-A,,Agent B2,Payment A,2025-11-01,Category C,CCY-1,Y,197.99,47.7,52.96,14.49,16.09,7.2,7.99,233.31,259.05,,UBR,259.05,3251,XO485D,Basis-001,5.66,1.51,0.46,0.23,7.4
XA,2025-12-25,DOM,FN-132,XAFN-105,TDXKSN,TDX-KSN,9053486401042,Category D,TDX-KSN,Class 8,TYPE-D,,Agent A2,Payment B,2025-11-22,Category D,CCY-4,Y,132.92,51.3,52.36,10.52,10.74,3.61,3.68,188.45,192.34,,TDX,192.34,4549,NR0OAK,Basis-001/BG,3.8,1.5,0.31,0.11,5.5
XA,2025-12-09,DOM,FN-132,XAFN-132,UBRKSN,UBR-KSN,1293913044881,Category D,UBR-KSN,Class 9,TYPE-C,,Agent A1,Payment B,2025-12-19,Category A,CCY-1,N,123.03,24.82,20.8,10.13,8.49,2.66,2.23,179.09,150.09,,UBR,150.09,3642,DL0ED8,Basis-001,3.52,0.59,0.24,0.06,4.29
XA,2025-12-06,DOM,FN-508,XAFN-395,JYNKEE,JYN-KEE,3152291073228,Category C,JYN-KEE,Class 8,TYPE-D,,Agent A1,Payment C,2025-12-04,Category C,CCY-3,Y,118.95,38.64,32.56,12.82,10.8,2.86,2.41,189.73,159.9,,JYN,159.9,4235,TCHYGT,Basis-002,3.4,0.93,0.31,0.07,4.57
XA,2025-12-29,DOM,FN-105,XAFN-133,DRWTDX,DRW-TDX,4970169342929,,DRW-TDX,Class 7,TYPE-B,,Agent A2,Payment C,2025-11-03,Category B,CCY-3,Y,150.24,34.92,36.55,15.24,15.95,1.93,2.02,191.79,200.72,,DRW,200.72,581,0YEH8U,Basis-001/BG,4.29,1.04,0.46,0.06,5.73
XA,2025-12-05,DOM,FN-117,XAFN-105,UBRPVS,UBR-PVS,5566847323653,Category C,UBR-PVS,Class 1,TYPE-D,,Agent B2,Payment B,2025-11-28,Category A,CCY-4,N,225.96,8.76,7.73,3.14,2.77,1.37,1.21,266.56,235.25,,UBR,235.25,225,PF240S,Basis-001/BG,6.46,0.22,0.08,0.03,6.72
XA,2025-12-01,INT,FN-394,XAFN-395,FUGMBT,FUG-MBT,1975437347642,,FUG-MBT,Class 3,TYPE-B,,Agent B2,Payment A,2025-11-02,Category B,CCY-3,N,224.75,9.79,9.5,9.15,8.88,3.24,3.14,247.29,239.99,,FUG,239.99,3350,H8S7DZ,Basis-003,6.42,0.27,0.25,0.09,6.86
XA,2025-12-19,INT,FN-105,XAFN-119,PVSLNR,PVS-LNR,4438998278020,Category D,PVS-LNR,Class 5,TYPE-D,,Agent C1,Payment B,2025-11-01,Category D,CCY-3,Y,56.39,3.68,2.97,15.73,12.71,2.6,2.1,86.58,69.97,,PVS,69.97,1734,DL1J2V,Basis-002/BG,1.61,0.08,0.36,0.06,2.0
XA,2025-12-28,INT,FN-132,XAFN-132,FUGTPX,FUG-TPX,7385736801192,Category C,FUG-TPX,Class 8,TYPE-D,,Agent A1,Payment A,2025-11-30,Category D,CCY-2,Y,210.73,22.96,21.35,3.18,2.96,10.09,9.38,242.67,225.66,,FUG,225.66,1040,Y9PE0H,Basis-001,6.02,0.61,0.08,0.27,6.45
XA,2025-12-29,DOM,FN-394,XAFN-119,QFXKEE,QFX-KEE,1539114983074,Category C,QFX-KEE,Class 7,TYPE-A,,Agent B2,Payment A,2025-12-21,Category D,CCY-1,N,106.3,33.94,35.88,2.47,2.61,4.98,5.27,131.97,139.52,,QFX,139.52,1019,DU7JPM,Basis-002,3.04,1.03,0.07,0.15,3.99
XA,2025-12-19,INT,FN-101,XAFN-118,UMKMFP,UMK-MFP,3223023332470,,UMK-MFP,Class 3,TYPE-B,,Agent C1,Payment A,2025-11-03,Category A,CCY-1,Y,164.67,24.97,29.77,10.82,12.9,5.1,6.08,168.8,201.26,,UMK,201.26,3203,W5KYFC,Basis-001/BG,4.7,0.85,0.37,0.17,5.75
XA,2025-12-27,INT,FN-133,XAFN-105,DRWZYR,DRW-ZYR,1231261632488,Category D,DRW-ZYR,Class 3,TYPE-D,,Agent A2,Payment C,2025-12-05,Category B,CCY-3,N,159.57,17.7,15.4,18.37,15.98,0.32,0.28,219.15,190.67,,DRW,190.67,3680,G4QLV7,Basis-001,4.56,0.44,0.46,0.01,5.45
XA,2025-12-04,DOM,FN-117,XAFN-101,DRWQFX,DRW-QFX,3818769208283,Category C,DRW-QFX,Class 7,TYPE-B,,Agent A1,Payment C,2025-12-25,Category A,CCY-4,Y,137.32,25.73,29.59,4.64,5.33,5.54,6.37,144.25,165.87,,DRW,165.87,4615,TMTJLE,Basis-001/BG,3.92,0.85,0.15,0.18,4.74
XA,2025-12-21,DOM,FN-105,XAFN-395,DRWJYN,DRW-JYN,2971681572450,,DRW-JYN,Class 4,TYPE-A,,Agent A1,Payment C,2025-12-15,Category A,CCY-2,Y,114.54,18.84,16.73,10.29,9.14,5.18,4.6,152.9,135.81,,DRW,135.81,885,L13VCG,Basis-001,3.27,0.48,0.26,0.13,3.88
XA,2025-12-20,INT,FN-101,XAFN-117,KLCKHV,KLC-KHV,5561844421829,,KLC-KHV,Class 6,TYPE-C,,Agent B2,Payment C,2025-12-29,Category A,CCY-1,Y,286.94,8.57,9.42,1.76,1.93,10.28,11.3,261.05,286.99,,KLC,286.99,1639,3KWBNB,Basis-002/BG,8.2,0.27,0.06,0.32,8.2
XA,2025-12-13,INT,FN-132,XAFN-132,KEEZYR,KEE-ZYR,1584826691362,Category D,KEE-ZYR,Class 1,TYPE-B,,Agent B1,Payment B,2025-12-13,Category A,CCY-1,N,267.69,23.27,26.86,5.76,6.65,7.68,8.86,253.26,292.34,,KEE,292.34,2740,32NBZW,Basis-001,7.65,0.77,0.19,0.25,8.35
XA,2025-12-01,INT,FN-508,XAFN-395,YMLVQR,YML-VQR,2210401648188,,YML-VQR,Class 7,TYPE-C,,Agent C2,Payment C,2025-11-17,Category B,CCY-4,N,233.19,18.77,20.92,17.16,19.13,6.47,7.21,238.68,266.03,,YML,266.03,4283,5IGZGX,Basis-002/BG,6.66,0.6,0.55,0.21,7.6
XA,2025-12-10,INT,FN-117,XAFN-395,YMLGNP,YML-GNP,9464203625863,,YML-GNP,Class 2,TYPE-C,,Agent B1,Payment A,2025-11-30,Category A,CCY-2,N,204.23,21.65,22.68,19.84,20.79,6.79,7.11,229.65,240.59,,YML,240.59,2588,8WF8NK,Basis-001,5.84,0.65,0.59,0.2,6.87
XA,2025-12-10,DOM,FN-119,XAFN-101,DRWKLC,DRW-KLC,1764644898803,,DRW-KLC,Class 4,TYPE-C,,Agent A2,Payment C,2025-12-15,Category B,CCY-3,N,101.54,38.32,41.13,10.71,11.5,1.61,1.73,142.03,152.44,,DRW,152.44,2916,0EVZYM,Basis-002,2.9,1.18,0.33,0.05,4.36
XA,2025-12-25,DOM,FN-132,XAFN-119,UBRQFX,UBR-QFX,8495163211197,,UBR-QFX,Class 4,TYPE-A,,Agent C1,Payment A,2025-12-09,Category B,CCY-2,Y,254.14,60.46,53.42,11.5,10.16,13.19,11.65,346.4,306.07,,UBR,306.07,948,WHHOLI,Basis-002/BG,7.26,1.53,0.29,0.33,8.74
XA,2025-12-13,DOM,FN-105,XAFN-394,PVSFUG,PVS-FUG,8688002300915,,PVS-FUG,Class 2,TYPE-A,,Agent C1,Payment A,2025-12-24,Category A,CCY-4,Y,89.73,39.64,36.9,7.1,6.61,3.65,3.4,139.47,129.84,,PVS,129.84,3290,MWR03V,Basis-002/BG,2.56,1.05,0.19,0.1,3.71
XA,2025-12-05,DOM,FN-101,XAFN-105,TDXNAB,TDX-NAB,4911894184336,,TDX-NAB,Class 4,TYPE-C,,Agent A1,Payment C,2025-11-09,Category D,CCY-4,Y,311.07,28.7,32.05,7.32,8.17,5.12,5.72,309.42,345.57,,TDX,345.57,1597,3FHVFI,Basis-002,8.89,0.92,0.23,0.16,9.87
XA,2025-12-24,INT,FN-118,XAFN-117,JKSTPX,JKS-TPX,8860505376660,,JKS-TPX,Class 2,TYPE-A,,Agent C2,Payment A,2025-11-28,Category A,CCY-1,Y,164.77,12.02,9.79,6.31,5.14,2.58,2.1,218.02,177.6,,JKS,177.6,1780,5B5NOV,Basis-001,4.71,0.28,0.15,0.06,5.07
XA,2025-12-04,INT,FN-117,XAFN-119,KSNKUV,KSN-KUV,4550688269177,,KSN-KUV,Class 8,TYPE-B,,Agent C1,Payment A,2025-12-04,Category C,CCY-1,N,246.03,18.35,20.15,4.34,4.77,3.59,3.94,243.16,267.01,,KSN,267.01,530,EKT292,Basis-002,7.03,0.58,0.14,0.11,7.63
XA,2025-12-21,INT,FN-132,XAFN-508,YMLHGV,YML-HGV,1015709085991,Category D,YML-HGV,Class 9,TYPE-C,,Agent C1,Payment A,2025-12-30,Category A,CCY-2,N,192.93,54.01,47.79,15.36,13.59,4.44,3.93,282.98,250.38,,YML,250.38,2290,UF1ZWW,Basis-003,5.51,1.37,0.39,0.11,7.15
XA,2025-12-05,INT,FN-395,XAFN-132,UBRDPQ,UBR-DPQ,9693259140849,Category C,UBR-DPQ,Class 5,TYPE-B,,Agent A2,Payment A,2025-11-12,Category B,CCY-4,N,229.68,18.49,18.65,2.86,2.89,1.02,1.03,247.99,250.19,,UBR,250.19,1357,1PU8BW,Basis-001,6.56,0.53,0.08,0.03,7.15
XA,2025-12-01,INT,FN-394,XAFN-117,KSNTPX,KSN-TPX,3483893595382,,KSN-TPX,Class 2,TYPE-C,,Agent A1,Payment B,2025-11-27,Category A,CCY-4,Y,270.11,21.16,25.16,7.36,8.75,8.68,10.32,247.03,293.7,,KSN,293.7,4838,VMT4FV,Basis-002,7.72,0.72,0.25,0.29,8.39
XA,2025-12-13,DOM,FN-132,XAFN-133,DRWNAB,DRW-NAB,1308761238595,,DRW-NAB,Class 5,TYPE-C,,Agent A2,Payment B,2025-11-26,Category B,CCY-1,Y,256.26,40.23,38.34,12.89,12.28,10.54,10.04,311.49,296.84,,DRW,296.84,2745,4J643F,Basis-001/BG,7.32,1.1,0.35,0.29,8.48
XA,2025-12-13,DOM,FN-105,XAFN-101,KEENAB,KEE-NAB,1683113950016,,KEE-NAB,Class 9,TYPE-C,,Agent A1,Payment B,2025-12-11,Category A,CCY-4,N,323.2,17.5,20.35,12.59,14.64,8.34,9.7,299.66,348.49,,KEE,348.49,645,Q15S58,Basis-002/BG,9.23,0.58,0.42,0.28,9.96
XA,2025-12-29,DOM,FN-394,XAFN-394,KEEPVS,KEE-PVS,7946207266292,Category D,KEE-PVS,Class 6,TYPE-A,,Agent C1,Payment A,2025-12-18,Category D,CCY-2,N,154.56,37.48,34.03,19.43,17.64,5.43,4.93,221.68,201.3,,KEE,201.3,3349,79U7C1,Basis-001,4.42,0.97,0.5,0.14,5.75
XA,2025-12-07,INT,FN-394,XAFN-119,UMKKUV,UMK-KUV,1255235617817,,UMK-KUV,Class 9,TYPE-B,,Agent A2,Payment C,2025-11-07,Category A,CCY-3,Y,190.63,43.35,38.07,17.49,15.36,0.73,0.64,277.21,243.42,,UMK,243.42,203,NHP39L,Basis-002/BG,5.45,1.09,0.44,0.02,6.95
XA,2025-12-03,INT,FN-395,XAFN-118,UMKSUQ,UMK-SUQ,4490295026480,,UMK-SUQ,Class 6,TYPE-D,,Agent B1,Payment B,2025-11-04,Category B,CCY-4,N,120.8,19.62,17.41,5.39,4.78,0.82,0.73,160.33,142.26,,UMK,142.26,1878,Y3OT76,Basis-002/BG,3.45,0.5,0.14,0.02,4.06
XA,2025-12-29,DOM,FN-508,XAFN-395,KSNFUG,KSN-FUG,2134862985797,Category C,KSN-FUG,Class 1,TYPE-D,,Agent A2,Payment C,2025-11-16,Category A,CCY-2,Y,7.31,52.85,60.84,3.89,4.48,0.2,0.23,62.89,72.4,,KSN,72.4,4652,YLBI18,Basis-001,0.21,1.74,0.13,0.01,2.07
XA,2025-12-04,INT,FN-394,XAFN-394,KLCMFP,KLC-MFP,0673682050682,,KLC-MFP,Class 9,TYPE-B,,Agent A2,Payment A,2025-12-11,Category C,CCY-4,N,132.3,22.08,25.85,9.86,11.54,2.27,2.66,142.66,167.03,,KLC,167.03,1504,DO5N1T,Basis-002/BG,3.78,0.74,0.33,0.08,4.77
XA,2025-12-25,DOM,FN-117,XAFN-105,NABQFX,NAB-QFX,9259679089843,,NAB-QFX,Class 7,TYPE-C,,Agent C1,Payment A,2025-12-31,Category B,CCY-2,Y,215.26,42.52,42.91,7.02,7.08,7.81,7.88,255.04,257.37,,NAB,257.37,509,428YI4,Basis-002/BG,6.15,1.23,0.2,0.23,7.35
XA,2025-12-24,INT,FN-508,XAFN-395,UMKMBT,UMK-MBT,8114578870715,Category C,UMK-MBT,Class 3,TYPE-B,,Agent C1,Payment B,2025-11-29,Category D,CCY-3,N,136.63,36.62,34.24,9.37,8.76,6.45,6.03,185.65,173.6,,UMK,173.6,1805,T8G7QN,Basis-001,3.9,0.98,0.25,0.17,4.96
XA,2025-12-18,DOM,FN-117,XAFN-508,PVSNAB,PVS-NAB,9687225893708,Category D,PVS-NAB,Class 8,TYPE-A,,Agent B2,Payment C,2025-11-12,Category B,CCY-4,N,278.59,37.47,37.36,13.71,13.67,8.53,8.5,322.09,321.12,,PVS,321.12,624,Z5X51O,Basis-003,7.96,1.07,0.39,0.24,9.17
XA,2025-12-29,INT,FN-395,XAFN-117,NABHGV,NAB-HGV,5544286796325,Category D,NAB-HGV,Class 1,TYPE-B,,Agent C2,Payment A,2025-12-11,Category B,CCY-1,N,203.03,54.89,47.6,12.58,10.91,7.88,6.83,293.73,254.71,,NAB,254.71,3406,3H7T6U,Basis-001,5.8,1.36,0.31,0.2,7.28
XA,2025-12-06,INT,FN-395,XAFN-132,DRWGNP,DRW-GNP,7256292693358,Category D,DRW-GNP,Class 5,TYPE-A,,Agent A2,Payment C,2025-11-07,Category D,CCY-1,N,46.25,30.86,36.0,5.78,6.74,1.35,1.58,74.94,87.41,,DRW,87.41,3196,AXS88U,Basis-001,1.32,1.03,0.19,0.05,2.5
XA,2025-12-21,INT,FN-508,XAFN-105,KLCHGV,KLC-HGV,8911797203859,Category C,KLC-HGV,Class 5,TYPE-C,,Agent A1,Payment A,2025-12-24,Category C,CCY-3,Y,107.71,44.21,38.8,18.45,16.19,1.38,1.21,184.0,161.49,,KLC,161.49,3431,LLQLLD,Basis-001/BG,3.08,1.11,0.46,0.03,4.61
XA,2025-12-04,INT,FN-119,XAFN-133,TDXVQR,TDX-VQR,7500942141052,,TDX-VQR,Class 7,TYPE-D,,Agent C1,Payment C,2025-12-31,Category A,CCY-4,N,151.7,29.34,34.63,15.68,18.51,4.68,5.52,168.88,199.32,,TDX,199.32,4799,C0ERJE,Basis-003,4.33,0.99,0.53,0.16,5.69
XA,2025-12-25,INT,FN-133,XAFN-133,DRWGNP,DRW-GNP,0598678744227,Category D,DRW-GNP,Class 3,TYPE-C,,Agent C2,Payment C,2025-11-18,Category C,CCY-3,N,169.26,59.25,69.03,11.01,12.83,4.05,4.72,211.47,246.4,,DRW,246.4,3179,2LZWGE,Basis-003,4.84,1.97,0.37,0.13,7.04
XA,2025-12-01,DOM,FN-101,XAFN-101,FUGKLC,FUG-KLC,2453931321551,Category C,FUG-KLC,Class 7,TYPE-A,,Agent B1,Payment B,2025-12-01,Category A,CCY-3,Y,9.14,35.21,41.3,10.15,11.91,0.01,0.01,53.14,62.34,,FUG,62.34,3687,TGDK4S,Basis-002/BG,0.26,1.18,0.34,0.0,1.78
XA,2025-12-30,INT,FN-119,XAFN-133,TDXSUQ,TDX-SUQ,7746202582543,,TDX-SUQ,Class 8,TYPE-B,,Agent A2,Payment C,2025-12-05,Category A,CCY-2,Y,253.18,35.17,40.1,8.17,9.31,5.54,6.32,259.85,296.27,,TDX,296.27,1759,4EV5XW,Basis-003,7.23,1.15,0.27,0.18,8.46
XA,2025-12-16,DOM,FN-117,XAFN-119,KEEDRW,KEE-DRW,8750827681722,Category D,KEE-DRW,Class 1,TYPE-D,,Agent B2,Payment B,2025-11-17,Category C,CCY-1,N,52.06,27.8,26.86,5.95,5.75,1.4,1.35,86.24,83.32,,KEE,83.32,4163,EFUBFD,Basis-002/BG,1.49,0.77,0.16,0.04,2.38
XA,2025-12-06,INT,FN-394,XAFN-105,NABKHV,NAB-KHV,7217337399205,Category C,NAB-KHV,Class 4,TYPE-B,,Agent A2,Payment C,2025-12-07,Category B,CCY-1,N,103.56,38.08,38.83,17.99,18.35,1.99,2.03,155.64,158.71,,NAB,158.71,1602,802XVX,Basis-001/BG,2.96,1.11,0.52,0.06,4.53
XA,2025-12-19,DOM,FN-395,XAFN-119,YMLKSN,YML-KSN,5844617773264,Category C,YML-KSN,Class 6,TYPE-A,,Agent C1,Payment B,2025-11-17,Category C,CCY-3,N,181.57,13.43,12.06,13.61,12.22,7.11,6.38,222.17,199.47,,YML,199.47,1154,GQ34PG,Basis-001/BG,5.19,0.34,0.35,0.18,5.7
XA,2025-12-15,INT,FN-395,XAFN-394,FUGGNP,FUG-GNP,1375298832201,Category C,FUG-GNP,Class 1,TYPE-C,,Agent B2,Payment C,2025-12-21,Category A,CCY-3,Y,245.73,17.97,20.85,8.04,9.33,2.61,3.03,235.15,272.88,,FUG,272.88,1619,BB1R3Y,Basis-002/BG,7.02,0.6,0.27,0.09,7.8
XA,2025-12-08,INT,FN-395,XAFN-133,JKSKUV,JKS-KUV,0030443619951,,JKS-KUV,Class 4,TYPE-A,,Agent B1,Payment A,2025-11-14,Category A,CCY-3,Y,151.18,19.33,18.23,14.04,13.24,5.34,5.04,188.36,177.61,,JKS,177.61,1422,XG770X,Basis-001,4.32,0.52,0.38,0.14,5.07
XA,2025-12-30,INT,FN-101,XAFN-508,YMLHGV,YML-HGV,6713971912602,Category C,YML-HGV,Class 5,TYPE-A,,Agent A2,Payment A,2025-11-08,Category D,CCY-2,N,140.32,32.13,36.29,4.92,5.56,0.35,0.4,160.96,181.77,,YML,181.77,4022,1FE1YE,Basis-002/BG,4.01,1.04,0.16,0.01,5.19
XA,2025-12-15,INT,FN-117,XAFN-132,FUGGNP,FUG-GNP,8733930493665,Category C,FUG-GNP,Class 3,TYPE-A,,Agent C2,Payment A,2025-11-30,Category C,CCY-1,Y,115.0,37.51,40.84,7.48,8.14,0.64,0.7,149.98,163.28,,FUG,163.28,1425,1KDK2Y,Basis-003,3.29,1.17,0.23,0.02,4.67
XA,2025-12-05,DOM,FN-101,XAFN-508,JKSKEE,JKS-KEE,3556103995297,,JKS-KEE,Class 6,TYPE-A,,Agent A2,Payment B,2025-11-08,Category B,CCY-2,N,288.16,26.25,24.01,12.16,11.12,2.36,2.16,351.08,321.13,,JKS,321.13,1762,PMLNL7,Basis-001/BG,8.23,0.69,0.32,0.06,9.18
XA,2025-12-02,DOM,FN-133,XAFN-105,QFXFUG,QFX-FUG,5927387402990,,QFX-FUG,Class 3,TYPE-A,,Agent B2,Payment B,2025-12-26,Category A,CCY-1,N,224.61,8.78,8.72,1.21,1.2,1.59,1.58,234.65,232.95,,QFX,232.95,2069,E4T8DL,Basis-001/BG,6.42,0.25,0.03,0.05,6.66
XA,2025-12-20,DOM,FN-132,XAFN-133,YMLPVS,YML-PVS,7975649157955,Category D,YML-PVS,Class 5,TYPE-D,,Agent A2,Payment A,2025-11-17,Category D,CCY-1,Y,27.95,57.58,48.94,8.52,7.24,0.41,0.35,98.58,83.78,,YML,83.78,1321,4JPDT1,Basis-003,0.8,1.4,0.21,0.01,2.39
XA,2025-12-13,DOM,FN-118,XAFN-105,KEEYML,KEE-YML,7268080815712,,KEE-YML,Class 1,TYPE-A,,Agent B1,Payment C,2025-11-04,Category D,CCY-4,Y,354.66,25.64,21.54,13.0,10.92,11.69,9.82,449.09,377.3,,KEE,377.3,1801,SODBZL,Basis-001,10.13,0.62,0.31,0.28,10.78
XA,2025-12-06,INT,FN-105,XAFN-119,JKSKHV,JKS-KHV,0096258857669,Category D,JKS-KHV,Class 5,TYPE-D,,Agent A1,Payment A,2025-11-08,Category A,CCY-4,N,273.37,53.63,60.09,18.13,20.31,3.66,4.1,312.09,349.67,,JKS,349.67,1829,921VF3,Basis-002/BG,7.81,1.72,0.58,0.12,9.99
XA,2025-12-19,INT,FN-105,XAFN-395,UBRTPX,UBR-TPX,3270004666145,,UBR-TPX,Class 7,TYPE-A,,Agent A1,Payment A,2025-11-29,Category D,CCY-4,N,246.67,54.55,45.36,15.58,12.96,12.21,10.15,354.56,294.84,,UBR,294.84,1218,6B0JI1,Basis-003,7.05,1.3,0.37,0.29,8.42
XA,2025-12-23,DOM,FN-105,XAFN-132,UBRPVS,UBR-PVS,2049980949769,,UBR-PVS,Class 5,TYPE-B,,Agent C2,Payment A,2025-11-13,Category D,CCY-1,N,212.27,20.36,21.73,5.54,5.91,3.13,3.34,221.7,236.57,,UBR,236.57,1185,3NUKON,Basis-001,6.06,0.62,0.17,0.1,6.76
XA,2025-12-08,DOM,FN-119,XAFN-117,YMLJYN,YML-JYN,5623899499197,,YML-JYN,Class 5,TYPE-A,,Agent C2,Payment B,2025-11-11,Category D,CCY-1,Y,149.73,26.69,27.45,7.52,7.73,3.53,3.63,176.27,181.28,,YML,181.28,415,HBQ64D,Basis-002/BG,4.28,0.78,0.22,0.1,5.18
XA,2025-12-30,DOM,FN-395,XAFN-105,UBRKSN,UBR-KSN,3599898972117,,UBR-KSN,Class 1,TYPE-C,,Agent C2,Payment C,2025-11-02,Category A,CCY-3,N,205.71,37.81,44.33,8.91,10.44,0.84,0.98,221.35,259.5,,UBR,259.5,2330,KE1Q5M,Basis-003,5.88,1.27,0.3,0.03,7.41
XA,2025-12-06,DOM,FN-101,XAFN-101,TDXJYN,TDX-JYN,4806757123691,Category D,TDX-JYN,Class 9,TYPE-D,,Agent A1,Payment C,2025-12-13,Category A,CCY-3,Y,268.2,16.0,12.87,11.22,9.03,7.3,5.87,353.25,284.23,,TDX,284.23,4385,6YV2VP,Basis-003,7.66,0.37,0.26,0.17,8.12
XA,2025-12-02,DOM,FN-508,XAFN-132,JYNPVS,JYN-PVS,3141961560783,Category C,JYN-PVS,Class 7,TYPE-D,,Agent B1,Payment C,2025-12-28,Category B,CCY-4,N,92.65,2.44,2.0,11.69,9.59,3.76,3.08,123.36,101.16,,JYN,101.16,3291,M2Q22Y,Basis-002/BG,2.65,0.06,0.27,0.09,2.89
XA,2025-12-20,DOM,FN-133,XAFN-133,QFXNAB,QFX-NAB,8349604784217,,QFX-NAB,Class 1,TYPE-B,,Agent C1,Payment B,2025-11-07,Category D,CCY-4,Y,140.26,57.71,52.7,14.4,13.15,5.39,4.92,220.31,201.19,,QFX,201.19,1509,9M13OT,Basis-001/BG,4.01,1.51,0.38,0.14,5.75
XA,2025-12-17,DOM,FN-119,XAFN-508,UMKTDX,UMK-TDX,0624672879916,,UMK-TDX,Class 4,TYPE-A,,Agent A1,Payment B,2025-11-05,Category B,CCY-3,Y,68.07,57.06,57.81,15.9,16.11,1.8,1.82,138.36,140.17,,UMK,140.17,2233,M1V395,Basis-002/BG,1.94,1.65,0.46,0.05,4.0
XA,2025-12-08,DOM,FN-101,XAFN-118,YMLUBR,YML-UBR,5881650254472,Category D,YML-UBR,Class 8,TYPE-A,,Agent C1,Payment A,2025-11-28,Category C,CCY-4,Y,196.57,28.4,26.6,5.55,5.2,9.38,8.79,234.42,219.58,,YML,219.58,1783,ZJ2O4Q,Basis-002/BG,5.62,0.76,0.15,0.25,6.27
XA,2025-12-18,DOM,FN-101,XAFN-395,KLCUMK,KLC-UMK,8067821417468,,KLC-UMK,Class 3,TYPE-B,,Agent B1,Payment C,2025-11-12,Category D,CCY-3,N,120.22,45.01,46.33,18.87,19.42,3.47,3.57,177.21,182.4,,KLC,182.4,2371,TWT2I9,Basis-002/BG,3.43,1.32,0.55,0.1,5.21
XA,2025-12-11,INT,FN-132,XAFN-508,QFXKHV,QFX-KHV,4501192920753,,QFX-KHV,Class 7,TYPE-A,,Agent B1,Payment A,2025-11-05,Category D,CCY-3,Y,273.46,19.77,22.67,3.84,4.4,8.21,9.42,253.87,291.11,,QFX,291.11,3660,YC3T13,Basis-001/BG,7.81,0.65,0.13,0.27,8.32
XA,2025-12-11,INT,FN-132,XAFN-508,JKSVQR,JKS-VQR,0670009942489,Category D,JKS-VQR,Class 7,TYPE-B,,Agent A1,Payment B,2025-12-29,Category D,CCY-2,N,161.27,3.36,3.47,11.26,11.62,0.79,0.81,170.15,175.55,,JKS,175.55,2444,20UPRB,Basis-002/BG,4.61,0.1,0.33,0.02,5.02
XA,2025-12-25,INT,FN-394,XAFN-132,KSNZYR,KSN-ZYR,8097453389062,Category C,KSN-ZYR,Class 5,TYPE-C,,Agent B1,Payment B,2025-12-27,Category D,CCY-3,Y,138.19,24.33,23.01,2.15,2.03,3.1,2.93,169.51,160.3,,KSN,160.3,1709,1MKDWV,Basis-002,3.95,0.66,0.06,0.08,4.58
XA,2025-12-05,DOM,FN-118,XAFN-117,KEEUBR,KEE-UBR,7677462591601,,KEE-UBR,Class 7,TYPE-B,,Agent B1,Payment C,2025-11-07,Category A,CCY-2,N,191.09,25.97,22.01,4.9,4.15,9.64,8.17,246.74,209.08,,KEE,209.08,4323,3J2X9A,Basis-003,5.46,0.63,0.12,0.23,5.97
XA,2025-12-18,DOM,FN-117,XAFN-119,FUGJYN,FUG-JYN,1299570472642,,FUG-JYN,Class 9,TYPE-A,,Agent A2,Payment C,2025-11-08,Category B,CCY-4,Y,79.78,29.65,29.59,18.9,18.86,1.92,1.92,126.59,126.31,,FUG,126.31,1870,TI1RIM,Basis-003,2.28,0.85,0.54,0.05,3.61
XA,2025-12-27,INT,FN-117,XAFN-132,UBRDPQ,UBR-DPQ,4824218385454,,UBR-DPQ,Class 9,TYPE-A,,Agent C2,Payment B,2025-11-17,Category C,CCY-1,N,282.9,24.61,23.14,7.44,6.99,6.94,6.52,326.03,306.51,,UBR,306.51,2536,XMFH5E,Basis-001/BG,8.08,0.66,0.2,0.19,8.76
XA,2025-12-27,DOM,FN-105,XAFN-394,PVSJYN,PVS-JYN,7633427203886,Category C,PVS-JYN,Class 5,TYPE-A,,Agent B2,Payment B,2025-12-16,Category A,CCY-4,Y,187.5,14.33,15.02,10.98,11.51,6.11,6.4,198.06,207.63,,PVS,207.63,751,VNIBLW,Basis-001,5.36,0.43,0.33,0.18,5.93
XA,2025-12-05,INT,FN-118,XAFN-508,TDXDPQ,TDX-DPQ,3534001816778,Category D,TDX-DPQ,Class 4,TYPE-A,,Agent B2,Payment B,2025-11-12,Category C,CCY-3,N,211.29,48.34,48.4,9.49,9.5,7.59,7.6,261.27,261.59,,TDX,261.59,2283,78JP3H,Basis-003,6.04,1.38,0.27,0.22,7.47
XA,2025-12-04,INT,FN-101,XAFN-132,PVSLNR,PVS-LNR,3912878848699,,PVS-LNR,Class 8,TYPE-B,,Agent C2,Payment C,2025-11-04,Category C,CCY-2,N,133.71,15.11,16.83,5.27,5.87,2.7,3.01,137.74,153.4,,PVS,153.4,4142,UERJQE,Basis-002/BG,3.82,0.48,0.17,0.09,4.38
XA,2025-12-05,DOM,FN-119,XAFN-395,KEEKLC,KEE-KLC,3972833912187,,KEE-KLC,Class 2,TYPE-D,,Agent A2,Payment C,2025-11-14,Category B,CCY-4,Y,131.88,40.82,35.51,16.75,14.57,5.38,4.68,203.77,177.28,,KEE,177.28,4935,UHFBEG,Basis-001/BG,3.77,1.01,0.42,0.13,5.07
XA,2025-12-02,DOM,FN-101,XAFN-395,KEEFUG,KEE-FUG,9876108143561,Category D,KEE-FUG,Class 9,TYPE-A,,Agent C2,Payment A,2025-12-28,Category C,CCY-4,N,85.75,55.05,52.39,9.08,8.64,2.08,1.98,152.14,144.8,,KEE,144.8,2198,XDSBRP,Basis-003,2.45,1.5,0.25,0.06,4.14
XA,2025-12-27,DOM,FN-105,XAFN-101,YMLJKS,YML-JKS,0307620545967,,YML-JKS,Class 5,TYPE-C,,Agent A1,Payment C,2025-11-03,Category D,CCY-4,N,148.29,18.15,18.79,2.05,2.12,6.2,6.42,157.2,162.78,,YML,162.78,3394,PDAX6K,Basis-001,4.24,0.54,0.06,0.18,4.65
XA,2025-12-04,DOM,FN-133,XAFN-508,PVSYML,PVS-YML,9497089058366,Category C,PVS-YML,Class 5,TYPE-C,,Agent C1,Payment A,2025-11-25,Category D,CCY-1,Y,220.72,40.38,41.05,8.45,8.59,8.76,8.91,257.17,261.45,,PVS,261.45,3381,V2TTUS,Basis-003,6.31,1.17,0.25,0.25,7.47
XA,2025-12-19,DOM,FN-133,XAFN-117,JYNUMK,JYN-UMK,5719760932012,,JYN-UMK,Class 8,TYPE-C,,Agent B2,Payment C,2025-12-04,Category B,CCY-1,N,155.36,39.79,37.74,2.31,2.19,2.98,2.83,202.93,192.46,,JYN,192.46,320,KC419U,Basis-001/BG,4.44,1.08,0.06,0.08,5.5
XA,2025-12-04,DOM,FN-394,XAFN-394,KLCJYN,KLC-JYN,7412746921188,Category C,KLC-JYN,Class 6,TYPE-C,,Agent A1,Payment C,2025-12-16,Category D,CCY-3,Y,107.68,35.26,41.91,3.14,3.73,2.31,2.75,126.68,150.57,,KLC,150.57,3769,JFVRSC,Basis-001,3.08,1.2,0.11,0.08,4.3
XA,2025-12-18,INT,FN-132,XAFN-118,PVSMFP,PVS-MFP,5705682092257,,PVS-MFP,Class 6,TYPE-A,,Agent C2,Payment A,2025-11-05,Category D,CCY-3,Y,173.48,11.46,9.65,14.64,12.33,9.44,7.95,222.67,187.51,,PVS,187.51,3003,O8QHE4,Basis-002/BG,4.96,0.28,0.35,0.23,5.36
XA,2025-12-09,DOM,FN-101,XAFN-101,UMKKSN,UMK-KSN,1788224731261,,UMK-KSN,Class 9,TYPE-C,,Agent A1,Payment B,2025-11-05,Category A,CCY-3,N,147.15,5.0,5.77,13.71,15.82,5.66,6.53,140.54,162.21,,UMK,162.21,4807,X1CENA,Basis-001/BG,4.2,0.16,0.45,0.19,4.63
XA,2025-12-29,INT,FN-101,XAFN-132,KLCLNR,KLC-LNR,3709230071695,,KLC-LNR,Class 2,TYPE-A,,Agent B2,Payment B,2025-12-28,Category A,CCY-3,N,91.23,21.45,17.85,13.22,11.0,1.02,0.85,143.25,119.23,,KLC,119.23,4802,ZZIX2S,Basis-002/BG,2.61,0.51,0.31,0.02,3.41
XA,2025-12-16,DOM,FN-105,XAFN-133,UBRDRW,UBR-DRW,1982734813104,Category D,UBR-DRW,Class 6,TYPE-A,,Agent A2,Payment B,2025-12-20,Category D,CCY-2,Y,241.89,16.19,14.76,11.31,10.31,7.9,7.2,284.95,259.76,,UBR,259.76,1700,C6H52M,Basis-002,6.91,0.42,0.29,0.21,7.42
XA,2025-12-18,DOM,FN-133,XAFN-101,JKSKSN,JKS-KSN,6739834488384,Category C,JKS-KSN,Class 7,TYPE-C,,Agent A2,Payment B,2025-12-29,Category C,CCY-1,N,184.31,44.43,40.4,11.97,10.88,4.11,3.74,255.0,231.85,,JKS,231.85,1329,TLB37Z,Basis-002/BG,5.27,1.15,0.31,0.11,6.62
XA,2025-12-06,INT,FN-119,XAFN-508,JYNSUQ,JYN-SUQ,2090855107409,,JYN-SUQ,Class 6,TYPE-B,,Agent A1,Payment A,2025-11-07,Category D,CCY-3,N,120.64,14.85,17.59,8.81,10.43,0.41,0.48,125.11,148.18,,JYN,148.18,976,VYF2ZQ,Basis-002/BG,3.45,0.5,0.3,0.01,4.23
XA,2025-12-20,DOM,FN-132,XAFN-119,NABPVS,NAB-PVS,5412012275950,,NAB-PVS,Class 3,TYPE-B,,Agent B2,Payment C,2025-12-29,Category A,CCY-2,Y,64.23,14.36,13.82,12.66,12.18,2.12,2.04,91.63,88.19,,NAB,88.19,2817,DHZG58,Basis-003,1.84,0.39,0.35,0.06,2.52
XA,2025-12-27,INT,FN-394,XAFN-105,JYNKUV,JYN-KUV,7327980595031,,JYN-KUV,Class 6,TYPE-A,,Agent B2,Payment B,2025-12-14,Category B,CCY-1,N,222.31,6.65,5.44,6.05,4.95,5.96,4.87,278.68,227.83,,JYN,227.83,299,H6EJEB,Basis-001/BG,6.35,0.16,0.14,0.14,6.51
XA,2025-12-20,INT,FN-105,XAFN-119,KEEKHV,KEE-KHV,5992855359520,Category D,KEE-KHV,Class 5,TYPE-D,,Agent A1,Payment A,2025-11-04,Category D,CCY-1,N,199.53,66.16,60.86,10.98,10.1,0.78,0.72,293.24,269.77,,KEE,269.77,4864,7AAU76,Basis-003,5.7,1.74,0.29,0.02,7.71
XA,2025-12-23,DOM,FN-119,XAFN-394,FUGUMK,FUG-UMK,8423394495300,,FUG-UMK,Class 7,TYPE-D,,Agent B2,Payment B,2025-12-19,Category B,CCY-4,N,91.76,33.34,27.26,20.63,16.87,2.68,2.19,163.52,133.7,,FUG,133.7,2887,AFMAR9,Basis-002,2.62,0.78,0.48,0.06,3.82
XA,2025-12-06,INT,FN-508,XAFN-101,KSNTPX,KSN-TPX,2923345110090,,KSN-TPX,Class 3,TYPE-A,,Agent B1,Payment A,2025-11-01,Category D,CCY-3,N,98.32,17.75,18.01,7.48,7.59,0.51,0.52,121.59,123.4,,KSN,123.4,2190,A5ENP2,Basis-003,2.81,0.51,0.22,0.01,3.53
XA,2025-12-19,DOM,FN-395,XAFN-395,QFXNAB,QFX-NAB,7592129964260,Category C,QFX-NAB,Class 6,TYPE-B,,Agent B2,Payment C,2025-12-22,Category B,CCY-4,Y,73.73,27.67,31.84,15.75,18.12,1.07,1.23,106.43,122.46,,QFX,122.46,1358,QMGJ96,Basis-003,2.11,0.91,0.52,0.04,3.5
XA,2025-12-08,DOM,FN-395,XAFN-101,KEEJYN,KEE-JYN,2362192158189,,KEE-JYN,Class 2,TYPE-A,,Agent C2,Payment B,2025-12-07,Category A,CCY-1,N,175.85,23.06,26.21,7.51,8.54,6.19,7.04,179.07,203.56,,KEE,203.56,1071,1SHNTC,Basis-003,5.02,0.75,0.24,0.2,5.82
XA,2025-12-13,INT,FN-395,XAFN-395,TDXMFP,TDX-MFP,0053789318692,,TDX-MFP,Class 8,TYPE-B,,Agent C1,Payment B,2025-11-22,Category C,CCY-4,Y,24.94,40.18,43.25,8.93,9.61,0.2,0.21,72.09,77.59,,TDX,77.59,986,9E0RAG,Basis-001/BG,0.71,1.24,0.27,0.01,2.22
XA,2025-12-09,INT,FN-105,XAFN-118,UMKGNP,UMK-GNP,4743281165993,,UMK-GNP,Class 4,TYPE-B,,Agent C2,Payment C,2025-12-18,Category A,CCY-2,Y,135.56,90.35,77.9,13.33,11.49,5.21,4.49,255.7,220.46,,UMK,220.46,495,W9JZF4,Basis-001/BG,3.87,2.23,0.33,0.13,6.3
XA,2025-12-02,INT,FN-117,XAFN-395,JYNRZP,JYN-RZP,1650646300593,,JYN-RZP,Class 3,TYPE-D,,Agent B2,Payment B,2025-11-26,Category A,CCY-1,Y,89.86,21.71,23.6,14.48,15.74,1.0,1.09,117.84,128.11,,JYN,128.11,1281,1YX9DY,Basis-001,2.57,0.67,0.45,0.03,3.66
XA,2025-12-07,INT,FN-105,XAFN-101,QFXTPX,QFX-TPX,4384196622913,,QFX-TPX,Class 1,TYPE-D,,Agent B2,Payment A,2025-12-03,Category A,CCY-2,N,159.06,7.13,8.43,12.35,14.6,3.92,4.63,150.1,177.46,,QFX,177.46,3524,UN446Q,Basis-001,4.54,0.24,0.42,0.13,5.07
XA,2025-12-13,INT,FN-132,XAFN-132,YMLMFP,YML-MFP,0494440766349,Category C,YML-MFP,Class 7,TYPE-B,,Agent C1,Payment B,2025-11-23,Category A,CCY-2,N,96.55,57.82,58.1,15.33,15.4,0.41,0.41,168.82,169.64,,YML,169.64,3287,GG4NP4,Basis-001,2.76,1.66,0.44,0.01,4.85
XA,2025-12-24,INT,FN-132,XAFN-395,KSNMBT,KSN-MBT,5421880879919,,KSN-MBT,Class 4,TYPE-B,,Agent C2,Payment A,2025-12-17,Category C,CCY-4,Y,114.21,42.15,49.22,8.85,10.34,3.25,3.8,145.54,169.97,,KSN,169.97,4876,YJHMIE,Basis-002,3.26,1.41,0.3,0.11,4.86
XA,2025-12-09,INT,FN-119,XAFN-101,KSNRZP,KSN-RZP,3115876054576,Category D,KSN-RZP,Class 1,TYPE-D,,Agent B1,Payment B,2025-11-26,Category C,CCY-3,N,218.22,41.88,37.27,6.48,5.77,6.52,5.8,287.04,255.46,,KSN,255.46,1833,MINQ4O,Basis-003,6.23,1.06,0.16,0.17,7.3
XA,2025-12-06,INT,FN-132,XAFN-118,KLCLNR,KLC-LNR,5080959481526,Category C,KLC-LNR,Class 7,TYPE-C,,Agent B1,Payment C,2025-11-25,Category D,CCY-2,N,98.52,53.43,45.45,9.79,8.33,5.24,4.46,173.81,147.84,,KLC,147.84,3859,G4IQ9E,Basis-002,2.81,1.3,0.24,0.13,4.22
XA,2025-12-22,DOM,FN-118,XAFN-395,QFXKSN,QFX-KSN,9332614543079,,QFX-KSN,Class 7,TYPE-B,,Agent C2,Payment B,2025-11-15,Category A,CCY-1,Y,117.71,17.14,15.67,13.26,12.12,6.0,5.49,153.12,140.01,,QFX,140.01,445,TYE737,Basis-001/BG,3.36,0.45,0.35,0.16,4.0
XA,2025-12-09,DOM,FN-132,XAFN-117,FUGJKS,FUG-JKS,3542687447017,Category C,FUG-JKS,Class 9,TYPE-B,,Agent C2,Payment C,2025-11-02,Category D,CCY-4,N,315.0,11.93,13.99,8.63,10.12,1.24,1.45,287.86,337.66,,FUG,337.66,1409,IQQUOL,Basis-001/BG,9.0,0.4,0.29,0.04,9.65
XA,2025-12-02,DOM,FN-132,XAFN-117,JYNKEE,JYN-KEE,7810558000272,Category C,JYN-KEE,Class 2,TYPE-A,,Agent B1,Payment A,2025-11-21,Category D,CCY-3,Y,262.98,27.22,28.81,11.58,12.26,11.32,11.98,275.98,292.07,,JYN,292.07,1182,PVIU21,Basis-001/BG,7.51,0.82,0.35,0.34,8.34
XA,2025-12-07,INT,FN-105,XAFN-119,UMKDPQ,UMK-DPQ,6955286209297,Category C,UMK-DPQ,Class 2,TYPE-C,,Agent A2,Payment C,2025-11-24,Category C,CCY-4,Y,65.01,31.31,36.42,7.79,9.06,2.78,3.23,92.2,107.26,,UMK,107.26,2122,FFY3IW,Basis-003,1.86,1.04,0.26,0.09,3.06
XA,2025-12-26,DOM,FN-119,XAFN-132,KEEQFX,KEE-QFX,3236618507610,,KEE-QFX,Class 6,TYPE-A,,Agent C1,Payment A,2025-11-25,Category D,CCY-4,Y,228.86,42.26,47.81,20.29,22.95,6.99,7.91,257.85,291.71,,KEE,291.71,4342,33HBAE,Basis-002/BG,6.54,1.37,0.66,0.23,8.33
XA,2025-12-18,DOM,FN-117,XAFN-105,JKSNAB,JKS-NAB,7648467357422,Category C,JKS-NAB,Class 9,TYPE-B,,Agent C2,Payment A,2025-11-10,Category B,CCY-2,Y,196.37,34.1,34.89,10.72,10.97,8.57,8.77,228.14,233.46,,JKS,233.46,1069,1K9M94,Basis-003,5.61,1.0,0.31,0.25,6.67
XA,2025-12-02,DOM,FN-133,XAFN-117,PVSNAB,PVS-NAB,9535063731180,Category D,PVS-NAB,Class 3,TYPE-D,,Agent C2,Payment B,2025-11-18,Category A,CCY-2,Y,121.75,37.26,35.08,9.05,8.52,4.75,4.47,170.88,160.88,,PVS,160.88,251,RL481X,Basis-002,3.48,1.0,0.24,0.13,4.6
XA,2025-12-22,DOM,FN-101,XAFN-395,KEENAB,KEE-NAB,4639756154705,Category D,KEE-NAB,Class 2,TYPE-C,,Agent C1,Payment A,2025-12-22,Category B,CCY-2,Y,163.48,57.21,49.76,5.71,4.97,7.28,6.33,243.59,211.88,,KEE,211.88,3217,D9JC1Y,Basis-002,4.67,1.42,0.14,0.18,6.05
XA,2025-12-11,INT,FN-394,XAFN-395,QFXZYR,QFX-ZYR,7520702042620,,QFX-ZYR,Class 2,TYPE-D,,Agent A1,Payment A,2025-12-17,Category A,CCY-4,Y,241.19,56.25,49.76,10.64,9.41,8.07,7.14,331.47,293.22,,QFX,293.22,2718,CHIZ6W,Basis-002/BG,6.89,1.42,0.27,0.2,8.38
XA,2025-12-16,INT,FN-394,XAFN-119,DRWZYR,DRW-ZYR,1922760759889,,DRW-ZYR,Class 9,TYPE-D,,Agent B1,Payment A,2025-12-24,Category B,CCY-4,N,19.75,24.11,20.88,19.03,16.48,0.24,0.21,65.71,56.9,,DRW,56.9,1863,ED1LG8,Basis-003,0.56,0.6,0.47,0.01,1.63
XA,2025-12-03,INT,FN-132,XAFN-101,KSNVQR,KSN-VQR,5764497470002,,KSN-VQR,Class 2,TYPE-D,,Agent B2,Payment B,2025-11-20,Category D,CCY-2,N,148.17,17.69,15.01,8.82,7.48,0.4,0.34,200.75,170.32,,KSN,170.32,3484,KQQL7P,Basis-001/BG,4.23,0.43,0.21,0.01,4.87
XA,2025-12-14,INT,FN-119,XAFN-132,JKSTPX,JKS-TPX,5373096496927,,JKS-TPX,Class 1,TYPE-A,,Agent A1,Payment C,2025-12-07,Category C,CCY-3,Y,217.25,46.97,38.2,10.83,8.81,11.46,9.32,313.5,254.94,,JKS,254.94,4863,ZIHZVZ,Basis-001/BG,6.21,1.09,0.25,0.27,7.28
XA,2025-12-14,INT,FN-118,XAFN-119,JKSLNR,JKS-LNR,1594898959654,,JKS-LNR,Class 3,TYPE-D,,Agent A2,Payment B,2025-11-22,Category C,CCY-2,N,120.65,22.55,24.12,5.04,5.39,2.61,2.79,137.76,147.37,,JKS,147.37,2013,LJC6WO,Basis-003,3.45,0.69,0.15,0.08,4.21
XA,2025-12-08,DOM,FN-508,XAFN-118,KLCTDX,KLC-TDX,6408822309586,Category C,KLC-TDX,Class 4,TYPE-D,,Agent C2,Payment A,2025-12-07,Category C,CCY-3,Y,279.23,25.67,25.17,16.41,16.09,3.93,3.85,322.98,316.64,,KLC,316.64,2241,F891QC,Basis-001/BG,7.98,0.72,0.46,0.11,9.05
XA,2025-12-17,DOM,FN-132,XAFN-119,UBRJYN,UBR-JYN,4655792203004,Category D,UBR-JYN,Class 1,TYPE-D,,Agent B1,Payment B,2025-12-30,Category A,CCY-4,Y,271.71,38.78,44.97,6.76,7.84,3.83,4.44,276.0,320.08,,UBR,320.08,2030,U3F0ME,Basis-001,7.76,1.28,0.22,0.13,9.15
XA,2025-12-20,DOM,FN-133,XAFN-119,PVSJYN,PVS-JYN,5957086199314,Category D,PVS-JYN,Class 6,TYPE-C,,Agent A2,Payment B,2025-12-15,Category C,CCY-4,N,182.3,29.3,29.64,5.42,5.48,7.79,7.88,207.16,209.54,,PVS,209.54,3377,HC7TBH,Basis-001/BG,5.21,0.85,0.16,0.23,5.99
XA,2025-12-10,DOM,FN-394,XAFN-118,UBRDRW,UBR-DRW,2463104379686,,UBR-DRW,Class 3,TYPE-A,,Agent C1,Payment C,2025-11-21,Category B,CCY-2,N,175.95,13.69,12.31,17.72,15.94,0.32,0.29,226.7,203.91,,UBR,203.91,3324,18F2DX,Basis-002/BG,5.03,0.35,0.46,0.01,5.83
XA,2025-12-07,INT,FN-132,XAFN-101,QFXLNR,QFX-LNR,2385022894665,Category C,QFX-LNR,Class 8,TYPE-D,,Agent B1,Payment C,2025-12-26,Category B,CCY-3,Y,112.83,40.51,33.02,14.01,11.42,1.3,1.06,191.66,156.21,,QFX,156.21,1846,E9WIEE,Basis-002/BG,3.22,0.94,0.33,0.03,4.46
XA,2025-12-14,DOM,FN-394,XAFN-394,YMLUBR,YML-UBR,1167507627995,Category D,YML-UBR,Class 1,TYPE-B,,Agent C2,Payment A,2025-11-12,Category C,CCY-2,N,129.29,44.15,38.8,8.68,7.63,0.16,0.14,199.77,175.58,,YML,175.58,1925,C7GIU1,Basis-002/BG,3.69,1.11,0.22,0.0,5.02
XA,2025-12-05,DOM,FN-101,XAFN-117,YMLKEE,YML-KEE,8471901722240,Category D,YML-KEE,Class 4,TYPE-A,,Agent B2,Payment C,2025-11-27,Category C,CCY-3,N,219.7,8.31,9.81,9.01,10.63,6.67,7.87,196.79,232.27,,YML,232.27,1032,3RWR3O,Basis-003,6.28,0.28,0.3,0.22,6.64
XA,2025-12-28,DOM,FN-394,XAFN-117,QFXKEE,QFX-KEE,7258122590956,,QFX-KEE,Class 7,TYPE-C,,Agent C2,Payment B,2025-12-29,Category B,CCY-3,Y,305.11,16.84,15.0,7.42,6.61,10.95,9.76,355.75,316.96,,QFX,316.96,4176,IGU72D,Basis-001,8.72,0.43,0.19,0.28,9.06
XA,2025-12-23,DOM,FN-132,XAFN-395,KEEFUG,KEE-FUG,6901707403925,,KEE-FUG,Class 9,TYPE-C,,Agent C2,Payment B,2025-11-12,Category C,CCY-4,Y,191.11,40.02,32.69,14.39,11.75,11.3,9.23,277.09,226.32,,KEE,226.32,4246,DG680I,Basis-003,5.46,0.93,0.34,0.26,6.47
XA,2025-12-04,INT,FN-133,XAFN-117,KSNGNP,KSN-GNP,6549633083344,Category D,KSN-GNP,Class 1,TYPE-D,,Agent A1,Payment B,2025-12-03,Category D,CCY-3,N,189.13,45.96,39.52,18.08,15.55,9.43,8.11,274.57,236.09,,KSN,236.09,296,JAF4WN,Basis-003,5.4,1.13,0.44,0.23,6.75
XA,2025-12-09,INT,FN-508,XAFN-117,FUGSUQ,FUG-SUQ,6632956342777,Category D,FUG-SUQ,Class 6,TYPE-B,,Agent A2,Payment B,2025-12-07,Category B,CCY-2,Y,182.79,26.94,26.38,13.64,13.36,7.35,7.2,219.89,215.33,,FUG,215.33,3627,COTFVA,Basis-002,5.22,0.75,0.38,0.21,6.15
XA,2025-12-31,DOM,FN-133,XAFN-119,KSNTDX,KSN-TDX,0295596363726,Category C,KSN-TDX,Class 5,TYPE-C,,Agent C2,Payment A,2025-11-03,Category D,CCY-1,N,301.99,23.95,28.01,4.39,5.13,0.92,1.08,285.6,334.05,,KSN,334.05,822,MJSXTD,Basis-001/BG,8.63,0.8,0.15,0.03,9.54
XA,2025-12-28,DOM,FN-119,XAFN-117,YMLNAB,YML-NAB,1122121548158,Category C,YML-NAB,Class 9,TYPE-D,,Agent C1,Payment B,2025-12-05,Category D,CCY-1,N,238.57,27.38,28.19,0.84,0.86,0.51,0.52,259.43,267.1,,YML,267.1,2640,6DUTJT,Basis-002/BG,6.82,0.81,0.02,0.01,7.63
XA,2025-12-19,INT,FN-395,XAFN-394,QFXDPQ,QFX-DPQ,7873585664641,,QFX-DPQ,Class 3,TYPE-B,,Agent A2,Payment B,2025-12-13,Category B,CCY-1,Y,217.79,23.0,21.97,10.0,9.55,0.48,0.46,260.49,248.85,,QFX,248.85,1354,ZPFCGL,Basis-001,6.22,0.63,0.27,0.01,7.11
XA,2025-12-24,DOM,FN-394,XAFN-395,QFXKSN,QFX-KSN,9117972699994,,QFX-KSN,Class 5,TYPE-B,,Agent C1,Payment C,2025-11-13,Category A,CCY-2,Y,176.56,38.88,32.86,16.03,13.55,8.32,7.03,255.52,215.94,,QFX,215.94,667,HPO00Z,Basis-001,5.04,0.94,0.39,0.2,6.17
XA,2025-12-28,DOM,FN-105,XAFN-101,JKSYML,JKS-YML,5052438380582,,JKS-YML,Class 3,TYPE-B,,Agent C2,Payment C,2025-12-20,Category A,CCY-3,Y,115.16,39.34,37.7,9.08,8.7,1.16,1.11,167.41,160.45,,JKS,160.45,3895,OZFQPI,Basis-001/BG,3.29,1.08,0.25,0.03,4.58
XA,2025-12-07,DOM,FN-119,XAFN-394,UBRUMK,UBR-UMK,6185186267136,Category D,UBR-UMK,Class 4,TYPE-A,,Agent A1,Payment A,2025-11-13,Category B,CCY-4,Y,209.1,34.02,39.23,4.61,5.32,6.11,7.04,213.87,246.61,,UBR,246.61,1847,6ZFY40,Basis-001/BG,5.97,1.12,0.15,0.2,7.05
XA,2025-12-24,INT,FN-101,XAFN-133,KSNHGV,KSN-HGV,7761065920881,Category D,KSN-HGV,Class 2,TYPE-B,,Agent A1,Payment C,2025-11-09,Category D,CCY-4,N,236.88,18.69,21.96,11.95,14.04,3.28,3.85,228.93,269.03,,KSN,269.03,3556,E7ZMVU,Basis-003,6.77,0.63,0.4,0.11,7.69
XA,2025-12-22,DOM,FN-101,XAFN-117,UMKPVS,UMK-PVS,6656862959125,,UMK-PVS,Class 5,TYPE-B,,Agent B1,Payment C,2025-12-03,Category B,CCY-3,N,179.38,66.08,57.57,10.19,8.88,6.81,5.93,275.34,239.9,,UMK,239.9,2871,IJPW10,Basis-001/BG,5.13,1.64,0.25,0.17,6.85
XA,2025-12-19,DOM,FN-118,XAFN-105,JYNQFX,JYN-QFX,7996708089747,Category D,JYN-QFX,Class 8,TYPE-C,,Agent C2,Payment C,2025-12-25,Category C,CCY-2,N,122.05,30.79,29.71,8.79,8.48,4.84,4.67,161.25,155.57,,JYN,155.57,2459,CS224E,Basis-002/BG,3.49,0.85,0.24,0.13,4.44
XA,2025-12-18,DOM,FN-395,XAFN-105,QFXJYN,QFX-JYN,6498044509286,,QFX-JYN,Class 9,TYPE-C,,Agent A2,Payment A,2025-12-24,Category A,CCY-3,Y,214.0,5.27,5.76,4.33,4.73,2.02,2.21,203.32,222.28,,QFX,222.28,3464,FQOKVC,Basis-003,6.11,0.16,0.14,0.06,6.35
XA,2025-12-01,DOM,FN-395,XAFN-395,QFXUMK,QFX-UMK,9830574883997,Category D,QFX-UMK,Class 5,TYPE-A,,Agent C1,Payment B,2025-11-27,Category B,CCY-3,Y,64.58,39.93,44.25,16.74,18.55,1.52,1.68,113.44,125.7,,QFX,125.7,1423,7QNAAB,Basis-002,1.85,1.26,0.53,0.05,3.59
XA,2025-12-20,INT,FN-132,XAFN-119,KLCKUV,KLC-KUV,0564184937846,,KLC-KUV,Class 7,TYPE-A,,Agent C1,Payment B,2025-12-29,Category A,CCY-1,Y,141.64,23.93,27.47,9.02,10.35,3.65,4.19,152.7,175.27,,KLC,175.27,4548,QOXBE1,Basis-002/BG,4.05,0.78,0.3,0.12,5.01
XA,2025-12-31,INT,FN-118,XAFN-117,PVSLNR,PVS-LNR,9906745686524,,PVS-LNR,Class 1,TYPE-D,,Agent A2,Payment A,2025-11-08,Category C,CCY-2,N,242.95,17.52,16.09,12.19,11.19,3.59,3.3,290.69,266.93,,PVS,266.93,3773,5E71G4,Basis-001,6.94,0.46,0.32,0.09,7.63
XA,2025-12-16,DOM,FN-118,XAFN-394,JKSYML,JKS-YML,6484559396521,Category C,JKS-YML,Class 4,TYPE-B,,Agent B1,Payment A,2025-12-02,Category A,CCY-3,Y,228.02,46.22,37.52,13.49,10.95,6.17,5.01,334.43,271.48,,JKS,271.48,2554,LMDZ5V,Basis-001,6.51,1.07,0.31,0.14,7.76
XA,2025-12-23,DOM,FN-394,XAFN-119,DRWKSN,DRW-KSN,2772648839585,Category D,DRW-KSN,Class 3,TYPE-C,,Agent A2,Payment A,2025-12-08,Category C,CCY-1,Y,230.08,12.75,10.55,16.19,13.39,12.94,10.7,294.15,243.32,,DRW,243.32,3036,F4DESR,Basis-003,6.57,0.3,0.38,0.31,6.95
XA,2025-12-21,DOM,FN-101,XAFN-132,JYNFUG,JYN-FUG,4914774473535,Category C,JYN-FUG,Class 1,TYPE-C,,Agent B2,Payment C,2025-12-17,Category C,CCY-3,Y,97.67,2.51,2.54,12.42,12.56,4.42,4.47,107.05,108.3,,JYN,108.3,3978,EUZ9QJ,Basis-003,2.79,0.07,0.36,0.13,3.09
XA,2025-12-07,DOM,FN-105,XAFN-395,KEEJKS,KEE-JKS,3611338926087,Category C,KEE-JKS,Class 4,TYPE-A,,Agent B1,Payment A,2025-12-01,Category D,CCY-4,Y,259.89,34.4,27.94,18.17,14.76,8.16,6.63,364.43,295.96,,KEE,295.96,278,KTGYLE,Basis-002,7.43,0.8,0.42,0.19,8.46
XA,2025-12-26,INT,FN-395,XAFN-101,JKSSZV,JKS-SZV,1891567344671,,JKS-SZV,Class 4,TYPE-D,,Agent C2,Payment B,2025-12-30,Category B,CCY-3,N,278.98,50.07,49.72,18.33,18.2,10.24,10.17,339.09,336.73,,JKS,336.73,734,9I3EVJ,Basis-002/BG,7.97,1.42,0.52,0.29,9.62
XA,2025-12-18,INT,FN-508,XAFN-395,QFXRZP,QFX-RZP,5739083521189,,QFX-RZP,Class 1,TYPE-C,,Agent B1,Payment A,2025-12-12,Category C,CCY-1,N,209.37,36.85,31.13,2.36,1.99,8.55,7.22,278.47,235.27,,QFX,235.27,2468,0SSW74,Basis-003,5.98,0.89,0.06,0.21,6.72
XA,2025-12-27,INT,FN-394,XAFN-132,TDXRZP,TDX-RZP,9582819022179,,TDX-RZP,Class 8,TYPE-A,,Agent A2,Payment B,2025-12-04,Category B,CCY-2,N,130.32,15.08,17.35,18.12,20.85,3.18,3.66,143.26,164.86,,TDX,164.86,871,Q71T6J,Basis-002,3.72,0.5,0.6,0.1,4.71
XA,2025-12-17,DOM,FN-133,XAFN-395,KLCQFX,KLC-QFX,1123038856811,Category C,KLC-QFX,Class 4,TYPE-D,,Agent C1,Payment A,2025-11-18,Category C,CCY-4,Y,135.93,27.71,31.85,11.1,12.76,2.93,3.37,154.12,177.17,,KLC,177.17,385,0W78ZW,Basis-001/BG,3.88,0.91,0.36,0.1,5.06
XA,2025-12-14,DOM,FN-133,XAFN-508,JYNUBR,JYN-UBR,3351588070532,,JYN-UBR,Class 1,TYPE-A,,Agent C2,Payment C,2025-11-08,Category A,CCY-3,Y,153.49,54.13,55.43,6.73,6.89,2.36,2.42,208.37,213.39,,JYN,213.39,4988,CI4EUR,Basis-001/BG,4.39,1.58,0.2,0.07,6.1
XA,2025-12-17,INT,FN-132,XAFN-395,JKSLNR,JKS-LNR,1810450243736,,JKS-LNR,Class 4,TYPE-C,,Agent C2,Payment C,2025-12-02,Category B,CCY-4,N,165.57,22.9,18.86,4.13,3.4,0.42,0.35,227.63,187.48,,JKS,187.48,3493,FPHMZO,Basis-001/BG,4.73,0.54,0.1,0.01,5.36
XA,2025-12-28,DOM,FN-133,XAFN-105,JKSYML,JKS-YML,5473156639792,Category D,JKS-YML,Class 1,TYPE-C,,Agent A1,Payment A,2025-11-25,Category C,CCY-1,Y,101.06,28.92,29.44,7.71,7.85,3.11,3.17,132.81,135.18,,JKS,135.18,3418,8WX46Q,Basis-001/BG,2.89,0.84,0.22,0.09,3.86
XA,2025-12-14,INT,FN-101,XAFN-132,KEESZV,KEE-SZV,3428164416101,,KEE-SZV,Class 3,TYPE-C,,Agent C2,Payment A,2025-11-22,Category C,CCY-4,N,94.61,8.41,8.91,9.04,9.58,4.45,4.72,102.24,108.38,,KEE,108.38,2375,BNEGUA,Basis-002/BG,2.7,0.25,0.27,0.13,3.1
XA,2025-12-30,DOM,FN-395,XAFN-105,KEEQFX,KEE-QFX,4447189395309,,KEE-QFX,Class 3,TYPE-A,,Agent B2,Payment B,2025-11-26,Category C,CCY-4,Y,29.62,42.73,41.4,10.74,10.41,0.64,0.62,83.4,80.81,,KEE,80.81,4866,GS1KWQ,Basis-002,0.85,1.18,0.3,0.02,2.31
XA,2025-12-18,INT,FN-394,XAFN-117,KLCRZP,KLC-RZP,7174306881164,,KLC-RZP,Class 2,TYPE-B,,Agent B1,Payment A,2025-12-08,Category A,CCY-2,N,33.4,22.91,25.36,5.64,6.24,1.26,1.39,57.47,63.61,,KLC,63.61,1883,TP08II,Basis-002/BG,0.95,0.72,0.18,0.04,1.82
XA,2025-12-23,INT,FN-101,XAFN-508,KLCHGV,KLC-HGV,0915386028262,Category D,KLC-HGV,Class 8,TYPE-C,,Agent A2,Payment A,2025-12-30,Category C,CCY-1,Y,175.53,59.82,50.11,0.74,0.62,8.69,7.28,261.4,218.98,,KLC,218.98,1595,5IDBXQ,Basis-001/BG,5.02,1.43,0.02,0.21,6.26
XA,2025-12-16,DOM,FN-508,XAFN-118,QFXKLC,QFX-KLC,1932453810979,Category D,QFX-KLC,Class 5,TYPE-A,,Agent C2,Payment A,2025-11-10,Category C,CCY-1,N,159.2,25.49,27.6,12.34,13.36,0.15,0.16,184.69,200.0,,QFX,200.0,430,V0R095,Basis-003,4.55,0.79,0.38,0.0,5.71
XA,2025-12-10,INT,FN-117,XAFN-117,YMLGNP,YML-GNP,4043261189003,Category D,YML-GNP,Class 3,TYPE-D,,Agent C1,Payment B,2025-11-07,Category D,CCY-3,Y,167.06,18.75,18.72,8.41,8.4,0.65,0.65,193.84,193.53,,YML,193.53,611,RFOZG7,Basis-001/BG,4.77,0.53,0.24,0.02,5.53
XA,2025-12-24,DOM,FN-117,XAFN-105,KEETDX,KEE-TDX,9536890057795,,KEE-TDX,Class 6,TYPE-A,,Agent A1,Payment B,2025-11-16,Category B,CCY-2,N,86.32,41.16,46.14,9.02,10.11,1.51,1.69,125.67,140.88,,KEE,140.88,4812,8AQWD1,Basis-001,2.47,1.32,0.29,0.05,4.03
XA,2025-12-19,INT,FN-101,XAFN-395,KSNGNP,KSN-GNP,7167221045461,,KSN-GNP,Class 2,TYPE-A,,Agent C1,Payment A,2025-12-06,Category A,CCY-1,N,302.1,25.85,29.09,5.74,6.46,2.74,3.08,297.34,334.57,,KSN,334.57,251,QLO9FI,Basis-002,8.63,0.83,0.18,0.09,9.56
XA,2025-12-13,INT,FN-101,XAFN-117,UBRDPQ,UBR-DPQ,5239412094477,Category C,UBR-DPQ,Class 3,TYPE-D,,Agent C1,Payment A,2025-11-14,Category B,CCY-2,N,28.9,3.52,2.95,2.48,2.08,0.62,0.52,39.91,33.41,,UBR,33.41,3092,LIEOXV,Basis-002,0.83,0.08,0.06,0.01,0.95
XA,2025-12-18,DOM,FN-132,XAFN-105,NABKSN,NAB-KSN,6021191589126,,NAB-KSN,Class 5,TYPE-C,,Agent C2,Payment C,2025-12-22,Category D,CCY-3,N,171.37,39.88,37.63,2.21,2.09,7.51,7.09,216.19,204.0,,NAB,204.0,4123,U26SPH,Basis-002/BG,4.9,1.08,0.06,0.2,5.83
XA,2025-12-17,DOM,FN-119,XAFN-394,KEEUMK,KEE-UMK,8191907499216,Category D,KEE-UMK,Class 9,TYPE-A,,Agent A1,Payment B,2025-12-07,Category B,CCY-3,N,221.6,25.18,22.75,11.88,10.73,3.83,3.46,278.49,251.62,,KEE,251.62,1247,429KJP,Basis-002/BG,6.33,0.65,0.31,0.1,7.19
XA,2025-12-11,DOM,FN-118,XAFN-133,UMKKSN,UMK-KSN,2202123720550,Category C,UMK-KSN,Class 2,TYPE-B,,Agent A1,Payment A,2025-11-02,Category A,CCY-2,N,278.98,42.97,43.45,8.56,8.66,7.92,8.01,319.53,323.08,,UMK,323.08,2237,209QVW,Basis-001,7.97,1.24,0.25,0.23,9.23
XA,2025-12-31,DOM,FN-105,XAFN-133,FUGQFX,FUG-QFX,9232737989790,,FUG-QFX,Class 2,TYPE-A,,Agent C1,Payment C,2025-11-22,Category C,CCY-4,Y,78.7,2.82,2.28,7.91,6.4,3.88,3.14,104.1,84.24,,FUG,84.24,4686,P9NBAV,Basis-003,2.25,0.07,0.18,0.09,2.41
XA,2025-12-27,INT,FN-119,XAFN-394,NABVQR,NAB-VQR,1181519854582,Category D,NAB-VQR,Class 4,TYPE-B,,Agent A1,Payment A,2025-12-11,Category C,CCY-4,Y,133.11,18.11,15.19,11.14,9.34,0.94,0.79,187.01,156.85,,NAB,156.85,760,NLIOBL,Basis-003,3.8,0.43,0.27,0.02,4.48
XA,2025-12-02,INT,FN-105,XAFN-101,QFXSUQ,QFX-SUQ,8240281822387,Category D,QFX-SUQ,Class 5,TYPE-A,,Agent A2,Payment B,2025-11-10,Category A,CCY-4,N,156.15,30.99,26.63,7.86,6.75,3.92,3.37,216.64,186.16,,QFX,186.16,4302,5RY6Q2,Basis-002,4.46,0.76,0.19,0.1,5.32
XA,2025-12-01,DOM,FN-118,XAFN-105,DRWQFX,DRW-QFX,2918285181612,Category D,DRW-QFX,Class 3,TYPE-C,,Agent C1,Payment A,2025-11-19,Category D,CCY-2,Y,163.49,37.31,36.63,4.63,4.55,2.87,2.82,205.6,201.85,,DRW,201.85,459,CVHJOB,Basis-001/BG,4.67,1.05,0.13,0.08,5.77
XA,2025-12-24,DOM,FN-117,XAFN-119,UMKKSN,UMK-KSN,2961512048507,,UMK-KSN,Class 8,TYPE-D,,Agent B1,Payment A,2025-12-23,Category C,CCY-1,N,262.87,26.18,28.52,9.26,10.09,0.36,0.39,276.39,301.09,,UMK,301.09,3327,08KGFP,Basis-001/BG,7.51,0.81,0.29,0.01,8.6
XA,2025-12-01,INT,FN-132,XAFN-394,DRWSZV,DRW-SZV,3472435861768,Category C,DRW-SZV,Class 1,TYPE-B,,Agent B1,Payment A,2025-12-18,Category B,CCY-1,N,206.66,35.9,33.5,15.83,14.77,6.89,6.43,266.3,248.5,,DRW,248.5,1701,O9S4ZN,Basis-002,5.9,0.96,0.42,0.18,7.1
XA,2025-12-20,INT,FN-394,XAFN-133,KSNSZV,KSN-SZV,8784947712903,Category D,KSN-SZV,Class 3,TYPE-A,,Agent A1,Payment B,2025-12-30,Category A,CCY-3,N,172.97,17.6,20.81,9.99,11.81,7.2,8.51,166.66,197.08,,KSN,197.08,4300,U99ELJ,Basis-001/BG,4.94,0.59,0.34,0.24,5.63
XA,2025-12-05,INT,FN-105,XAFN-132,KEEMBT,KEE-MBT,6495254920644,,KEE-MBT,Class 7,TYPE-A,,Agent A1,Payment C,2025-12-16,Category D,CCY-4,Y,58.5,26.83,31.63,8.34,9.83,1.36,1.6,83.43,98.36,,KEE,98.36,4678,TTQAYI,Basis-001/BG,1.67,0.9,0.28,0.05,2.81
XA,2025-12-09,INT,FN-508,XAFN-133,NABSUQ,NAB-SUQ,8066405110212,Category D,NAB-SUQ,Class 5,TYPE-C,,Agent A2,Payment C,2025-12-18,Category C,CCY-2,Y,133.35,27.76,28.07,0.58,0.59,4.78,4.83,155.42,157.18,,NAB,157.18,1727,IBZBW8,Basis-002/BG,3.81,0.8,0.02,0.14,4.49
XA,2025-12-28,DOM,FN-395,XAFN-133,UBRYML,UBR-YML,0032031978999,,UBR-YML,Class 8,TYPE-A,,Agent A1,Payment B,2025-11-03,Category A,CCY-2,Y,106.1,28.75,31.39,9.89,10.8,0.49,0.53,135.31,147.76,,UBR,147.76,2639,7REDY0,Basis-003,3.03,0.9,0.31,0.02,4.22
XA,2025-12-29,INT,FN-133,XAFN-117,KLCKUV,KLC-KUV,5908419478550,,KLC-KUV,Class 9,TYPE-A,,Agent A2,Payment B,2025-11-22,Category B,CCY-4,N,67.79,44.55,48.99,5.16,5.67,0.14,0.15,111.21,122.3,,KLC,122.3,4542,FERFT5,Basis-002/BG,1.94,1.4,0.16,0.0,3.49
XA,2025-12-31,DOM,FN-133,XAFN-105,JYNKSN,JYN-KSN,6088197223996,Category D,JYN-KSN,Class 8,TYPE-D,,Agent B2,Payment A,2025-12-05,Category B,CCY-1,N,227.56,36.88,36.41,6.86,6.77,8.25,8.14,266.01,262.6,,JYN,262.6,2975,4B5UD6,Basis-001/BG,6.5,1.04,0.19,0.23,7.5
XA,2025-12-17,INT,FN-101,XAFN-101,UMKZYR,UMK-ZYR,2443236221690,,UMK-ZYR,Class 9,TYPE-D,,Agent C1,Payment B,2025-12-25,Category D,CCY-3,N,292.02,12.27,12.1,14.8,14.6,11.61,11.45,311.57,307.27,,UMK,307.27,3463,XA2YMP,Basis-001,8.34,0.35,0.42,0.33,8.78
XA,2025-12-27,DOM,FN-133,XAFN-118,TDXJKS,TDX-JKS,2610703350842,Category D,TDX-JKS,Class 3,TYPE-B,,Agent C2,Payment C,2025-12-15,Category A,CCY-1,Y,230.05,18.22,19.94,15.5,16.96,3.38,3.7,240.56,263.25,,TDX,263.25,4934,ETKCAK,Basis-001,6.57,0.57,0.48,0.11,7.52
XA,2025-12-05,INT,FN-105,XAFN-132,TDXDPQ,TDX-DPQ,1675864633953,Category D,TDX-DPQ,Class 2,TYPE-A,,Agent A1,Payment A,2025-11-21,Category A,CCY-1,Y,130.0,38.51,34.33,12.68,11.3,2.31,2.06,194.7,173.57,,TDX,173.57,2462,6P1FS3,Basis-002/BG,3.71,0.98,0.32,0.06,4.96
XA,2025-12-28,DOM,FN-105,XAFN-117,JKSJYN,JKS-JYN,8177512395978,,JKS-JYN,Class 4,TYPE-C,,Agent B1,Payment B,2025-11-10,Category D,CCY-3,Y,139.26,38.12,42.16,12.63,13.97,2.02,2.23,174.65,193.16,,JKS,193.16,3983,F0AKK1,Basis-002,3.98,1.2,0.4,0.06,5.52
XA,2025-12-15,INT,FN-105,XAFN-101,DRWDPQ,DRW-DPQ,7308715647837,,DRW-DPQ,Class 8,TYPE-B,,Agent A1,Payment B,2025-11-21,Category C,CCY-4,Y,10.12,52.55,49.57,1.79,1.69,0.07,0.07,65.0,61.31,,DRW,61.31,4542,AGP34S,Basis-002,0.29,1.42,0.05,0.0,1.75
XA,2025-12-09,INT,FN-133,XAFN-395,NABGNP,NAB-GNP,6272884076642,,NAB-GNP,Class 7,TYPE-D,,Agent C2,Payment B,2025-12-14,Category B,CCY-1,Y,232.6,53.96,46.9,5.24,4.55,2.16,1.88,324.67,282.17,,NAB,282.17,4117,84Z7HT,Basis-002/BG,6.65,1.34,0.13,0.05,8.06
XA,2025-12-17,INT,FN-133,XAFN-395,DRWMFP,DRW-MFP,7906048869320,Category D,DRW-MFP,Class 3,TYPE-C,,Agent A2,Payment B,2025-11-01,Category C,CCY-3,Y,117.13,15.12,13.41,10.07,8.93,3.99,3.54,153.22,135.93,,DRW,135.93,4499,7VFHPD,Basis-002,3.35,0.38,0.26,0.1,3.88
XA,2025-12-11,INT,FN-133,XAFN-394,DRWMBT,DRW-MBT,0789775542619,,DRW-MBT,Class 1,TYPE-B,,Agent C1,Payment B,2025-11-10,Category B,CCY-3,N,125.36,39.24,41.69,15.58,16.55,1.13,1.2,171.67,182.4,,DRW,182.4,1920,40E0GZ,Basis-001/BG,3.58,1.19,0.47,0.03,5.21
XA,2025-12-21,DOM,FN-394,XAFN-133,JYNFUG,JYN-FUG,9171620429851,Category D,JYN-FUG,Class 2,TYPE-C,,Agent C1,Payment B,2025-12-07,Category B,CCY-1,Y,261.65,19.05,21.57,7.91,8.95,9.66,10.94,248.42,281.23,,JYN,281.23,3270,GDPUH4,Basis-001/BG,7.48,0.62,0.26,0.31,8.04
XA,2025-12-09,DOM,FN-117,XAFN-133,KEEKSN,KEE-KSN,4710680177031,,KEE-KSN,Class 7,TYPE-B,,Agent B2,Payment A,2025-12-27,Category C,CCY-1,Y,15.32,15.03,17.91,12.44,14.82,0.06,0.07,40.26,47.98,,KEE,47.98,469,KHG4G7,Basis-002/BG,0.44,0.51,0.42,0.0,1.37
XA,2025-12-14,DOM,FN-119,XAFN-395,UBRFUG,UBR-FUG,0839065402599,Category D,UBR-FUG,Class 8,TYPE-A,,Agent C2,Payment C,2025-11-15,Category B,CCY-2,Y,279.25,10.31,11.48,6.33,7.04,7.06,7.86,260.47,289.91,,UBR,289.91,3984,Z9RTD6,Basis-001,7.98,0.33,0.2,0.22,8.28
XA,2025-12-14,INT,FN-101,XAFN-117,YMLRZP,YML-RZP,6676527284539,,YML-RZP,Class 1,TYPE-C,,Agent C1,Payment C,2025-12-11,Category C,CCY-3,Y,147.89,33.36,34.2,5.8,5.95,7.03,7.21,176.37,180.83,,YML,180.83,3908,0STKA0,Basis-002,4.23,0.98,0.17,0.21,5.17
XA,2025-12-23,INT,FN-105,XAFN-508,UBRSZV,UBR-SZV,2902215439044,,UBR-SZV,Class 1,TYPE-B,,Agent A2,Payment A,2025-11-23,Category B,CCY-2,Y,183.92,28.47,22.89,12.35,9.93,0.51,0.41,269.04,216.33,,UBR,216.33,1889,G8ICFN,Basis-002,5.25,0.65,0.28,0.01,6.18
XA,2025-12-26,INT,FN-101,XAFN-119,UBRZYR,UBR-ZYR,6988843933324,Category C,UBR-ZYR,Class 2,TYPE-D,,Agent A2,Payment C,2025-11-28,Category B,CCY-2,Y,193.7,32.95,30.1,8.56,7.82,10.49,9.58,243.07,222.04,,UBR,222.04,4602,AU09IE,Basis-002,5.53,0.86,0.22,0.27,6.34
XA,2025-12-13,INT,FN-132,XAFN-508,FUGGNP,FUG-GNP,9920123763177,Category D,FUG-GNP,Class 1,TYPE-C,,Agent B1,Payment A,2025-11-05,Category A,CCY-4,N,141.23,26.05,28.67,7.41,8.15,5.01,5.51,156.78,172.54,,FUG,172.54,1693,V5XU6M,Basis-001,4.04,0.82,0.23,0.16,4.93
XA,2025-12-12,DOM,FN-119,XAFN-133,KSNDRW,KSN-DRW,2647528646120,,KSN-DRW,Class 8,TYPE-A,,Agent B2,Payment A,2025-11-02,Category A,CCY-1,Y,129.3,64.27,53.98,15.24,12.8,5.41,4.54,228.04,191.54,,KSN,191.54,4566,6LECFD,Basis-002,3.69,1.54,0.37,0.13,5.47
XA,2025-12-24,DOM,FN-117,XAFN-105,UBRJKS,UBR-JKS,9143087797247,Category C,UBR-JKS,Class 6,TYPE-C,,Agent C2,Payment C,2025-11-17,Category B,CCY-1,Y,126.36,44.53,40.45,9.17,8.33,2.21,2.01,190.6,173.13,,UBR,173.13,965,SI3WYZ,Basis-003,3.61,1.16,0.24,0.06,4.95
XA,2025-12-02,DOM,FN-133,XAFN-394,TDXKSN,TDX-KSN,6933329986515,,TDX-KSN,Class 1,TYPE-B,,Agent B1,Payment B,2025-12-16,Category C,CCY-3,N,243.85,35.78,35.54,9.52,9.46,9.47,9.41,281.34,279.44,,TDX,279.44,2452,CSW2MS,Basis-001/BG,6.97,1.02,0.27,0.27,7.98
XA,2025-12-01,DOM,FN-395,XAFN-118,KLCJKS,KLC-JKS,6729254355196,Category C,KLC-JKS,Class 7,TYPE-B,,Agent A2,Payment A,2025-12-26,Category C,CCY-4,Y,185.82,5.77,6.44,3.92,4.37,1.12,1.25,175.16,195.38,,KLC,195.38,1070,TM27O1,Basis-002,5.31,0.18,0.12,0.04,5.58
XA,2025-12-06,INT,FN-101,XAFN-105,KSNKHV,KSN-KHV,2234149929009,,KSN-KHV,Class 7,TYPE-D,,Agent A2,Payment C,2025-11-29,Category A,CCY-2,Y,54.49,35.68,32.14,20.72,18.66,1.78,1.6,115.11,103.69,,KSN,103.69,3557,OJ3M48,Basis-002,1.56,0.92,0.53,0.05,2.96
XA,2025-12-01,INT,FN-119,XAFN-508,YMLGNP,YML-GNP,1019335389222,Category D,YML-GNP,Class 2,TYPE-D,,Agent A1,Payment A,2025-12-31,Category B,CCY-4,N,328.5,37.37,39.57,11.81,12.5,12.97,13.73,346.47,366.84,,YML,366.84,247,ZPATQX,Basis-002,9.39,1.13,0.36,0.39,10.48
XA,2025-12-14,INT,FN-117,XAFN-133,QFXTPX,QFX-TPX,4385009537234,,QFX-TPX,Class 2,TYPE-A,,Agent B2,Payment B,2025-12-13,Category B,CCY-4,Y,5.92,26.6,21.86,7.37,6.06,0.3,0.25,40.87,33.59,,QFX,33.59,1111,H5HOA7,Basis-003,0.17,0.62,0.17,0.01,0.96
XA,2025-12-23,INT,FN-105,XAFN-133,QFXMFP,QFX-MFP,5441372776857,,QFX-MFP,Class 2,TYPE-A,,Agent B2,Payment C,2025-11-14,Category C,CCY-4,N,100.33,23.38,27.48,6.5,7.64,1.28,1.5,113.95,133.95,,QFX,133.95,1675,WBJPCL,Basis-002,2.87,0.79,0.22,0.04,3.83
XA,2025-12-16,DOM,FN-508,XAFN-508,UMKUBR,UMK-UBR,9324202483744,Category D,UMK-UBR,Class 8,TYPE-A,,Agent B2,Payment A,2025-11-15,Category C,CCY-1,N,8.34,36.34,41.22,4.09,4.64,0.37,0.42,47.41,53.78,,UMK,53.78,3709,22SNJU,Basis-001,0.24,1.18,0.13,0.01,1.54
XA,2025-12-25,DOM,FN-117,XAFN-133,JKSQFX,JKS-QFX,8904723864100,Category D,JKS-QFX,Class 9,TYPE-B,,Agent C1,Payment B,2025-12-11,Category C,CCY-3,N,169.14,64.23,61.11,5.68,5.4,6.62,6.3,241.07,229.35,,JKS,229.35,2394,GOKLVA,Basis-001,4.83,1.75,0.15,0.18,6.55
XA,2025-12-16,DOM,FN-133,XAFN-105,JYNUMK,JYN-UMK,4378844370661,,JYN-UMK,Class 2,TYPE-C,,Agent B2,Payment B,2025-12-28,Category D,CCY-3,N,52.42,31.36,25.71,18.9,15.5,2.15,1.76,112.04,91.87,,JYN,91.87,1276,YNIT38,Basis-001,1.5,0.73,0.44,0.05,2.62
XA,2025-12-19,INT,FN-101,XAFN-101,NABMBT,NAB-MBT,2772910845078,,NAB-MBT,Class 2,TYPE-A,,Agent B1,Payment A,2025-11-24,Category D,CCY-3,N,306.67,10.52,11.56,11.36,12.48,11.4,12.52,289.63,318.19,,NAB,318.19,472,MBZP6V,Basis-001/BG,8.76,0.33,0.36,0.36,9.09
XA,2025-12-13,DOM,FN-394,XAFN-105,KEEDRW,KEE-DRW,8222667941908,,KEE-DRW,Class 8,TYPE-D,,Agent B1,Payment A,2025-12-03,Category C,CCY-4,Y,112.78,35.12,28.41,28.71,23.22,4.64,3.75,198.62,160.66,,KEE,160.66,3372,QHOK3Z,Basis-003,3.22,0.81,0.66,0.11,4.59
XA,2025-12-21,INT,FN-118,XAFN-508,DRWZYR,DRW-ZYR,2217048618670,,DRW-ZYR,Class 6,TYPE-D,,Agent A2,Payment A,2025-12-24,Category A,CCY-3,Y,29.76,29.72,33.81,10.85,12.34,1.11,1.26,65.62,74.65,,DRW,74.65,3494,1U86AG,Basis-003,0.85,0.97,0.35,0.04,2.13
XA,2025-12-14,DOM,FN-132,XAFN-119,KLCUMK,KLC-UMK,3717086494269,Category D,KLC-UMK,Class 2,TYPE-B,,Agent A1,Payment A,2025-12-16,Category B,CCY-2,Y,236.86,30.71,31.47,11.26,11.54,5.67,5.81,267.44,274.06,,KLC,274.06,2144,8K9VAK,Basis-003,6.77,0.9,0.33,0.17,7.83
XA,2025-12-18,INT,FN-394,XAFN-119,JYNZYR,JYN-ZYR,0549824388430,Category C,JYN-ZYR,Class 7,TYPE-A,,Agent B2,Payment C,2025-12-05,Category A,CCY-2,N,118.67,36.37,34.04,8.85,8.28,0.41,0.38,171.59,160.61,,JYN,160.61,4062,S7NNXX,Basis-001,3.39,0.97,0.24,0.01,4.59
XA,2025-12-29,INT,FN-508,XAFN-117,NABKHV,NAB-KHV,8150370170926,Category D,NAB-KHV,Class 1,TYPE-A,,Agent B2,Payment A,2025-11-14,Category A,CCY-1,Y,199.73,21.45,24.46,10.43,11.89,3.32,3.79,203.7,232.29,,NAB,232.29,4440,X54QOT,Basis-003,5.71,0.7,0.34,0.11,6.64
XA,2025-12-31,INT,FN-101,XAFN-101,UMKGNP,UMK-GNP,7288959274116,,UMK-GNP,Class 5,TYPE-D,,Agent C1,Payment C,2025-11-08,Category D,CCY-3,Y,147.66,50.39,46.89,10.47,9.74,6.68,6.22,212.86,198.07,,UMK,198.07,1604,2OEUT4,Basis-001/BG,4.22,1.34,0.28,0.18,5.66
XA,2025-12-09,DOM,FN-118,XAFN-118,JYNKEE,JYN-KEE,3596245870120,Category D,JYN-KEE,Class 3,TYPE-B,,Agent B1,Payment A,2025-12-13,Category C,CCY-4,Y,8.16,42.16,48.93,4.71,5.47,0.07,0.08,53.84,62.48,,JYN,62.48,3540,VV7FIN,Basis-001,0.23,1.4,0.16,0.0,1.79
XA,2025-12-02,DOM,FN-119,XAFN-508,UMKQFX,UMK-QFX,6702436524055,Category C,UMK-QFX,Class 8,TYPE-D,,Agent B1,Payment C,2025-12-19,Category A,CCY-4,N,97.7,18.0,21.07,14.41,16.87,3.43,4.02,112.42,131.62,,UMK,131.62,3208,2KAIOZ,Basis-003,2.79,0.6,0.48,0.11,3.76
XA,2025-12-31,DOM,FN-133,XAFN-133,FUGJKS,FUG-JKS,2323606679986,Category D,FUG-JKS,Class 8,TYPE-A,,Agent A2,Payment B,2025-12-08,Category C,CCY-4,N,20.85,81.32,77.07,16.12,15.28,0.27,0.26,119.16,112.94,,FUG,112.94,1626,EBJVNF,Basis-002/BG,0.6,2.2,0.44,0.01,3.23
XA,2025-12-30,DOM,FN-508,XAFN-508,KEEDRW,KEE-DRW,6235699929983,Category C,KEE-DRW,Class 7,TYPE-C,,Agent C1,Payment C,2025-12-01,Category D,CCY-4,N,167.86,29.73,29.18,11.65,11.43,0.62,0.61,211.78,207.86,,KEE,207.86,4258,QG6PKI,Basis-003,4.8,0.83,0.33,0.02,5.94
XA,2025-12-17,DOM,FN-119,XAFN-508,KEEUMK,KEE-UMK,1226000144076,Category C,KEE-UMK,Class 5,TYPE-A,,Agent B1,Payment C,2025-12-12,Category B,CCY-2,Y,191.69,45.09,39.68,14.52,12.78,1.05,0.92,276.38,243.23,,KEE,243.23,2528,0UHEH3,Basis-002/BG,5.48,1.13,0.37,0.03,6.95
XA,2025-12-18,INT,FN-133,XAFN-132,KSNKUV,KSN-KUV,6422405920823,Category D,KSN-KUV,Class 9,TYPE-B,,Agent A1,Payment C,2025-12-30,Category D,CCY-4,N,157.17,26.09,27.04,8.91,9.24,1.0,1.04,185.62,192.41,,KSN,192.41,3707,V2WJ6O,Basis-003,4.49,0.77,0.26,0.03,5.5
XA,2025-12-22,DOM,FN-132,XAFN-119,NABJKS,NAB-JKS,0796618695724,,NAB-JKS,Class 7,TYPE-C,,Agent A2,Payment B,2025-12-02,Category C,CCY-2,Y,134.41,56.36,47.01,15.55,12.97,7.09,5.91,225.98,188.48,,NAB,188.48,1538,L8XRW4,Basis-001,3.84,1.34,0.37,0.17,5.39
XA,2025-12-16,DOM,FN-132,XAFN-101,KEEJYN,KEE-JYN,3619202599919,Category C,KEE-JYN,Class 8,TYPE-D,,Agent A2,Payment A,2025-11-30,Category A,CCY-4,Y,85.23,45.91,39.84,12.64,10.97,0.97,0.84,155.79,135.2,,KEE,135.2,2643,034L4K,Basis-003,2.44,1.14,0.31,0.02,3.86
XA,2025-12-18,DOM,FN-133,XAFN-117,KLCQFX,KLC-QFX,3510765191708,Category D,KLC-QFX,Class 8,TYPE-A,,Agent B2,Payment C,2025-11-16,Category B,CCY-4,N,148.5,21.97,24.17,14.2,15.62,0.17,0.19,171.01,188.1,,KLC,188.1,842,JN8B3U,Basis-002,4.24,0.69,0.45,0.01,5.37
XA,2025-12-11,DOM,FN-394,XAFN-118,JKSUBR,JKS-UBR,4965391607700,Category D,JKS-UBR,Class 9,TYPE-A,,Agent C1,Payment A,2025-12-28,Category A,CCY-1,N,225.8,16.39,18.41,10.72,12.04,7.33,8.23,220.83,248.02,,JKS,248.02,2812,6EJA1V,Basis-003,6.45,0.53,0.34,0.24,7.09
XA,2025-12-13,DOM,FN-117,XAFN-101,KSNFUG,KSN-FUG,3858864078802,,KSN-FUG,Class 9,TYPE-C,,Agent A2,Payment C,2025-12-15,Category C,CCY-1,Y,72.27,8.99,9.31,6.63,6.87,2.38,2.46,83.05,85.99,,KSN,85.99,3330,KPV50M,Basis-002/BG,2.06,0.27,0.2,0.07,2.46
XA,2025-12-17,DOM,FN-395,XAFN-101,YMLKEE,YML-KEE,6708987092019,,YML-KEE,Class 4,TYPE-C,,Agent A2,Payment A,2025-11-06,Category B,CCY-4,Y,218.99,38.86,44.3,11.03,12.57,2.88,3.28,239.1,272.58,,YML,272.58,3393,NDTTUM,Basis-002/BG,6.26,1.27,0.36,0.09,7.79
XA,2025-12-10,DOM,FN-394,XAFN-117,KSNNAB,KSN-NAB,2053970774544,,KSN-NAB,Class 2,TYPE-A,,Agent C1,Payment C,2025-12-28,Category B,CCY-1,Y,208.01,39.26,37.74,7.06,6.79,6.43,6.18,256.27,246.36,,KSN,246.36,854,PCOCWM,Basis-001/BG,5.94,1.08,0.19,0.18,7.04
XA,2025-12-14,INT,FN-117,XAFN-119,DRWDPQ,DRW-DPQ,5960530261840,Category C,DRW-DPQ,Class 8,TYPE-C,,Agent B2,Payment C,2025-12-29,Category D,CCY-4,Y,184.55,49.26,42.01,16.14,13.77,10.8,9.21,270.98,231.12,,DRW,231.12,1970,6SB7BI,Basis-002/BG,5.27,1.2,0.39,0.26,6.6
XA,2025-12-29,INT,FN-105,XAFN-133,YMLTPX,YML-TPX,4098910390912,,YML-TPX,Class 1,TYPE-B,,Agent C2,Payment A,2025-11-10,Category C,CCY-3,Y,245.11,37.19,40.62,10.77,11.76,0.49,0.54,271.84,296.95,,YML,296.95,390,VMY1QN,Basis-002/BG,7.0,1.16,0.34,0.02,8.48
XA,2025-12-20,INT,FN-395,XAFN-133,YMLSZV,YML-SZV,0275745449205,Category D,YML-SZV,Class 2,TYPE-C,,Agent C2,Payment B,2025-12-30,Category C,CCY-2,Y,235.61,36.25,29.6,6.84,5.59,13.98,11.42,317.61,259.38,,YML,259.38,4409,DUWETO,Basis-002,6.73,0.85,0.16,0.33,7.41
XA,2025-12-06,DOM,FN-508,XAFN-132,QFXUBR,QFX-UBR,2179705660361,,QFX-UBR,Class 6,TYPE-B,,Agent B1,Payment C,2025-11-28,Category A,CCY-4,N,136.95,21.83,18.83,7.67,6.62,7.78,6.71,180.46,155.69,,QFX,155.69,285,K5FP7A,Basis-001/BG,3.91,0.54,0.19,0.19,4.45
XA,2025-12-07,INT,FN-101,XAFN-105,KLCLNR,KLC-LNR,7316715605879,,KLC-LNR,Class 6,TYPE-C,,Agent A2,Payment A,2025-11-17,Category C,CCY-3,Y,138.44,19.07,18.11,8.91,8.46,0.2,0.19,173.53,164.82,,KLC,164.82,1913,ILPJZ8,Basis-002,3.96,0.52,0.24,0.01,4.71
XA,2025-12-15,DOM,FN-105,XAFN-508,FUGNAB,FUG-NAB,1898664693656,,FUG-NAB,Class 6,TYPE-B,,Agent A2,Payment B,2025-12-16,Category D,CCY-4,N,1.49,35.79,33.2,10.79,10.01,0.04,0.04,48.14,44.66,,FUG,44.66,4783,QTAYBG,Basis-001/BG,0.04,0.95,0.29,0.0,1.28
XA,2025-12-21,INT,FN-105,XAFN-508,UBRHGV,UBR-HGV,2209567333297,Category C,UBR-HGV,Class 2,TYPE-B,,Agent A2,Payment C,2025-12-26,Category D,CCY-3,N,84.63,49.71,39.89,18.31,14.69,1.28,1.03,172.21,138.18,,UBR,138.18,2322,B57L13,Basis-002/BG,2.42,1.14,0.42,0.03,3.95
XA,2025-12-08,INT,FN-508,XAFN-117,TDXSZV,TDX-SZV,3852023209140,,TDX-SZV,Class 3,TYPE-D,,Agent C1,Payment A,2025-11-15,Category B,CCY-3,N,21.4,18.76,18.56,6.22,6.15,0.18,0.18,46.42,45.93,,TDX,45.93,2603,E8RCVF,Basis-003,0.61,0.53,0.18,0.01,1.31
XA,2025-12-11,DOM,FN-118,XAFN-132,KLCNAB,KLC-NAB,2607569991383,,KLC-NAB,Class 8,TYPE-A,,Agent A1,Payment C,2025-12-24,Category D,CCY-3,N,74.81,37.07,42.44,7.89,9.03,2.68,3.07,107.63,123.21,,KLC,123.21,2214,HF1PW2,Basis-001/BG,2.14,1.21,0.26,0.09,3.52
XA,2025-12-29,INT,FN-395,XAFN-101,JYNHGV,JYN-HGV,6647070385036,,JYN-HGV,Class 8,TYPE-C,,Agent C1,Payment B,2025-11-11,Category C,CCY-2,Y,128.84,0.07,0.06,15.88,13.18,1.58,1.31,169.57,140.77,,JYN,140.77,2556,D3X2KB,Basis-002/BG,3.68,0.0,0.38,0.04,4.02
XA,2025-12-06,INT,FN-133,XAFN-394,KEEKUV,KEE-KUV,6259062003638,Category D,KEE-KUV,Class 7,TYPE-D,,Agent B1,Payment B,2025-12-17,Category A,CCY-4,N,50.86,32.64,30.9,12.03,11.39,2.1,1.99,96.29,91.16,,KEE,91.16,4899,QLRVD7,Basis-003,1.45,0.88,0.33,0.06,2.6
XA,2025-12-03,INT,FN-118,XAFN-508,PVSSUQ,PVS-SUQ,8609955049326,,PVS-SUQ,Class 9,TYPE-C,,Agent A2,Payment A,2025-11-09,Category B,CCY-3,N,258.85,9.98,10.37,4.91,5.1,10.49,10.9,253.47,263.42,,PVS,263.42,3321,DDZV7T,Basis-001,7.4,0.3,0.15,0.31,7.53
XA,2025-12-23,DOM,FN-105,XAFN-117,JKSTDX,JKS-TDX,7622398474225,,JKS-TDX,Class 5,TYPE-D,,Agent C2,Payment C,2025-12-15,Category D,CCY-3,Y,164.71,70.69,57.01,20.07,16.19,2.33,1.88,292.65,236.03,,JKS,236.03,4405,1S6EQX,Basis-002/BG,4.71,1.63,0.46,0.05,6.74
XA,2025-12-13,DOM,FN-105,XAFN-119,JKSNAB,JKS-NAB,4956479984605,,JKS-NAB,Class 9,TYPE-D,,Agent C1,Payment B,2025-12-07,Category D,CCY-3,Y,166.77,22.43,22.63,13.92,14.04,0.56,0.56,201.1,202.88,,JKS,202.88,4636,IAW7FO,Basis-001,4.76,0.65,0.4,0.02,5.8
XA,2025-12-05,DOM,FN-101,XAFN-105,UBRUMK,UBR-UMK,6555786457865,Category D,UBR-UMK,Class 1,TYPE-C,,Agent B2,Payment B,2025-11-07,Category B,CCY-2,N,72.12,38.95,37.15,13.14,12.53,1.57,1.5,126.14,120.3,,UBR,120.3,4052,PABSM2,Basis-002/BG,2.06,1.06,0.36,0.04,3.44
XA,2025-12-09,DOM,FN-132,XAFN-105,QFXNAB,QFX-NAB,2244418997402,Category C,QFX-NAB,Class 1,TYPE-B,,Agent C1,Payment B,2025-12-29,Category D,CCY-3,Y,234.82,74.91,71.39,12.55,11.96,0.88,0.84,332.96,317.33,,QFX,317.33,4398,14350Q,Basis-001/BG,6.71,2.04,0.34,0.02,9.07
XA,2025-12-21,INT,FN-133,XAFN-101,YMLZYR,YML-ZYR,2050898309413,Category D,YML-ZYR,Class 5,TYPE-A,,Agent C1,Payment B,2025-12-11,Category A,CCY-3,N,109.28,33.47,29.62,1.3,1.15,0.95,0.84,157.32,139.21,,YML,139.21,4171,5765EJ,Basis-001/BG,3.12,0.85,0.03,0.02,3.98
XA,2025-12-10,INT,FN-132,XAFN-101,FUGVQR,FUG-VQR,7356748095739,Category D,FUG-VQR,Class 6,TYPE-A,,Agent B1,Payment C,2025-12-24,Category A,CCY-4,Y,94.42,23.61,23.86,7.3,7.38,2.85,2.88,121.49,122.78,,FUG,122.78,3740,AZJF54,Basis-001/BG,2.7,0.68,0.21,0.08,3.51
XA,2025-12-28,DOM,FN-101,XAFN-394,JKSUMK,JKS-UMK,3420319777486,,JKS-UMK,Class 3,TYPE-C,,Agent C1,Payment B,2025-12-31,Category A,CCY-3,N,162.19,16.91,17.66,14.95,15.61,4.04,4.22,183.14,191.24,,JKS,191.24,746,SPJ6SF,Basis-001,4.63,0.5,0.45,0.12,5.46
XA,2025-12-09,DOM,FN-105,XAFN-508,UBRTDX,UBR-TDX,6233260586942,,UBR-TDX,Class 6,TYPE-D,,Agent B2,Payment B,2025-12-30,Category B,CCY-4,Y,150.02,26.6,29.86,7.45,8.36,4.65,5.22,163.06,183.02,,UBR,183.02,3832,GAO4H8,Basis-001,4.29,0.85,0.24,0.15,5.23
XA,2025-12-10,INT,FN-117,XAFN-133,FUGDPQ,FUG-DPQ,5594698906232,,FUG-DPQ,Class 9,TYPE-B,,Agent A2,Payment C,2025-12-01,Category A,CCY-1,N,162.42,42.37,42.38,5.66,5.66,3.81,3.81,206.6,206.65,,FUG,206.65,4317,8AFGQ3,Basis-001,4.64,1.21,0.16,0.11,5.9
XA,2025-12-23,DOM,FN-395,XAFN-394,PVSKLC,PVS-KLC,0847795417675,Category D,PVS-KLC,Class 7,TYPE-B,,Agent C1,Payment C,2025-11-05,Category A,CCY-3,N,97.35,22.14,25.44,2.85,3.27,3.49,4.01,106.21,122.05,,PVS,122.05,1921,QCULVU,Basis-002,2.78,0.73,0.09,0.11,3.49
XA,2025-12-17,INT,FN-118,XAFN-395,UMKSUQ,UMK-SUQ,8763802076123,,UMK-SUQ,Class 7,TYPE-A,,Agent A2,Payment A,2025-12-30,Category A,CCY-2,N,84.46,22.41,22.86,14.09,14.37,1.68,1.71,117.63,119.98,,UMK,119.98,922,T3D7XT,Basis-002/BG,2.41,0.65,0.41,0.05,3.43
XA,2025-12-30,DOM,FN-133,XAFN-133,UMKKLC,UMK-KLC,9010792372982,,UMK-KLC,Class 3,TYPE-B,,Agent A2,Payment B,2025-12-28,Category D,CCY-1,N,171.0,33.05,32.9,14.32,14.25,5.58,5.55,213.59,212.6,,UMK,212.6,3920,7ILPLS,Basis-002/BG,4.89,0.94,0.41,0.16,6.07
XA,2025-12-08,DOM,FN-105,XAFN-117,YMLJKS,YML-JKS,3155505705218,,YML-JKS,Class 6,TYPE-B,,Agent C1,Payment B,2025-12-16,Category C,CCY-4,N,139.01,36.05,35.86,9.53,9.48,0.09,0.09,185.24,184.26,,YML,184.26,566,L9TDCC,Basis-002/BG,3.97,1.02,0.27,0.0,5.26
XA,2025-12-26,DOM,FN-132,XAFN-101,NABPVS,NAB-PVS,3687156891097,,NAB-PVS,Class 2,TYPE-D,,Agent C1,Payment A,2025-12-26,Category B,CCY-2,Y,171.23,17.85,21.26,1.84,2.19,6.73,8.02,156.71,186.66,,NAB,186.66,2678,2WMSJ9,Basis-003,4.89,0.61,0.06,0.23,5.33
XA,2025-12-10,INT,FN-101,XAFN-105,KEEDPQ,KEE-DPQ,6329573783159,,KEE-DPQ,Class 4,TYPE-C,,Agent B2,Payment C,2025-12-29,Category B,CCY-4,Y,139.26,52.88,51.34,15.07,14.63,5.2,5.05,206.18,200.18,,KEE,200.18,3797,IS81HB,Basis-003,3.98,1.47,0.42,0.14,5.72
XA,2025-12-08,DOM,FN-119,XAFN-117,JKSUMK,JKS-UMK,4165185483966,,JKS-UMK,Class 6,TYPE-D,,Agent A2,Payment B,2025-11-19,Category D,CCY-3,N,227.23,40.5,48.54,8.71,10.44,6.09,7.3,232.74,278.91,,JKS,278.91,2285,N0MWMK,Basis-001,6.49,1.39,0.3,0.21,7.97
XA,2025-12-01,INT,FN-117,XAFN-117,QFXMFP,QFX-MFP,1816981413447,,QFX-MFP,Class 2,TYPE-A,,Agent C2,Payment C,2025-11-17,Category B,CCY-4,N,165.79,25.89,20.74,10.51,8.42,0.66,0.53,242.67,194.42,,QFX,194.42,3884,K0E34T,Basis-002,4.74,0.59,0.24,0.02,5.55
XA,2025-12-12,DOM,FN-101,XAFN-508,YMLKLC,YML-KLC,9621836677196,,YML-KLC,Class 1,TYPE-D,,Agent B2,Payment A,2025-11-01,Category B,CCY-2,N,199.26,42.12,48.06,8.15,9.3,3.71,4.23,221.18,252.39,,YML,252.39,3428,6K37E4,Basis-001/BG,5.69,1.37,0.27,0.12,7.21
XA,2025-12-03,DOM,FN-119,XAFN-394,NABPVS,NAB-PVS,6836759017791,Category D,NAB-PVS,Class 4,TYPE-B,,Agent C2,Payment B,2025-11-18,Category D,CCY-3,Y,113.98,29.49,30.01,12.78,13.01,3.44,3.5,150.83,153.5,,NAB,153.5,2447,KWH1MQ,Basis-002/BG,3.26,0.86,0.37,0.1,4.39
XA,2025-12-13,INT,FN-119,XAFN-394,DRWMBT,DRW-MBT,2631995695592,Category C,DRW-MBT,Class 3,TYPE-D,,Agent C2,Payment B,2025-11-25,Category C,CCY-4,Y,34.49,5.26,4.44,8.59,7.25,1.66,1.4,53.06,44.78,,DRW,44.78,2646,VA787T,Basis-001,0.99,0.13,0.21,0.04,1.28
XA,2025-12-07,DOM,FN-118,XAFN-118,PVSKLC,PVS-KLC,4867228839047,Category C,PVS-KLC,Class 6,TYPE-B,,Agent A1,Payment B,2025-12-30,Category C,CCY-3,N,52.34,20.55,22.38,8.5,9.26,0.16,0.17,76.97,83.81,,PVS,83.81,3296,0ZNRUH,Basis-002,1.5,0.64,0.26,0.0,2.39
XA,2025-12-03,DOM,FN-117,XAFN-101,FUGQFX,FUG-QFX,4095437766183,,FUG-QFX,Class 8,TYPE-C,,Agent C1,Payment A,2025-11-04,Category A,CCY-4,N,113.74,55.88,51.79,12.55,11.63,3.61,3.35,187.55,173.81,,FUG,173.81,2192,DHDDCI,Basis-002/BG,3.25,1.48,0.33,0.1,4.97
XA,2025-12-18,INT,FN-394,XAFN-105,KSNKUV,KSN-KUV,0968564257068,,KSN-KUV,Class 2,TYPE-B,,Agent B2,Payment C,2025-12-13,Category B,CCY-1,Y,174.04,38.58,39.33,4.23,4.31,4.15,4.23,209.39,213.45,,KSN,213.45,790,NJZHOB,Basis-001/BG,4.97,1.12,0.12,0.12,6.1
XA,2025-12-11,DOM,FN-101,XAFN-132,KSNUMK,KSN-UMK,2241142066701,Category D,KSN-UMK,Class 7,TYPE-A,,Agent B1,Payment B,2025-12-18,Category B,CCY-3,Y,233.13,26.81,28.86,12.4,13.35,10.58,11.39,245.18,263.95,,KSN,263.95,981,9O6H0F,Basis-001/BG,6.66,0.82,0.38,0.33,7.54
XA,2025-12-05,DOM,FN-117,XAFN-117,QFXKEE,QFX-KEE,0562019011348,Category D,QFX-KEE,Class 1,TYPE-B,,Agent A2,Payment C,2025-11-07,Category B,CCY-3,Y,64.25,5.62,6.69,11.83,14.09,0.63,0.75,70.77,84.28,,QFX,84.28,1627,NS8EHI,Basis-003,1.84,0.19,0.4,0.02,2.41
XA,2025-12-06,INT,FN-395,XAFN-133,JKSSZV,JKS-SZV,4497602498663,Category D,JKS-SZV,Class 7,TYPE-B,,Agent C2,Payment A,2025-12-17,Category C,CCY-3,Y,180.11,18.58,16.47,6.37,5.65,3.38,3.0,224.7,199.23,,JKS,199.23,3782,1WR63J,Basis-003,5.15,0.47,0.16,0.09,5.69
XA,2025-12-03,INT,FN-132,XAFN-117,KSNSUQ,KSN-SUQ,6655914762538,,KSN-SUQ,Class 8,TYPE-D,,Agent B2,Payment B,2025-11-07,Category C,CCY-2,N,240.03,10.72,12.16,16.06,18.21,3.77,4.28,234.69,266.12,,KSN,266.12,3226,HOUNKP,Basis-002,6.86,0.35,0.52,0.12,7.6
XA,2025-12-23,INT,FN-133,XAFN-117,DRWMFP,DRW-MFP,9853243679241,Category D,DRW-MFP,Class 6,TYPE-D,,Agent A1,Payment A,2025-12-12,Category D,CCY-2,N,77.95,38.63,39.58,8.16,8.36,1.29,1.32,121.59,124.57,,DRW,124.57,1809,0TIJ7K,Basis-003,2.23,1.13,0.24,0.04,3.56
XA,2025-12-26,INT,FN-105,XAFN-133,UMKMFP,UMK-MFP,8249793998161,Category D,UMK-MFP,Class 7,TYPE-B,,Agent C2,Payment C,2025-11-06,Category A,CCY-2,N,198.25,26.95,21.84,11.34,9.19,8.18,6.63,274.72,222.65,,UMK,222.65,4421,XZDIRH,Basis-001/BG,5.66,0.62,0.26,0.19,6.36
XA,2025-12-20,INT,FN-133,XAFN-394,KEEHGV,KEE-HGV,8082649312146,Category C,KEE-HGV,Class 3,TYPE-C,,Agent B2,Payment B,2025-11-12,Category C,CCY-1,N,153.27,16.46,14.97,15.06,13.7,7.95,7.23,192.08,174.71,,KEE,174.71,1380,09WNZM,Basis-002/BG,4.38,0.43,0.39,0.21,4.99
XA,2025-12-28,DOM,FN-508,XAFN-118,UBRYML,UBR-YML,0369481126649,,UBR-YML,Class 2,TYPE-A,,Agent C1,Payment B,2025-11-29,Category A,CCY-4,N,108.94,22.66,26.57,4.29,5.03,0.65,0.76,119.24,139.78,,UBR,139.78,4711,ILVB8D,Basis-002,3.11,0.76,0.14,0.02,3.99
XA,2025-12-25,DOM,FN-105,XAFN-119,FUGDRW,FUG-DRW,3344376734814,,FUG-DRW,Class 4,TYPE-C,,Agent A1,Payment C,2025-11-04,Category A,CCY-3,N,54.99,33.35,27.13,27.12,22.06,2.47,2.01,125.58,102.17,,FUG,102.17,4243,VB96DO,Basis-002,1.57,0.78,0.63,0.06,2.92
XA,2025-12-29,DOM,FN-101,XAFN-117,KLCKEE,KLC-KEE,8866168019903,Category D,KLC-KEE,Class 1,TYPE-B,,Agent A1,Payment A,2025-11-17,Category C,CCY-3,N,212.77,25.41,29.71,7.43,8.69,5.97,6.98,208.87,244.19,,KLC,244.19,4734,JFCLCC,Basis-002/BG,6.08,0.85,0.25,0.2,6.98
XA,2025-12-03,DOM,FN-132,XAFN-394,JYNTDX,JYN-TDX,1171321940247,,JYN-TDX,Class 2,TYPE-B,,Agent C1,Payment C,2025-12-22,Category A,CCY-2,N,151.8,40.1,38.21,4.3,4.1,7.34,6.99,196.38,187.12,,JYN,187.12,953,E4QWL6,Basis-001,4.34,1.09,0.12,0.2,5.35
XA,2025-12-14,DOM,FN-119,XAFN-508,DRWJYN,DRW-JYN,1381074916194,Category C,DRW-JYN,Class 9,TYPE-B,,Agent C2,Payment A,2025-11-08,Category C,CCY-3,N,239.15,44.38,40.73,14.81,13.59,6.4,5.87,313.35,287.6,,DRW,287.6,592,CI7HBV,Basis-002/BG,6.83,1.16,0.39,0.17,8.22
XA,2025-12-11,DOM,FN-117,XAFN-394,DRWFUG,DRW-FUG,4102547179899,Category D,DRW-FUG,Class 7,TYPE-C,,Agent B2,Payment B,2025-12-09,Category C,CCY-3,Y,185.08,32.4,30.29,14.29,13.36,8.05,7.53,236.61,221.2,,DRW,221.2,678,BD9ZMQ,Basis-002/BG,5.29,0.87,0.38,0.22,6.32
XA,2025-12-06,DOM,FN-394,XAFN-105,JKSUBR,JKS-UBR,7266256504607,,JKS-UBR,Class 9,TYPE-A,,Agent A1,Payment B,2025-12-25,Category C,CCY-3,Y,197.35,21.64,24.69,6.25,7.13,7.67,8.75,193.23,220.42,,JKS,220.42,2022,A3S8PG,Basis-001,5.64,0.71,0.2,0.25,6.3
XA,2025-12-27,INT,FN-133,XAFN-133,KLCDPQ,KLC-DPQ,8904172820762,Category C,KLC-DPQ,Class 2,TYPE-A,,Agent A1,Payment B,2025-12-26,Category B,CCY-1,Y,158.15,50.45,53.24,3.6,3.8,0.03,0.03,203.89,215.16,,KLC,215.16,2078,FFGFAJ,Basis-002,4.52,1.52,0.11,0.0,6.15
XA,2025-12-02,DOM,FN-395,XAFN-118,UMKYML,UMK-YML,7913511350535,,UMK-YML,Class 6,TYPE-B,,Agent A2,Payment C,2025-12-04,Category B,CCY-3,Y,32.6,35.71,32.47,11.27,10.25,0.05,0.05,82.79,75.27,,UMK,75.27,3777,KX7MR9,Basis-003,0.93,0.93,0.29,0.0,2.15
XA,2025-12-03,INT,FN-101,XAFN-118,UMKVQR,UMK-VQR,1945341952814,Category D,UMK-VQR,Class 1,TYPE-D,,Agent C1,Payment B,2025-12-22,Category D,CCY-2,N,163.87,41.72,33.66,11.01,8.88,9.41,7.59,246.41,198.82,,UMK,198.82,1255,TGXY7I,Basis-002/BG,4.68,0.96,0.25,0.22,5.68
XA,2025-12-18,DOM,FN-508,XAFN-105,KLCJKS,KLC-JKS,2139743699055,Category D,KLC-JKS,Class 8,TYPE-C,,Agent B2,Payment B,2025-12-08,Category C,CCY-1,Y,269.19,6.72,5.99,6.58,5.86,10.18,9.07,305.26,271.97,,KLC,271.97,4662,1G6AP8,Basis-003,7.69,0.17,0.17,0.26,7.77
XA,2025-12-14,DOM,FN-101,XAFN-133,PVSQFX,PVS-QFX,1065673374570,,PVS-QFX,Class 6,TYPE-D,,Agent B1,Payment A,2025-11-29,Category D,CCY-2,Y,141.74,4.78,5.35,8.14,9.12,3.28,3.68,136.14,152.53,,PVS,152.53,2024,PUK6CM,Basis-001,4.05,0.15,0.26,0.11,4.36
XA,2025-12-10,INT,FN-118,XAFN-118,YMLHGV,YML-HGV,7725084232423,Category D,YML-HGV,Class 7,TYPE-A,,Agent A1,Payment B,2025-11-06,Category D,CCY-2,Y,282.92,26.6,30.31,9.78,11.15,7.95,9.06,276.71,315.32,,YML,315.32,2721,DLI5VL,Basis-002,8.08,0.87,0.32,0.26,9.01
XA,2025-12-26,INT,FN-133,XAFN-101,JYNMBT,JYN-MBT,2425703332959,Category D,JYN-MBT,Class 1,TYPE-C,,Agent A2,Payment A,2025-12-25,Category A,CCY-4,N,49.19,20.76,20.75,8.12,8.12,0.43,0.43,77.66,77.63,,JYN,77.63,4605,7FNBA3,Basis-003,1.41,0.59,0.23,0.01,2.22
XA,2025-12-31,INT,FN-117,XAFN-508,DRWGNP,DRW-GNP,2204167821539,Category C,DRW-GNP,Class 2,TYPE-D,,Agent B2,Payment C,2025-11-14,Category D,CCY-4,Y,124.58,49.51,49.22,12.87,12.79,0.99,0.98,186.7,185.61,,DRW,185.61,3445,HEMBH4,Basis-003,3.56,1.41,0.37,0.03,5.3
XA,2025-12-14,DOM,FN-105,XAFN-508,UMKKEE,UMK-KEE,0193335937971,,UMK-KEE,Class 5,TYPE-A,,Agent A1,Payment C,2025-11-02,Category B,CCY-3,N,61.08,39.16,33.7,14.51,12.49,0.02,0.02,124.64,107.25,,UMK,107.25,3724,DF4NZK,Basis-002/BG,1.75,0.96,0.36,0.0,3.06
XA,2025-12-24,DOM,FN-394,XAFN-508,UMKPVS,UMK-PVS,9230453231677,,UMK-PVS,Class 6,TYPE-C,,Agent B1,Payment B,2025-11-19,Category D,CCY-3,N,241.21,58.15,53.71,5.33,4.92,12.67,11.7,311.96,288.14,,UMK,288.14,2207,P2EK1H,Basis-003,6.89,1.53,0.14,0.33,8.23
XA,2025-12-14,DOM,FN-132,XAFN-101,FUGNAB,FUG-NAB,5276120928157,,FUG-NAB,Class 8,TYPE-D,,Agent C2,Payment A,2025-12-22,Category A,CCY-4,Y,85.13,11.5,11.14,9.12,8.83,1.88,1.82,106.66,103.28,,FUG,103.28,1281,IYOWYP,Basis-002/BG,2.43,0.32,0.25,0.05,2.95
XA,2025-12-22,INT,FN-394,XAFN-105,NABTPX,NAB-TPX,8592126848563,,NAB-TPX,Class 4,TYPE-A,,Agent A1,Payment B,2025-12-25,Category B,CCY-3,N,187.31,52.08,44.81,11.18,9.62,2.67,2.3,278.27,239.44,,NAB,239.44,1777,AB0QM6,Basis-003,5.35,1.28,0.27,0.07,6.84
XA,2025-12-20,DOM,FN-395,XAFN-133,UBRYML,UBR-YML,6932784178376,Category D,UBR-YML,Class 2,TYPE-A,,Agent B1,Payment A,2025-12-29,Category B,CCY-2,Y,124.41,33.11,32.28,5.97,5.82,0.91,0.89,165.77,161.62,,UBR,161.62,972,DJ532F,Basis-002/BG,3.55,0.92,0.17,0.03,4.62
XA,2025-12-28,INT,FN-132,XAFN-105,QFXGNP,QFX-GNP,2724553375656,,QFX-GNP,Class 7,TYPE-D,,Agent B1,Payment C,2025-11-29,Category C,CCY-4,N,317.16,5.12,5.89,9.49,10.92,11.93,13.73,278.29,320.24,,QFX,320.24,1508,F3UZ3A,Basis-002/BG,9.06,0.17,0.31,0.39,9.15
XA,2025-12-13,DOM,FN-395,XAFN-132,JKSKEE,JKS-KEE,1206276729350,,JKS-KEE,Class 7,TYPE-B,,Agent B1,Payment C,2025-12-27,Category C,CCY-2,Y,311.89,31.11,30.1,9.35,9.05,15.65,15.14,347.18,335.9,,JKS,335.9,797,EDP2NA,Basis-001/BG,8.91,0.86,0.26,0.43,9.6
XA,2025-12-16,DOM,FN-508,XAFN-394,QFXJYN,QFX-JYN,2518407033982,,QFX-JYN,Class 8,TYPE-C,,Agent B2,Payment C,2025-12-14,Category B,CCY-1,Y,121.4,29.1,27.29,17.98,16.86,1.86,1.74,174.65,163.81,,QFX,163.81,1781,Q0FCUZ,Basis-002,3.47,0.78,0.48,0.05,4.68
XA,2025-12-13,DOM,FN-119,XAFN-133,PVSDRW,PVS-DRW,3286301122008,Category D,PVS-DRW,Class 8,TYPE-C,,Agent A2,Payment B,2025-12-23,Category C,CCY-4,Y,26.95,54.19,53.0,2.94,2.88,1.05,1.03,83.63,81.8,,PVS,81.8,1876,9H4YN8,Basis-003,0.77,1.51,0.08,0.03,2.34
XA,2025-12-23,DOM,FN-119,XAFN-133,PVSUMK,PVS-UMK,0549469208564,,PVS-UMK,Class 7,TYPE-A,,Agent A2,Payment A,2025-11-17,Category C,CCY-4,Y,128.67,22.33,23.56,12.26,12.94,4.42,4.66,152.11,160.51,,PVS,160.51,4819,7N385C,Basis-002,3.68,0.67,0.37,0.13,4.59
XA,2025-12-23,INT,FN-101,XAFN-395,DRWLNR,DRW-LNR,0388904410404,Category C,DRW-LNR,Class 8,TYPE-A,,Agent B1,Payment B,2025-11-25,Category C,CCY-3,Y,22.15,36.48,36.93,19.88,20.12,0.86,0.87,77.38,78.33,,DRW,78.33,1949,4GWDSH,Basis-002,0.63,1.06,0.57,0.02,2.24
XA,2025-12-01,INT,FN-105,XAFN-133,JKSRZP,JKS-RZP,8564717784019,,JKS-RZP,Class 9,TYPE-B,,Agent B2,Payment C,2025-11-07,Category D,CCY-1,Y,40.95,31.29,32.85,6.37,6.69,0.38,0.4,76.29,80.09,,JKS,80.09,4162,ZPDSO9,Basis-003,1.17,0.94,0.19,0.01,2.29
XA,2025-12-23,INT,FN-395,XAFN-119,FUGLNR,FUG-LNR,3261705058353,Category D,FUG-LNR,Class 8,TYPE-C,,Agent C2,Payment C,2025-11-05,Category C,CCY-4,N,184.07,29.36,30.29,6.58,6.79,3.92,4.04,210.45,217.11,,FUG,217.11,2880,PFNNII,Basis-003,5.26,0.87,0.19,0.12,6.2
XA,2025-12-29,DOM,FN-394,XAFN-132,QFXKSN,QFX-KSN,8015846687930,Category C,QFX-KSN,Class 7,TYPE-A,,Agent A2,Payment C,2025-11-22,Category B,CCY-4,Y,189.03,68.13,57.07,10.8,9.05,7.44,6.23,297.14,248.92,,QFX,248.92,3984,G1PUXJ,Basis-001,5.4,1.63,0.26,0.18,7.11
XA,2025-12-12,INT,FN-118,XAFN-133,KLCMFP,KLC-MFP,1308730897207,Category C,KLC-MFP,Class 1,TYPE-B,,Agent B2,Payment B,2025-12-01,Category D,CCY-2,Y,207.58,9.22,10.6,4.54,5.22,2.89,3.32,191.39,220.08,,KLC,220.08,1190,5SFE0X,Basis-002/BG,5.93,0.3,0.15,0.09,6.29
XA,2025-12-03,DOM,FN-101,XAFN-117,KEEKLC,KEE-KLC,4234473057771,,KEE-KLC,Class 1,TYPE-A,,Agent C2,Payment C,2025-12-08,Category D,CCY-1,Y,187.79,62.72,52.26,14.14,11.78,4.99,4.16,297.26,247.67,,KEE,247.67,3281,NVMO1O,Basis-001,5.37,1.49,0.34,0.12,7.08
XA,2025-12-01,INT,FN-508,XAFN-132,UMKSZV,UMK-SZV,2242653793221,,UMK-SZV,Class 4,TYPE-C,,Agent A2,Payment C,2025-12-16,Category A,CCY-2,N,124.96,33.09,29.99,4.14,3.75,1.99,1.8,173.1,156.9,,UMK,156.9,374,NKYP1M,Basis-003,3.57,0.86,0.11,0.05,4.48
XA,2025-12-27,DOM,FN-117,XAFN-133,FUGJKS,FUG-JKS,0080265893475,,FUG-JKS,Class 1,TYPE-B,,Agent A2,Payment B,2025-11-19,Category B,CCY-1,N,198.36,45.09,43.23,8.07,7.74,0.45,0.43,259.6,248.9,,FUG,248.9,4230,6VDUQD,Basis-002,5.67,1.24,0.22,0.01,7.11
XA,2025-12-10,INT,FN-119,XAFN-117,YMLMFP,YML-MFP,0317266528246,Category D,YML-MFP,Class 9,TYPE-C,,Agent C1,Payment A,2025-12-17,Category D,CCY-4,Y,112.4,35.59,33.99,8.19,7.82,5.8,5.54,155.69,148.67,,YML,148.67,2576,A3Y0XA,Basis-002/BG,3.21,0.97,0.22,0.16,4.25
XA,2025-12-18,DOM,FN-132,XAFN-118,FUGQFX,FUG-QFX,3271630335636,Category C,FUG-QFX,Class 7,TYPE-A,,Agent A1,Payment A,2025-11-04,Category A,CCY-1,Y,144.71,59.38,61.5,8.46,8.76,2.23,2.31,205.33,212.66,,FUG,212.66,4511,3VCPEA,Basis-002,4.13,1.76,0.25,0.07,6.08
XA,2025-12-11,DOM,FN-395,XAFN-508,KSNUMK,KSN-UMK,2909304376613,,KSN-UMK,Class 4,TYPE-D,,Agent A2,Payment C,2025-12-29,Category A,CCY-3,Y,121.33,22.26,20.29,15.05,13.72,4.65,4.24,165.78,151.1,,KSN,151.1,1349,9YPC45,Basis-003,3.47,0.58,0.39,0.12,4.32
XA,2025-12-30,INT,FN-119,XAFN-105,KLCHGV,KLC-HGV,1058330967397,Category D,KLC-HGV,Class 5,TYPE-B,,Agent A1,Payment C,2025-12-08,Category A,CCY-4,N,135.5,17.64,20.26,14.46,16.61,5.0,5.74,145.06,166.63,,KLC,166.63,1346,YVRO5X,Basis-001,3.87,0.58,0.47,0.16,4.76
XA,2025-12-16,INT,FN-394,XAFN-133,KLCHGV,KLC-HGV,2883636885016,Category C,KLC-HGV,Class 7,TYPE-D,,Agent B2,Payment A,2025-12-08,Category B,CCY-4,Y,263.57,25.01,20.99,0.8,0.67,10.83,9.09,329.01,276.14,,KLC,276.14,3682,PP3SUY,Basis-002/BG,7.53,0.6,0.02,0.26,7.89
XA,2025-12-20,INT,FN-395,XAFN-508,FUGTPX,FUG-TPX,0749935981255,,FUG-TPX,Class 6,TYPE-D,,Agent B2,Payment A,2025-11-28,Category C,CCY-2,N,230.6,16.91,19.73,11.96,13.95,1.85,2.16,224.67,262.12,,FUG,262.12,3314,KTGU8T,Basis-002,6.59,0.56,0.4,0.06,7.49
XA,2025-12-31,DOM,FN-133,XAFN-132,FUGPVS,FUG-PVS,7893912956518,,FUG-PVS,Class 5,TYPE-A,,Agent C2,Payment A,2025-12-24,Category C,CCY-1,N,7.61,51.43,43.39,4.67,3.94,0.34,0.29,64.77,54.65,,FUG,54.65,522,CX1AVJ,Basis-003,0.22,1.24,0.11,0.01,1.56
XA,2025-12-02,DOM,FN-119,XAFN-101,UMKJYN,UMK-JYN,2930112501860,,UMK-JYN,Class 9,TYPE-C,,Agent A2,Payment C,2025-12-19,Category A,CCY-4,N,208.46,30.66,30.21,5.31,5.23,3.69,3.64,243.86,240.26,,UMK,240.26,3023,FGIGV3,Basis-003,5.96,0.86,0.15,0.1,6.86
XA,2025-12-07,DOM,FN-101,XAFN-117,DRWKSN,DRW-KSN,4266249753740,Category D,DRW-KSN,Class 1,TYPE-D,,Agent C2,Payment A,2025-12-22,Category C,CCY-1,N,117.44,40.31,40.29,10.54,10.53,4.59,4.59,163.77,163.67,,DRW,163.67,3403,88NO1R,Basis-001,3.36,1.15,0.3,0.13,4.68
XA,2025-12-12,INT,FN-119,XAFN-118,UMKHGV,UMK-HGV,5146688658348,Category C,UMK-HGV,Class 4,TYPE-C,,Agent C1,Payment C,2025-12-25,Category B,CCY-3,N,196.75,66.19,59.65,2.42,2.18,7.05,6.35,279.86,252.23,,UMK,252.23,4681,8W43H9,Basis-002,5.62,1.7,0.06,0.18,7.21
XA,2025-12-01,INT,FN-395,XAFN-508,YMLGNP,YML-GNP,4326983443695,,YML-GNP,Class 1,TYPE-C,,Agent A1,Payment C,2025-12-21,Category C,CCY-4,N,279.38,31.26,31.57,5.46,5.51,6.54,6.6,306.85,309.86,,YML,309.86,688,NZVTOF,Basis-001,7.98,0.9,0.16,0.19,8.85
XA,2025-12-25,DOM,FN-119,XAFN-508,JYNYML,JYN-YML,0773729545038,,JYN-YML,Class 5,TYPE-A,,Agent B2,Payment A,2025-11-22,Category C,CCY-2,Y,43.57,24.62,27.16,13.24,14.61,1.81,2.0,75.54,83.34,,JYN,83.34,3102,BEZA9A,Basis-001/BG,1.24,0.78,0.42,0.06,2.38
XA,2025-12-15,DOM,FN-508,XAFN-118,QFXYML,QFX-YML,3379531112359,,QFX-YML,Class 6,TYPE-C,,Agent A2,Payment B,2025-11-23,Category B,CCY-2,N,139.8,61.55,52.67,3.2,2.74,7.22,6.18,220.9,189.03,,QFX,189.03,2364,FPY63M,Basis-001,3.99,1.5,0.08,0.18,5.4
XA,2025-12-12,INT,FN-118,XAFN-132,JYNVQR,JYN-VQR,1460919351174,Category D,JYN-VQR,Class 9,TYPE-C,,Agent B1,Payment C,2025-11-15,Category D,CCY-2,Y,149.03,10.47,11.21,11.04,11.82,3.86,4.13,156.83,167.93,,JYN,167.93,3623,EG4OHP,Basis-002/BG,4.26,0.32,0.34,0.12,4.8
XA,2025-12-14,DOM,FN-117,XAFN-133,UBRKSN,UBR-KSN,4126084818762,,UBR-KSN,Class 2,TYPE-A,,Agent B2,Payment C,2025-11-15,Category A,CCY-3,N,220.95,24.94,23.69,3.18,3.02,9.65,9.17,251.09,238.49,,UBR,238.49,2170,A47V8P,Basis-002/BG,6.31,0.68,0.09,0.26,6.81
XA,2025-12-18,DOM,FN-117,XAFN-117,QFXJKS,QFX-JKS,6731234388804,Category D,QFX-JKS,Class 1,TYPE-A,,Agent C2,Payment B,2025-12-12,Category B,CCY-3,Y,165.92,32.39,36.55,10.65,12.02,5.3,5.98,184.75,208.51,,QFX,208.51,1389,N3ON4F,Basis-001/BG,4.74,1.04,0.34,0.17,5.96
XA,2025-12-15,DOM,FN-133,XAFN-394,FUGYML,FUG-YML,2991154904431,Category C,FUG-YML,Class 5,TYPE-C,,Agent A2,Payment B,2025-12-27,Category C,CCY-2,Y,248.86,12.59,13.93,12.11,13.4,5.3,5.87,244.23,270.32,,FUG,270.32,892,5Y4XVR,Basis-001,7.11,0.4,0.38,0.17,7.72
XA,2025-12-20,INT,FN-117,XAFN-133,KEETPX,KEE-TPX,5173281629108,,KEE-TPX,Class 3,TYPE-B,,Agent C1,Payment A,2025-11-11,Category A,CCY-1,Y,245.4,2.83,3.32,9.88,11.6,9.91,11.64,211.74,248.68,,KEE,248.68,3452,UCLHQ2,Basis-001,7.01,0.09,0.33,0.33,7.11
XA,2025-12-10,DOM,FN-132,XAFN-508,JKSKSN,JKS-KSN,9153044500202,,JKS-KSN,Class 9,TYPE-B,,Agent C1,Payment B,2025-12-06,Category A,CCY-4,Y,109.67,29.46,28.78,12.02,11.74,2.73,2.67,151.02,147.52,,JKS,147.52,2736,W5GLO1,Basis-001,3.13,0.82,0.34,0.08,4.21
XA,2025-12-26,DOM,FN-119,XAFN-118,NABKLC,NAB-KLC,6754182368810,,NAB-KLC,Class 1,TYPE-B,,Agent C1,Payment C,2025-11-09,Category D,CCY-3,Y,111.02,17.85,19.86,9.14,10.17,0.04,0.05,126.76,141.0,,NAB,141.0,787,B1DIND,Basis-002,3.17,0.57,0.29,0.0,4.03
XA,2025-12-12,DOM,FN-119,XAFN-117,KSNKEE,KSN-KEE,0831681636038,,KSN-KEE,Class 2,TYPE-D,,Agent A2,Payment C,2025-11-25,Category A,CCY-2,N,63.02,13.46,13.71,13.15,13.4,1.66,1.69,86.81,88.44,,KSN,88.44,4380,VLRRBA,Basis-001/BG,1.8,0.39,0.38,0.05,2.53
XA,2025-12-15,DOM,FN-105,XAFN-133,QFXPVS,QFX-PVS,3485089512370,Category D,QFX-PVS,Class 2,TYPE-A,,Agent A1,Payment C,2025-12-19,Category A,CCY-1,N,58.1,34.32,39.99,10.56,12.31,2.41,2.81,92.33,107.59,,QFX,107.59,2689,N7PRWM,Basis-002/BG,1.66,1.14,0.35,0.08,3.07
XA,2025-12-15,DOM,FN-105,XAFN-395,TDXKSN,TDX-KSN,8626395612667,Category C,TDX-KSN,Class 8,TYPE-A,,Agent B1,Payment B,2025-12-02,Category B,CCY-4,N,11.94,22.18,19.84,17.85,15.97,0.34,0.3,53.04,47.45,,TDX,47.45,1006,H4S03B,Basis-001/BG,0.34,0.57,0.46,0.01,1.36
XA,2025-12-26,DOM,FN-133,XAFN-133,NABUBR,NAB-UBR,2763304117614,Category C,NAB-UBR,Class 5,TYPE-A,,Agent B1,Payment A,2025-11-19,Category B,CCY-4,Y,71.51,25.01,23.03,13.37,12.31,3.74,3.44,112.31,103.41,,NAB,103.41,3450,90H7JA,Basis-002,2.04,0.66,0.35,0.1,2.95
XA,2025-12-30,INT,FN-101,XAFN-119,JKSTPX,JKS-TPX,6883004837936,Category C,JKS-TPX,Class 9,TYPE-A,,Agent B1,Payment C,2025-11-12,Category B,CCY-4,Y,212.67,22.59,26.23,6.04,7.01,5.44,6.31,206.38,239.6,,JKS,239.6,1573,RCLIC6,Basis-001,6.08,0.75,0.2,0.18,6.85
XA,2025-12-05,INT,FN-395,XAFN-117,PVSKUV,PVS-KUV,4718301817960,,PVS-KUV,Class 3,TYPE-C,,Agent C2,Payment B,2025-12-04,Category C,CCY-1,N,263.79,57.19,56.08,15.18,14.89,1.1,1.08,340.26,333.68,,PVS,333.68,2533,UQVL7E,Basis-002/BG,7.54,1.6,0.43,0.03,9.53
XA,2025-12-12,DOM,FN-395,XAFN-105,FUGQFX,FUG-QFX,8981061735631,,FUG-QFX,Class 9,TYPE-B,,Agent A1,Payment A,2025-12-09,Category D,CCY-4,N,156.83,14.96,17.88,4.89,5.85,5.19,6.2,145.89,174.36,,FUG,174.36,3086,QG5OPK,Basis-002/BG,4.48,0.51,0.17,0.18,4.98
XA,2025-12-07,DOM,FN-395,XAFN-508,JYNUMK,JYN-UMK,9906820130716,,JYN-UMK,Class 9,TYPE-C,,Agent A2,Payment C,2025-12-15,Category B,CCY-1,Y,191.8,31.95,36.28,14.98,17.01,0.75,0.85,215.06,244.24,,JYN,244.24,3386,H9H72I,Basis-002/BG,5.48,1.04,0.49,0.02,6.98
XA,2025-12-02,INT,FN-119,XAFN-394,QFXSUQ,QFX-SUQ,2954585835639,,QFX-SUQ,Class 1,TYPE-B,,Agent B2,Payment B,2025-12-17,Category B,CCY-1,Y,202.04,7.16,7.45,14.66,15.26,3.02,3.14,212.92,221.61,,QFX,221.61,1391,616D3C,Basis-003,5.77,0.21,0.44,0.09,6.33
XA,2025-12-29,DOM,FN-117,XAFN-105,JKSUMK,JKS-UMK,2360186399454,,JKS-UMK,Class 2,TYPE-B,,Agent C2,Payment C,2025-11-17,Category C,CCY-3,Y,70.16,21.13,24.24,9.81,11.25,2.55,2.92,89.56,102.73,,JKS,102.73,968,LHBI62,Basis-003,2.0,0.69,0.32,0.08,2.94
XA,2025-12-22,INT,FN-118,XAFN-132,UMKKUV,UMK-KUV,9872408992177,Category C,UMK-KUV,Class 6,TYPE-C,,Agent C2,Payment A,2025-11-27,Category D,CCY-1,Y,309.65,78.9,76.65,13.41,13.03,10.37,10.07,400.7,389.26,,UMK,389.26,745,5HWGPB,Basis-001/BG,8.85,2.19,0.37,0.29,11.12
XA,2025-12-06,DOM,FN-118,XAFN-117,JYNNAB,JYN-NAB,2241983063236,Category D,JYN-NAB,Class 4,TYPE-C,,Agent A1,Payment A,2025-12-28,Category A,CCY-3,N,135.34,35.12,38.02,13.34,14.44,6.1,6.6,167.38,181.2,,JYN,181.2,2577,JK85JY,Basis-001,3.87,1.09,0.41,0.19,5.18
XA,2025-12-15,DOM,FN-133,XAFN-132,PVSQFX,PVS-QFX,1186156409941,Category D,PVS-QFX,Class 4,TYPE-D,,Agent B1,Payment A,2025-12-10,Category A,CCY-3,Y,124.35,54.72,56.93,10.72,11.15,0.05,0.05,184.92,192.38,,PVS,192.38,4029,BLWKLD,Basis-003,3.55,1.63,0.32,0.0,5.5
XA,2025-12-03,DOM,FN-101,XAFN-119,UMKKSN,UMK-KSN,5659429920237,,UMK-KSN,Class 7,TYPE-D,,Agent B2,Payment C,2025-12-13,Category D,CCY-1,Y,189.82,35.43,39.99,10.73,12.11,5.61,6.33,208.72,235.59,,UMK,235.59,1575,UITDJ4,Basis-003,5.42,1.14,0.35,0.18,6.73
XA,2025-12-09,DOM,FN-117,XAFN-118,TDXNAB,TDX-NAB,0662834633488,Category C,TDX-NAB,Class 1,TYPE-B,,Agent B1,Payment A,2025-12-01,Category C,CCY-2,Y,217.12,22.49,20.74,7.82,7.21,9.23,8.51,256.51,236.56,,TDX,236.56,4515,N6JBP3,Basis-002,6.2,0.59,0.21,0.24,6.76
XA,2025-12-05,DOM,FN-395,XAFN-132,QFXYML,QFX-YML,5074350952889,Category D,QFX-YML,Class 9,TYPE-C,,Agent B2,Payment C,2025-12-26,Category A,CCY-2,Y,61.99,34.91,36.59,13.25,13.89,1.14,1.19,106.17,111.28,,QFX,111.28,4863,P65PLL,Basis-001,1.77,1.05,0.4,0.03,3.18
XA,2025-12-17,INT,FN-119,XAFN-101,DRWRZP,DRW-RZP,0995428873449,,DRW-RZP,Class 1,TYPE-D,,Agent C1,Payment B,2025-11-28,Category D,CCY-3,N,186.62,49.17,55.12,8.89,9.97,3.81,4.27,220.73,247.44,,DRW,247.44,3943,AZQ4X5,Basis-002/BG,5.33,1.57,0.28,0.12,7.07
XA,2025-12-07,DOM,FN-395,XAFN-118,FUGQFX,FUG-QFX,7156756650518,,FUG-QFX,Class 8,TYPE-A,,Agent C2,Payment A,2025-11-25,Category D,CCY-1,N,203.5,11.49,13.62,6.8,8.06,0.69,0.82,189.28,224.36,,FUG,224.36,2336,U0GKH8,Basis-003,5.81,0.39,0.23,0.02,6.41
XA,2025-12-09,INT,FN-132,XAFN-101,TDXKHV,TDX-KHV,5669375402428,,TDX-KHV,Class 6,TYPE-A,,Agent B2,Payment C,2025-12-05,Category B,CCY-1,N,205.64,35.71,42.74,7.13,8.53,7.59,9.08,207.06,247.83,,TDX,247.83,3851,E84L9Y,Basis-001/BG,5.88,1.22,0.24,0.26,7.08
XA,2025-12-28,INT,FN-118,XAFN-395,UBRMFP,UBR-MFP,1638493680635,Category D,UBR-MFP,Class 8,TYPE-B,,Agent A1,Payment C,2025-12-24,Category A,CCY-4,Y,144.27,6.56,7.23,7.45,8.21,4.87,5.37,140.03,154.34,,UBR,154.34,850,4FTNM8,Basis-003,4.12,0.21,0.23,0.15,4.41
XA,2025-12-23,DOM,FN-394,XAFN-394,KEEKLC,KEE-KLC,5867036562036,Category C,KEE-KLC,Class 5,TYPE-C,,Agent B1,Payment C,2025-11-19,Category B,CCY-3,N,221.23,33.67,38.63,10.9,12.5,1.42,1.63,235.97,270.73,,KEE,270.73,3501,SV0ZIT,Basis-001/BG,6.32,1.1,0.36,0.05,7.74
XA,2025-12-24,DOM,FN-101,XAFN-394,YMLJKS,YML-JKS,3174457762626,Category C,YML-JKS,Class 8,TYPE-D,,Agent B2,Payment C,2025-11-21,Category A,CCY-4,N,153.98,27.74,30.11,6.17,6.7,0.63,0.68,175.12,190.11,,YML,190.11,4262,JR1NJK,Basis-001/BG,4.4,0.86,0.19,0.02,5.43
XA,2025-12-15,INT,FN-394,XAFN-118,UBRKHV,UBR-KHV,0376768740420,,UBR-KHV,Class 6,TYPE-D,,Agent B2,Payment B,2025-11-06,Category C,CCY-2,N,205.91,31.87,36.31,10.94,12.46,5.31,6.05,218.22,248.63,,UBR,248.63,3073,HDLQH1,Basis-001,5.88,1.04,0.36,0.17,7.1
XA,2025-12-12,DOM,FN-133,XAFN-132,KLCKEE,KLC-KEE,8234453856535,Category C,KLC-KEE,Class 1,TYPE-B,,Agent C2,Payment A,2025-12-31,Category D,CCY-3,N,107.92,2.06,2.3,13.85,15.49,3.56,3.98,108.83,121.73,,KLC,121.73,461,W6YA8J,Basis-001,3.08,0.07,0.44,0.11,3.48
XA,2025-12-12,DOM,FN-133,XAFN-105,FUGKEE,FUG-KEE,1998996511815,Category C,FUG-KEE,Class 4,TYPE-D,,Agent B1,Payment B,2025-11-28,Category A,CCY-3,N,111.69,15.49,17.06,12.23,13.47,2.97,3.27,126.16,138.95,,FUG,138.95,2710,QPDXXS,Basis-001,3.19,0.49,0.38,0.09,3.97
XA,2025-12-27,INT,FN-133,XAFN-395,PVSHGV,PVS-HGV,2905256599508,,PVS-HGV,Class 7,TYPE-C,,Agent C2,Payment A,2025-12-15,Category B,CCY-4,Y,118.64,40.14,45.9,11.45,13.09,3.48,3.98,151.87,173.65,,PVS,173.65,229,0UGPKA,Basis-002,3.39,1.31,0.37,0.11,4.96
XA,2025-12-09,INT,FN-101,XAFN-132,NABVQR,NAB-VQR,1318660474733,,NAB-VQR,Class 9,TYPE-C,,Agent B2,Payment C,2025-12-18,Category C,CCY-4,Y,204.69,11.03,9.51,18.63,16.06,2.08,1.79,264.98,228.47,,NAB,228.47,2339,Q53ALJ,Basis-001,5.85,0.27,0.46,0.05,6.53
XA,2025-12-08,DOM,FN-132,XAFN-105,PVSNAB,PVS-NAB,8664774131351,Category C,PVS-NAB,Class 3,TYPE-A,,Agent A2,Payment B,2025-12-03,Category C,CCY-2,Y,170.9,24.65,24.46,10.8,10.72,6.74,6.69,200.93,199.39,,PVS,199.39,2391,681TCH,Basis-003,4.88,0.7,0.31,0.19,5.7
XA,2025-12-29,INT,FN-508,XAFN-508,NABGNP,NAB-GNP,0984128655816,,NAB-GNP,Class 2,TYPE-C,,Agent C1,Payment A,2025-11-14,Category B,CCY-4,Y,7.9,38.8,36.13,5.21,4.85,0.24,0.22,52.26,48.66,,NAB,48.66,2005,L1UTZB,Basis-001,0.23,1.03,0.14,0.01,1.39
XA,2025-12-20,DOM,FN-117,XAFN-118,UMKFUG,UMK-FUG,2195973091218,Category D,UMK-FUG,Class 5,TYPE-B,,Agent B2,Payment A,2025-11-19,Category A,CCY-4,Y,41.79,8.42,7.16,18.29,15.56,0.47,0.4,75.35,64.11,,UMK,64.11,2622,0DILXN,Basis-001,1.19,0.2,0.44,0.01,1.83
XA,2025-12-01,DOM,FN-394,XAFN-394,JKSYML,JKS-YML,8110965984557,,JKS-YML,Class 1,TYPE-D,,Agent A2,Payment C,2025-12-22,Category C,CCY-2,N,99.66,57.44,53.01,7.93,7.32,0.31,0.29,173.04,159.7,,JKS,159.7,2686,EU9VDO,Basis-003,2.85,1.51,0.21,0.01,4.56
XA,2025-12-20,INT,FN-105,XAFN-101,JKSGNP,JKS-GNP,6166910082242,,JKS-GNP,Class 1,TYPE-D,,Agent C1,Payment A,2025-11-27,Category B,CCY-4,Y,13.41,15.91,13.25,19.43,16.18,0.25,0.21,51.19,42.63,,JKS,42.63,885,WR7OXN,Basis-003,0.38,0.38,0.46,0.01,1.22
XA,2025-12-26,INT,FN-105,XAFN-101,KSNZYR,KSN-ZYR,0593257228703,Category C,KSN-ZYR,Class 9,TYPE-B,,Agent A1,Payment A,2025-12-12,Category D,CCY-2,N,137.53,21.81,21.78,10.81,10.8,4.35,4.34,166.0,165.77,,KSN,165.77,4778,MRE2U7,Basis-001/BG,3.93,0.62,0.31,0.12,4.74
XA,2025-12-11,INT,FN-395,XAFN-101,FUGMBT,FUG-MBT,2860604802240,,FUG-MBT,Class 6,TYPE-C,,Agent B1,Payment B,2025-11-17,Category D,CCY-2,N,190.14,41.58,46.76,15.33,17.24,7.62,8.57,218.37,245.57,,FUG,245.57,2994,BUJDS0,Basis-003,5.43,1.34,0.49,0.24,7.02
XA,2025-12-11,INT,FN-132,XAFN-133,DRWTPX,DRW-TPX,2388788876569,Category C,DRW-TPX,Class 5,TYPE-A,,Agent A2,Payment B,2025-12-13,Category A,CCY-2,N,121.22,8.71,10.11,6.83,7.93,0.18,0.21,119.85,139.05,,DRW,139.05,1248,5EV592,Basis-001/BG,3.46,0.29,0.23,0.01,3.97
XA,2025-12-29,INT,FN-105,XAFN-508,KEEMBT,KEE-MBT,9038035148953,Category C,KEE-MBT,Class 8,TYPE-C,,Agent B1,Payment A,2025-12-08,Category A,CCY-3,N,170.82,15.88,15.54,5.32,5.21,5.8,5.68,189.9,185.89,,KEE,185.89,3965,308IPU,Basis-003,4.88,0.44,0.15,0.16,5.31
XA,2025-12-19,INT,FN-132,XAFN-119,FUGMFP,FUG-MFP,2670848868656,Category C,FUG-MFP,Class 7,TYPE-B,,Agent B1,Payment C,2025-12-31,Category B,CCY-4,Y,177.5,35.59,29.27,12.35,10.16,2.32,1.91,261.42,215.02,,FUG,215.02,4505,6Z61DH,Basis-001/BG,5.07,0.84,0.29,0.05,6.14
XA,2025-12-22,INT,FN-133,XAFN-394,YMLZYR,YML-ZYR,6780964583744,Category D,YML-ZYR,Class 7,TYPE-D,,Agent B1,Payment A,2025-11-06,Category B,CCY-3,N,89.32,24.33,26.54,4.93,5.38,1.75,1.91,109.38,119.33,,YML,119.33,1843,CR6YZV,Basis-001/BG,2.55,0.76,0.15,0.05,3.41
XA,2025-12-23,INT,FN-118,XAFN-395,QFXKHV,QFX-KHV,6267511997645,Category C,QFX-KHV,Class 8,TYPE-C,,Agent C1,Payment B,2025-11-23,Category C,CCY-3,Y,221.22,42.38,45.53,0.72,0.77,0.89,0.96,248.12,266.56,,QFX,266.56,3134,2P5WPV,Basis-001/BG,6.32,1.3,0.02,0.03,7.62
XA,2025-12-02,DOM,FN-105,XAFN-133,KLCKEE,KLC-KEE,3015972242284,Category C,KLC-KEE,Class 4,TYPE-C,,Agent C2,Payment C,2025-11-11,Category D,CCY-3,N,75.64,6.7,7.55,5.99,6.75,2.48,2.79,77.31,87.15,,KLC,87.15,3560,TUSJXB,Basis-001,2.16,0.22,0.19,0.08,2.49
XA,2025-12-03,DOM,FN-132,XAFN-119,QFXKEE,QFX-KEE,7358667155446,,QFX-KEE,Class 4,TYPE-C,,Agent A2,Payment C,2025-11-10,Category D,CCY-2,Y,143.32,8.09,8.26,5.28,5.39,6.38,6.52,147.3,150.45,,QFX,150.45,3783,RJ09WE,Basis-001/BG,4.09,0.24,0.15,0.19,4.3
XA,2025-12-10,DOM,FN-508,XAFN-508,NABJKS,NAB-JKS,1192856728502,,NAB-JKS,Class 4,TYPE-C,,Agent B1,Payment C,2025-12-27,Category B,CCY-4,Y,69.68,29.02,33.11,9.07,10.35,2.82,3.22,96.33,109.92,,NAB,109.92,360,YQ5TDF,Basis-001/BG,1.99,0.95,0.3,0.09,3.14
XA,2025-12-10,INT,FN-133,XAFN-101,QFXVQR,QFX-VQR,7890751991981,,QFX-VQR,Class 6,TYPE-D,,Agent B1,Payment B,2025-11-05,Category B,CCY-4,N,92.26,32.49,32.65,7.24,7.27,2.19,2.2,129.36,129.98,,QFX,129.98,2648,DL2MYP,Basis-002,2.64,0.93,0.21,0.06,3.71
XA,2025-12-15,DOM,FN-394,XAFN-133,UMKKLC,UMK-KLC,5659070554943,Category D,UMK-KLC,Class 4,TYPE-B,,Agent B2,Payment C,2025-12-01,Category D,CCY-3,Y,128.27,55.64,55.1,16.86,16.7,4.29,4.25,197.73,195.82,,UMK,195.82,2954,42GFAU,Basis-003,3.66,1.57,0.48,0.12,5.59
XA,2025-12-12,DOM,FN-508,XAFN-394,JYNDRW,JYN-DRW,7100115477349,Category D,JYN-DRW,Class 4,TYPE-B,,Agent C2,Payment A,2025-12-23,Category C,CCY-3,N,46.03,45.24,42.45,14.98,14.06,2.12,1.99,107.16,100.55,,JYN,100.55,1293,G7QSOD,Basis-002,1.32,1.21,0.4,0.06,2.87
XA,2025-12-29,INT,FN-132,XAFN-394,NABMFP,NAB-MFP,3952328555809,Category D,NAB-MFP,Class 8,TYPE-D,,Agent C2,Payment C,2025-11-20,Category D,CCY-3,N,58.14,41.71,42.28,17.45,17.69,0.28,0.28,116.25,117.83,,NAB,117.83,4308,DOB261,Basis-002,1.66,1.21,0.51,0.01,3.37
XA,2025-12-21,DOM,FN-118,XAFN-394,KLCYML,KLC-YML,0407146971479,,KLC-YML,Class 7,TYPE-B,,Agent B1,Payment A,2025-12-06,Category C,CCY-2,N,60.2,14.81,16.24,13.76,15.09,0.66,0.72,82.81,90.81,,KLC,90.81,4885,MBZRKZ,Basis-002/BG,1.72,0.46,0.43,0.02,2.59
XA,2025-12-01,DOM,FN-105,XAFN-394,FUGJYN,FUG-JYN,5900170679490,,FUG-JYN,Class 1,TYPE-D,,Agent C2,Payment C,2025-11-12,Category C,CCY-2,N,171.72,40.06,38.27,12.25,11.7,5.46,5.22,226.59,216.47,,FUG,216.47,1001,OZD2U2,Basis-003,4.91,1.09,0.33,0.15,6.18
XA,2025-12-16,INT,FN-119,XAFN-132,JYNTPX,JYN-TPX,5896070722883,Category D,JYN-TPX,Class 4,TYPE-A,,Agent A2,Payment A,2025-12-22,Category C,CCY-3,Y,181.26,9.05,10.1,13.65,15.24,8.11,9.05,176.98,197.55,,JYN,197.55,1788,WCGV6L,Basis-002/BG,5.18,0.29,0.44,0.26,5.64
XA,2025-12-11,INT,FN-394,XAFN-508,TDXVQR,TDX-VQR,6714803007356,Category D,TDX-VQR,Class 7,TYPE-B,,Agent B2,Payment A,2025-12-03,Category B,CCY-4,N,243.57,22.72,26.56,8.37,9.78,8.86,10.36,230.55,269.55,,TDX,269.55,1686,8YI038,Basis-001,6.96,0.76,0.28,0.3,7.7
XA,2025-12-03,DOM,FN-117,XAFN-117,UMKKLC,UMK-KLC,3214252611978,Category C,UMK-KLC,Class 9,TYPE-C,,Agent C1,Payment B,2025-11-26,Category C,CCY-4,N,27.51,36.49,37.71,12.45,12.86,0.57,0.59,74.99,77.49,,UMK,77.49,2363,WJ6ZGY,Basis-002,0.79,1.08,0.37,0.02,2.21
XA,2025-12-22,INT,FN-132,XAFN-105,QFXLNR,QFX-LNR,3673805203881,Category C,QFX-LNR,Class 2,TYPE-D,,Agent C2,Payment B,2025-12-03,Category C,CCY-1,Y,145.02,43.6,46.87,7.75,8.33,5.38,5.78,180.87,194.44,,QFX,194.44,4599,2KRCNE,Basis-001,4.14,1.34,0.24,0.17,5.56
XA,2025-12-02,DOM,FN-105,XAFN-105,QFXNAB,QFX-NAB,2728360308764,,QFX-NAB,Class 9,TYPE-D,,Agent A1,Payment C,2025-12-07,Category A,CCY-2,N,195.17,15.83,14.71,10.63,9.88,2.09,1.94,234.35,217.82,,QFX,217.82,4158,P8IQFV,Basis-001,5.58,0.42,0.28,0.06,6.22
XA,2025-12-04,INT,FN-394,XAFN-117,DRWKUV,DRW-KUV,0488868041869,Category C,DRW-KUV,Class 8,TYPE-A,,Agent A2,Payment C,2025-11-11,Category D,CCY-1,N,136.05,38.18,33.38,9.32,8.15,4.95,4.33,198.18,173.25,,DRW,173.25,2891,2JPKVC,Basis-001,3.89,0.95,0.23,0.12,4.95
XA,2025-12-26,INT,FN-508,XAFN-101,PVSKUV,PVS-KUV,9703425197018,,PVS-KUV,Class 4,TYPE-C,,Agent C1,Payment C,2025-11-07,Category B,CCY-1,N,139.48,36.4,42.39,6.71,7.82,2.32,2.7,160.55,186.99,,PVS,186.99,4663,FO8QG8,Basis-001/BG,3.99,1.21,0.22,0.08,5.34
XA,2025-12-06,DOM,FN-133,XAFN-101,TDXYML,TDX-YML,2216908875480,Category C,TDX-YML,Class 7,TYPE-B,,Agent A2,Payment B,2025-12-05,Category B,CCY-2,N,21.47,60.06,56.24,18.06,16.91,0.9,0.84,100.15,93.78,,TDX,93.78,1773,YWCOQ5,Basis-002,0.61,1.61,0.48,0.02,2.68
XA,2025-12-23,DOM,FN-132,XAFN-105,JYNQFX,JYN-QFX,0214012833195,Category D,JYN-QFX,Class 6,TYPE-D,,Agent C1,Payment C,2025-11-01,Category B,CCY-3,N,46.62,45.49,40.35,8.44,7.49,0.99,0.88,105.49,93.58,,JYN,93.58,3917,D7CRAB,Basis-002/BG,1.33,1.15,0.21,0.03,2.67
XA,2025-12-23,INT,FN-133,XAFN-101,KEESUQ,KEE-SUQ,5164838953376,Category D,KEE-SUQ,Class 5,TYPE-A,,Agent C1,Payment B,2025-12-19,Category D,CCY-1,N,171.08,29.56,34.41,7.59,8.83,0.95,1.11,183.17,213.21,,KEE,213.21,4007,5PCNIL,Basis-003,4.89,0.98,0.25,0.03,6.09
XA,2025-12-08,INT,FN-101,XAFN-119,NABKUV,NAB-KUV,3249675745104,Category D,NAB-KUV,Class 4,TYPE-A,,Agent C1,Payment B,2025-12-15,Category D,CCY-1,Y,87.3,19.86,19.64,5.48,5.42,2.82,2.79,110.79,109.57,,NAB,109.57,1159,T9N44F,Basis-001,2.49,0.56,0.15,0.08,3.13
XA,2025-12-04,INT,FN-105,XAFN-105,TDXDPQ,TDX-DPQ,0797647545657,Category C,TDX-DPQ,Class 6,TYPE-D,,Agent A2,Payment A,2025-11-25,Category B,CCY-3,N,83.45,30.03,28.99,6.65,6.42,3.47,3.35,119.65,115.51,,TDX,115.51,4352,M7Y1UV,Basis-002,2.38,0.83,0.18,0.1,3.3
XA,2025-12-24,INT,FN-508,XAFN-508,UMKSZV,UMK-SZV,2613826870977,,UMK-SZV,Class 6,TYPE-D,,Agent C1,Payment B,2025-11-30,Category A,CCY-4,Y,204.56,53.73,52.31,7.29,7.1,0.12,0.12,271.02,263.85,,UMK,263.85,4865,U3FIQG,Basis-002/BG,5.84,1.49,0.2,0.0,7.54
XA,2025-12-12,DOM,FN-105,XAFN-117,NABKLC,NAB-KLC,8962206824323,Category C,NAB-KLC,Class 2,TYPE-B,,Agent A1,Payment A,2025-11-14,Category B,CCY-1,N,169.15,33.98,37.5,11.2,12.36,7.25,8.0,191.18,211.01,,NAB,211.01,2493,N23648,Basis-002/BG,4.83,1.07,0.35,0.23,6.03
XA,2025-12-07,INT,FN-132,XAFN-394,PVSVQR,PVS-VQR,8652941285370,,PVS-VQR,Class 1,TYPE-D,,Agent B1,Payment B,2025-12-04,Category C,CCY-4,N,156.08,38.75,41.14,11.69,12.41,4.5,4.78,192.94,204.85,,PVS,204.85,4555,R8IEU1,Basis-003,4.46,1.18,0.35,0.14,5.85
XA,2025-12-17,DOM,FN-101,XAFN-132,QFXKSN,QFX-KSN,3764255078688,,QFX-KSN,Class 6,TYPE-D,,Agent A1,Payment C,2025-11-12,Category A,CCY-3,Y,50.99,37.05,43.04,12.43,14.44,2.12,2.46,91.25,106.01,,QFX,106.01,1265,GICR6D,Basis-002,1.46,1.23,0.41,0.07,3.03
XA,2025-12-06,INT,FN-395,XAFN-394,DRWVQR,DRW-VQR,3142495629179,,DRW-VQR,Class 3,TYPE-C,,Agent B1,Payment A,2025-11-28,Category A,CCY-4,Y,88.94,27.52,30.57,12.08,13.42,2.27,2.52,117.41,130.41,,DRW,130.41,1794,1TSQAC,Basis-001,2.54,0.87,0.38,0.07,3.73
XA,2025-12-01,DOM,FN-117,XAFN-117,UMKJYN,UMK-JYN,0175454164879,Category C,UMK-JYN,Class 5,TYPE-A,,Agent A1,Payment B,2025-11-26,Category D,CCY-3,Y,133.25,53.59,46.09,25.37,21.82,5.3,4.56,228.6,196.6,,UMK,196.6,4021,L02MOY,Basis-002/BG,3.81,1.32,0.62,0.13,5.62
XA,2025-12-16,INT,FN-395,XAFN-132,QFXGNP,QFX-GNP,4833095872383,,QFX-GNP,Class 1,TYPE-A,,Agent B2,Payment A,2025-12-21,Category A,CCY-2,N,87.12,9.67,9.28,12.01,11.52,3.94,3.78,108.56,104.14,,QFX,104.14,2949,QVIOC0,Basis-003,2.49,0.27,0.33,0.11,2.98
XA,2025-12-24,INT,FN-105,XAFN-508,UMKMFP,UMK-MFP,6797209251920,,UMK-MFP,Class 2,TYPE-B,,Agent C1,Payment C,2025-12-17,Category C,CCY-4,Y,207.73,28.06,26.54,18.26,17.27,0.07,0.07,265.83,251.47,,UMK,251.47,2151,IFU43U,Basis-001/BG,5.94,0.76,0.49,0.0,7.18
XA,2025-12-18,INT,FN-132,XAFN-132,TDXRZP,TDX-RZP,1163971492075,,TDX-RZP,Class 9,TYPE-C,,Agent C2,Payment A,2025-12-21,Category C,CCY-2,Y,42.91,48.01,40.39,8.29,6.97,1.51,1.27,105.79,89.0,,TDX,89.0,2649,UQIONM,Basis-001,1.23,1.15,0.2,0.04,2.54
XA,2025-12-31,DOM,FN-394,XAFN-394,PVSFUG,PVS-FUG,3677244343549,,PVS-FUG,Class 3,TYPE-D,,Agent A2,Payment C,2025-12-26,Category D,CCY-3,N,287.55,50.71,59.89,5.22,6.17,7.95,9.39,291.47,344.22,,PVS,344.22,4103,D614IS,Basis-001,8.22,1.71,0.18,0.27,9.83
XA,2025-12-01,DOM,FN-118,XAFN-117,TDXUBR,TDX-UBR,4796000940916,Category D,TDX-UBR,Class 1,TYPE-D,,Agent A2,Payment B,2025-11-27,Category B,CCY-2,N,106.04,42.32,42.89,7.95,8.06,1.41,1.43,153.48,155.56,,TDX,155.56,1574,OZ83EJ,Basis-001/BG,3.03,1.23,0.23,0.04,4.44
XA,2025-12-31,DOM,FN-118,XAFN-101,YMLDRW,YML-DRW,1527311722641,Category D,YML-DRW,Class 4,TYPE-D,,Agent B1,Payment B,2025-12-07,Category A,CCY-1,Y,146.37,36.44,30.38,0.48,0.4,5.23,4.36,207.23,172.79,,YML,172.79,738,SEVI9V,Basis-002,4.18,0.87,0.01,0.12,4.94
XA,2025-12-27,INT,FN-132,XAFN-508,KLCMBT,KLC-MBT,6677153902262,Category D,KLC-MBT,Class 3,TYPE-D,,Agent C2,Payment A,2025-11-26,Category C,CCY-2,Y,148.89,18.63,19.65,7.14,7.53,4.06,4.28,162.84,171.79,,KLC,171.79,549,ZFUUZW,Basis-002/BG,4.25,0.56,0.22,0.12,4.91
XA,2025-12-10,INT,FN-117,XAFN-394,UBRHGV,UBR-HGV,8735540423169,,UBR-HGV,Class 7,TYPE-B,,Agent C2,Payment C,2025-12-18,Category A,CCY-1,N,265.49,10.54,11.15,13.3,14.07,10.85,11.48,263.93,279.23,,UBR,279.23,3828,83JUWL,Basis-001/BG,7.59,0.32,0.4,0.33,7.98
XA,2025-12-22,INT,FN-508,XAFN-117,TDXZYR,TDX-ZYR,5287835733813,Category C,TDX-ZYR,Class 5,TYPE-A,,Agent B2,Payment A,2025-11-18,Category C,CCY-3,Y,127.68,23.55,25.8,12.73,13.95,4.97,5.45,147.83,161.98,,TDX,161.98,1905,B9PDGK,Basis-002/BG,3.65,0.74,0.4,0.16,4.63
XA,2025-12-06,INT,FN-101,XAFN-119,KEEKUV,KEE-KUV,3505160232510,,KEE-KUV,Class 9,TYPE-A,,Agent B1,Payment B,2025-11-21,Category D,CCY-3,Y,177.2,34.2,38.56,13.16,14.84,1.5,1.69,203.01,228.91,,KEE,228.91,2385,WZJFXY,Basis-002,5.06,1.1,0.42,0.05,6.54
XA,2025-12-27,INT,FN-132,XAFN-105,DRWMBT,DRW-MBT,2538078191350,Category D,DRW-MBT,Class 2,TYPE-B,,Agent C2,Payment C,2025-11-20,Category C,CCY-1,Y,123.5,24.14,20.82,5.3,4.57,4.26,3.67,168.37,145.22,,DRW,145.22,4053,DY4LRE,Basis-002/BG,3.53,0.59,0.13,0.1,4.15
XA,2025-12-01,INT,FN-133,XAFN-105,KLCVQR,KLC-VQR,6218563520076,,KLC-VQR,Class 3,TYPE-C,,Agent A1,Payment B,2025-11-10,Category A,CCY-2,N,83.97,77.03,74.24,16.83,16.22,4.27,4.12,176.7,170.31,,KLC,170.31,4806,XSMXVQ,Basis-001,2.4,2.12,0.46,0.12,4.87
XA,2025-12-02,INT,FN-508,XAFN-101,YMLKUV,YML-KUV,1014610392788,,YML-KUV,Class 4,TYPE-B,,Agent A1,Payment B,2025-12-22,Category D,CCY-4,Y,41.91,8.66,10.16,10.58,12.41,0.04,0.05,54.91,64.43,,YML,64.43,3361,7TE8RT,Basis-002,1.2,0.29,0.35,0.0,1.84
XA,2025-12-12,DOM,FN-101,XAFN-508,UMKNAB,UMK-NAB,6568826728007,Category C,UMK-NAB,Class 6,TYPE-D,,Agent A2,Payment A,2025-12-17,Category A,CCY-4,N,193.78,46.72,38.23,10.67,8.73,11.02,9.02,283.17,231.72,,UMK,231.72,3865,FGHPAS,Basis-001,5.54,1.09,0.25,0.26,6.62
XA,2025-12-20,DOM,FN-508,XAFN-508,KEEKLC,KEE-KLC,5145498367146,,KEE-KLC,Class 7,TYPE-C,,Agent C1,Payment A,2025-12-31,Category D,CCY-4,N,139.96,34.64,34.92,10.35,10.43,6.61,6.66,177.2,178.65,,KEE,178.65,4515,SPN5MR,Basis-001,4.0,1.0,0.3,0.19,5.1
XA,2025-12-26,DOM,FN-132,XAFN-133,DRWQFX,DRW-QFX,3431807392002,Category D,DRW-QFX,Class 6,TYPE-C,,Agent B2,Payment B,2025-12-19,Category B,CCY-4,Y,27.54,24.87,26.55,5.38,5.74,0.06,0.06,55.99,59.77,,DRW,59.77,4047,ZRIYDR,Basis-003,0.79,0.76,0.16,0.0,1.71
XA,2025-12-16,INT,FN-117,XAFN-101,FUGSUQ,FUG-SUQ,1240254550054,,FUG-SUQ,Class 3,TYPE-A,,Agent C2,Payment C,2025-12-08,Category B,CCY-4,N,164.02,81.88,74.78,12.96,11.84,0.96,0.88,273.48,249.76,,FUG,249.76,3488,WISENO,Basis-001,4.69,2.14,0.34,0.03,7.14
XA,2025-12-02,DOM,FN-101,XAFN-101,KLCUBR,KLC-UBR,9143529493074,,KLC-UBR,Class 5,TYPE-D,,Agent C1,Payment C,2025-12-12,Category D,CCY-2,N,124.92,39.52,43.83,11.19,12.41,2.97,3.29,160.39,177.87,,KLC,177.87,2423,ONSRHD,Basis-003,3.57,1.25,0.35,0.09,5.08
XA,2025-12-13,INT,FN-101,XAFN-101,KSNGNP,KSN-GNP,2230234056771,Category C,KSN-GNP,Class 6,TYPE-C,,Agent A1,Payment C,2025-11-24,Category A,CCY-2,N,183.61,42.0,39.1,21.78,20.28,4.46,4.15,256.56,238.84,,KSN,238.84,1037,74F55A,Basis-001,5.25,1.12,0.58,0.12,6.82
XA,2025-12-05,INT,FN-394,XAFN-395,DRWTPX,DRW-TPX,8447909863615,Category C,DRW-TPX,Class 1,TYPE-D,,Agent B2,Payment C,2025-11-21,Category C,CCY-1,N,59.53,41.83,37.1,6.05,5.37,2.85,2.53,112.14,99.47,,DRW,99.47,2681,FF2JTJ,Basis-003,1.7,1.06,0.15,0.07,2.84
XA,2025-12-03,INT,FN-118,XAFN-132,YMLMFP,YML-MFP,0311802669141,Category C,YML-MFP,Class 2,TYPE-D,,Agent A1,Payment B,2025-11-06,Category A,CCY-2,N,194.44,18.15,16.22,8.85,7.91,9.44,8.44,235.08,210.13,,YML,210.13,3920,725U03,Basis-003,5.56,0.46,0.23,0.24,6.0
XA,2025-12-14,DOM,FN-395,XAFN-395,PVSJKS,PVS-JKS,3410341413181,,PVS-JKS,Class 7,TYPE-A,,Agent B1,Payment A,2025-12-31,Category C,CCY-2,Y,126.39,40.93,44.64,13.38,14.59,5.14,5.61,165.07,180.01,,PVS,180.01,2096,FWQVAL,Basis-001,3.61,1.28,0.42,0.16,5.14
XA,2025-12-15,INT,FN-105,XAFN-118,DRWZYR,DRW-ZYR,8783103145645,,DRW-ZYR,Class 5,TYPE-B,,Agent A2,Payment B,2025-11-21,Category D,CCY-1,N,50.34,26.54,30.82,5.56,6.45,1.75,2.03,73.71,85.58,,DRW,85.58,647,QJI47J,Basis-003,1.44,0.88,0.18,0.06,2.45
XA,2025-12-13,INT,FN-508,XAFN-118,KEESUQ,KEE-SUQ,1264106032675,Category C,KEE-SUQ,Class 4,TYPE-A,,Agent C2,Payment C,2025-12-06,Category A,CCY-2,N,49.32,24.69,26.74,7.81,8.46,1.38,1.5,76.64,83.02,,KEE,83.02,4205,7OD4C9,Basis-003,1.41,0.76,0.24,0.04,2.37
XA,2025-12-08,INT,FN-133,XAFN-101,NABRZP,NAB-RZP,6400474867948,,NAB-RZP,Class 5,TYPE-C,,Agent C1,Payment B,2025-12-04,Category A,CCY-4,N,344.14,42.12,36.49,3.59,3.11,15.63,13.54,427.34,370.2,,NAB,370.2,299,6I3AB6,Basis-002/BG,9.83,1.04,0.09,0.39,10.58
XA,2025-12-08,DOM,FN-394,XAFN-132,KLCFUG,KLC-FUG,9493307811171,,KLC-FUG,Class 8,TYPE-A,,Agent A1,Payment B,2025-12-10,Category A,CCY-4,Y,104.82,40.97,45.32,18.48,20.44,4.5,4.98,149.72,165.6,,KLC,165.6,960,JK83MV,Basis-002/BG,2.99,1.29,0.58,0.14,4.73
XA,2025-12-23,INT,FN-132,XAFN-132,YMLVQR,YML-VQR,2391703353004,Category C,YML-VQR,Class 4,TYPE-D,,Agent C2,Payment B,2025-11-23,Category B,CCY-3,N,23.12,1.65,1.8,17.72,19.35,0.71,0.77,39.83,43.5,,YML,43.5,1114,8WXQDQ,Basis-003,0.66,0.05,0.55,0.02,1.24
XA,2025-12-05,INT,FN-119,XAFN-395,KLCTPX,KLC-TPX,5865392768714,,KLC-TPX,Class 3,TYPE-B,,Agent B1,Payment C,2025-11-13,Category A,CCY-3,N,181.17,15.62,16.98,11.66,12.67,4.22,4.59,189.71,206.23,,KLC,206.23,3399,PBANXR,Basis-001/BG,5.18,0.49,0.36,0.13,5.89
XA,2025-12-05,INT,FN-132,XAFN-101,JYNSUQ,JYN-SUQ,6989354646398,,JYN-SUQ,Class 3,TYPE-A,,Agent A1,Payment B,2025-12-13,Category C,CCY-1,N,60.86,35.41,30.05,13.72,11.64,3.16,2.68,117.69,99.87,,JYN,99.87,4181,A5VIXR,Basis-001,1.74,0.86,0.33,0.08,2.85
XA,2025-12-28,INT,FN-101,XAFN-132,DRWMFP,DRW-MFP,0926000110156,,DRW-MFP,Class 3,TYPE-D,,Agent A1,Payment C,2025-11-30,Category B,CCY-3,N,223.94,14.2,14.79,10.01,10.43,3.47,3.61,235.71,245.55,,DRW,245.55,2267,80WC84,Basis-001,6.4,0.42,0.3,0.1,7.02
XA,2025-12-28,DOM,FN-118,XAFN-133,NABPVS,NAB-PVS,9908672331044,,NAB-PVS,Class 9,TYPE-D,,Agent C2,Payment B,2025-12-31,Category B,CCY-2,N,75.97,38.56,33.83,6.29,5.52,2.84,2.49,128.61,112.83,,NAB,112.83,3172,80CE91,Basis-003,2.17,0.97,0.16,0.07,3.22
XA,2025-12-13,DOM,FN-118,XAFN-105,KSNKEE,KSN-KEE,7613023641693,,KSN-KEE,Class 7,TYPE-B,,Agent B1,Payment C,2025-12-10,Category A,CCY-2,N,117.35,14.9,15.06,13.12,13.26,4.35,4.4,139.8,141.27,,KSN,141.27,3988,PAIIUC,Basis-003,3.35,0.43,0.38,0.13,4.04
XA,2025-12-29,DOM,FN-133,XAFN-394,NABKSN,NAB-KSN,1269379499952,Category C,NAB-KSN,Class 6,TYPE-C,,Agent A2,Payment C,2025-11-27,Category C,CCY-2,N,218.68,26.13,26.48,10.05,10.19,8.51,8.62,243.45,246.73,,NAB,246.73,2668,YK820P,Basis-003,6.25,0.76,0.29,0.25,7.05
XA,2025-12-08,INT,FN-101,XAFN-133,UMKLNR,UMK-LNR,4098058771555,,UMK-LNR,Class 2,TYPE-D,,Agent C2,Payment A,2025-12-20,Category D,CCY-1,N,34.11,21.46,25.5,8.2,9.75,0.45,0.53,57.92,68.83,,UMK,68.83,627,GMDFZJ,Basis-002/BG,0.97,0.73,0.28,0.02,1.97
XA,2025-12-13,DOM,FN-133,XAFN-101,JYNKSN,JYN-KSN,3235841802955,,JYN-KSN,Class 2,TYPE-D,,Agent A2,Payment C,2025-11-30,Category B,CCY-4,N,359.66,12.22,13.32,15.89,17.32,2.95,3.21,355.2,387.09,,JYN,387.09,4204,4LMUXF,Basis-002/BG,10.28,0.38,0.49,0.09,11.06
XA,2025-12-13,INT,FN-394,XAFN-101,NABLNR,NAB-LNR,3862567611258,Category D,NAB-LNR,Class 2,TYPE-B,,Agent A2,Payment A,2025-11-02,Category A,CCY-1,Y,229.75,38.58,34.21,21.19,18.79,6.21,5.51,312.69,277.24,,NAB,277.24,3161,OI0SF8,Basis-002,6.56,0.98,0.54,0.16,7.92
XA,2025-12-16,DOM,FN-395,XAFN-395,UMKJYN,UMK-JYN,3127365485220,,UMK-JYN,Class 4,TYPE-B,,Agent A1,Payment A,2025-12-10,Category D,CCY-2,Y,179.77,43.94,35.84,11.93,9.73,8.81,7.19,267.43,218.15,,UMK,218.15,4708,KTJYPZ,Basis-002/BG,5.14,1.02,0.28,0.21,6.23
XA,2025-12-24,INT,FN-132,XAFN-132,KLCVQR,KLC-VQR,5100510819484,Category C,KLC-VQR,Class 7,TYPE-B,,Agent B2,Payment A,2025-11-14,Category A,CCY-3,Y,247.89,44.24,46.45,6.54,6.87,0.78,0.82,286.12,300.39,,KLC,300.39,1918,P9EIB0,Basis-003,7.08,1.33,0.2,0.02,8.58
XA,2025-12-21,DOM,FN-118,XAFN-119,KEEPVS,KEE-PVS,7539169280916,,KEE-PVS,Class 4,TYPE-B,,Agent A1,Payment B,2025-12-24,Category D,CCY-3,N,44.46,23.43,26.96,5.21,6.0,1.32,1.52,65.95,75.9,,KEE,75.9,4772,QYAHAN,Basis-002,1.27,0.77,0.17,0.04,2.17
XA,2025-12-01,DOM,FN-101,XAFN-395,KEEDRW,KEE-DRW,4458015176429,,KEE-DRW,Class 2,TYPE-B,,Agent C1,Payment A,2025-12-08,Category B,CCY-4,N,144.92,47.05,48.56,7.47,7.71,2.74,2.83,192.19,198.36,,KEE,198.36,985,EA3X8O,Basis-003,4.14,1.39,0.22,0.08,5.67
XA,2025-12-11,INT,FN-132,XAFN-117,FUGMFP,FUG-MFP,3228058837743,Category D,FUG-MFP,Class 4,TYPE-C,,Agent C2,Payment A,2025-12-15,Category C,CCY-1,N,146.57,35.69,30.87,16.46,14.24,2.8,2.42,218.8,189.26,,FUG,189.26,3514,GM5HN1,Basis-001,4.19,0.88,0.41,0.07,5.41
XA,2025-12-27,DOM,FN-117,XAFN-394,JKSKLC,JKS-KLC,7888260317489,,JKS-KLC,Class 3,TYPE-B,,Agent A1,Payment B,2025-12-29,Category C,CCY-3,Y,29.75,19.45,20.9,10.29,11.06,0.45,0.48,56.99,61.23,,JKS,61.23,4057,ETC543,Basis-001/BG,0.85,0.6,0.32,0.01,1.75
XA,2025-12-22,DOM,FN-132,XAFN-508,TDXYML,TDX-YML,2055967577991,,TDX-YML,Class 6,TYPE-B,,Agent B2,Payment C,2025-12-22,Category B,CCY-3,Y,246.01,20.43,22.62,0.56,0.62,10.66,11.8,232.51,257.45,,TDX,257.45,2702,1Q8PJ1,Basis-001,7.03,0.65,0.02,0.34,7.36
XA,2025-12-30,DOM,FN-101,XAFN-105,DRWKEE,DRW-KEE,5221336896008,Category C,DRW-KEE,Class 9,TYPE-C,,Agent B2,Payment B,2025-12-14,Category A,CCY-3,Y,199.58,19.91,20.47,3.94,4.05,9.4,9.66,208.56,214.44,,DRW,214.44,4358,W5VZA9,Basis-002/BG,5.7,0.58,0.12,0.28,6.13
XA,2025-12-25,INT,FN-394,XAFN-508,DRWLNR,DRW-LNR,9271560338788,Category D,DRW-LNR,Class 2,TYPE-B,,Agent C1,Payment B,2025-12-17,Category D,CCY-2,Y,100.05,26.47,27.23,6.78,6.98,3.55,3.65,126.94,130.61,,DRW,130.61,4673,1JIUOI,Basis-003,2.86,0.78,0.2,0.1,3.73
XA,2025-12-19,DOM,FN-508,XAFN-118,NABKEE,NAB-KEE,4574441076926,Category C,NAB-KEE,Class 8,TYPE-D,,Agent C2,Payment B,2025-11-19,Category B,CCY-2,N,26.45,47.56,43.46,17.91,16.37,0.72,0.66,93.69,85.62,,NAB,85.62,3902,39DO70,Basis-001/BG,0.76,1.24,0.47,0.02,2.45
XA,2025-12-31,INT,FN-508,XAFN-101,TDXKUV,TDX-KUV,7996585783756,,TDX-KUV,Class 9,TYPE-D,,Agent B2,Payment C,2025-11-20,Category B,CCY-2,N,202.12,12.85,12.93,8.93,8.99,9.25,9.31,213.39,214.73,,TDX,214.73,519,R8H9XD,Basis-002/BG,5.77,0.37,0.26,0.27,6.14
XA,2025-12-01,INT,FN-394,XAFN-395,DRWLNR,DRW-LNR,8369223385403,Category C,DRW-LNR,Class 4,TYPE-D,,Agent C1,Payment C,2025-12-09,Category C,CCY-3,Y,149.48,36.89,38.98,12.62,13.34,4.65,4.91,186.31,196.89,,DRW,196.89,4741,L10I18,Basis-002/BG,4.27,1.11,0.38,0.14,5.63
XA,2025-12-11,INT,FN-105,XAFN-118,YMLGNP,YML-GNP,9724903223477,,YML-GNP,Class 8,TYPE-C,,Agent B2,Payment C,2025-11-22,Category A,CCY-2,Y,91.27,29.23,31.23,11.5,12.29,1.34,1.43,124.82,133.36,,YML,133.36,3124,LMQ96F,Basis-001,2.61,0.89,0.35,0.04,3.81
XA,2025-12-09,INT,FN-132,XAFN-508,FUGHGV,FUG-HGV,4761218939127,,FUG-HGV,Class 5,TYPE-D,,Agent B1,Payment A,2025-11-29,Category D,CCY-1,Y,266.47,34.1,40.57,11.73,13.95,2.18,2.59,267.62,318.4,,FUG,318.4,1460,GF9XXW,Basis-002,7.61,1.16,0.4,0.07,9.1
XA,2025-12-09,INT,FN-132,XAFN-132,QFXMBT,QFX-MBT,5595026356077,,QFX-MBT,Class 7,TYPE-C,,Agent A2,Payment A,2025-12-12,Category B,CCY-3,N,156.71,63.81,51.16,15.03,12.05,2.43,1.95,271.87,217.97,,QFX,217.97,3558,4G0CYO,Basis-001,4.48,1.46,0.34,0.06,6.23
XA,2025-12-27,DOM,FN-117,XAFN-133,PVSUBR,PVS-UBR,9022209755061,,PVS-UBR,Class 4,TYPE-A,,Agent B2,Payment C,2025-12-31,Category D,CCY-4,Y,81.11,46.91,51.05,12.39,13.49,2.1,2.29,131.72,143.36,,PVS,143.36,749,8YGCVH,Basis-002,2.32,1.46,0.39,0.07,4.1
XA,2025-12-24,DOM,FN-105,XAFN-395,JYNDRW,JYN-DRW,3339192969210,Category D,JYN-DRW,Class 8,TYPE-B,,Agent A1,Payment B,2025-11-06,Category B,CCY-2,Y,114.56,23.94,22.81,12.05,11.48,5.49,5.23,150.71,143.62,,JYN,143.62,3623,BCU5SX,Basis-002/BG,3.27,0.65,0.33,0.15,4.1
XA,2025-12-16,INT,FN-395,XAFN-395,KSNHGV,KSN-HGV,7282063228012,,KSN-HGV,Class 1,TYPE-A,,Agent B1,Payment B,2025-11-27,Category D,CCY-3,N,187.05,32.19,32.96,11.29,11.56,2.62,2.68,223.56,228.89,,KSN,228.89,4322,UE5RAU,Basis-001,5.34,0.94,0.33,0.08,6.54
XA,2025-12-27,INT,FN-132,XAFN-117,UBRMBT,UBR-MBT,5737874778840,,UBR-MBT,Class 8,TYPE-A,,Agent C2,Payment C,2025-12-09,Category C,CCY-2,N,286.0,51.03,46.07,12.13,10.95,11.01,9.94,368.93,333.08,,UBR,333.08,2805,RQ59D6,Basis-003,8.17,1.32,0.31,0.28,9.52
XA,2025-12-20,INT,FN-117,XAFN-395,KSNKHV,KSN-KHV,2616417005371,,KSN-KHV,Class 5,TYPE-A,,Agent B1,Payment B,2025-12-17,Category D,CCY-2,Y,225.3,17.6,14.51,14.54,11.99,5.45,4.49,299.94,247.31,,KSN,247.31,1848,C4XN98,Basis-003,6.44,0.41,0.34,0.13,7.07
XA,2025-12-04,INT,FN-117,XAFN-118,NABLNR,NAB-LNR,2853541601991,Category D,NAB-LNR,Class 3,TYPE-A,,Agent C1,Payment B,2025-11-01,Category A,CCY-4,N,294.74,30.5,26.73,6.57,5.76,9.8,8.59,363.59,318.64,,NAB,318.64,209,Y2YR6N,Basis-001,8.42,0.76,0.16,0.25,9.1
XA,2025-12-10,INT,FN-119,XAFN-119,JYNKUV,JYN-KUV,6895796724610,Category D,JYN-KUV,Class 2,TYPE-A,,Agent A1,Payment A,2025-12-30,Category A,CCY-1,Y,97.83,14.94,13.66,6.65,6.08,2.53,2.31,126.09,115.26,,JYN,115.26,4041,BDTN0A,Basis-001,2.8,0.39,0.17,0.07,3.29
XA,2025-12-21,DOM,FN-119,XAFN-508,JKSNAB,JKS-NAB,2010297599747,Category D,JKS-NAB,Class 5,TYPE-B,,Agent C1,Payment B,2025-11-21,Category D,CCY-4,N,120.36,8.07,8.92,9.12,10.08,0.89,0.98,125.23,138.38,,JKS,138.38,2284,3GFXY1,Basis-002,3.44,0.25,0.29,0.03,3.95
XA,2025-12-24,DOM,FN-119,XAFN-394,KEEQFX,KEE-QFX,4051337937669,,KEE-QFX,Class 2,TYPE-D,,Agent C1,Payment A,2025-12-18,Category D,CCY-4,Y,222.18,17.43,16.38,18.73,17.6,3.36,3.16,269.24,253.0,,KEE,253.0,4543,LRD2KX,Basis-002,6.35,0.47,0.5,0.09,7.23
XA,2025-12-02,INT,FN-395,XAFN-101,TDXMFP,TDX-MFP,3586240574450,,TDX-MFP,Class 7,TYPE-B,,Agent A2,Payment B,2025-11-24,Category B,CCY-1,N,190.86,43.91,45.46,6.48,6.71,2.53,2.62,232.21,240.41,,TDX,240.41,1390,90D6D8,Basis-003,5.45,1.3,0.19,0.07,6.87
XA,2025-12-17,INT,FN-508,XAFN-395,KLCMFP,KLC-MFP,5932135961830,,KLC-MFP,Class 2,TYPE-B,,Agent C2,Payment B,2025-12-15,Category A,CCY-3,Y,218.36,14.05,13.62,14.9,14.45,4.62,4.48,249.51,241.95,,KLC,241.95,1479,F4JM8R,Basis-001/BG,6.24,0.39,0.41,0.13,6.91
XA,2025-12-29,DOM,FN-394,XAFN-395,JKSUBR,JKS-UBR,1921474984746,,JKS-UBR,Class 5,TYPE-C,,Agent A2,Payment C,2025-11-16,Category D,CCY-2,Y,163.75,38.04,38.3,4.09,4.12,6.69,6.74,198.08,199.43,,JKS,199.43,4146,Z7Y95C,Basis-002/BG,4.68,1.09,0.12,0.19,5.7
XA,2025-12-12,DOM,FN-117,XAFN-508,JYNKSN,JYN-KSN,2676988979887,,JYN-KSN,Class 8,TYPE-C,,Agent B1,Payment B,2025-11-22,Category C,CCY-3,N,78.39,34.68,38.96,4.68,5.26,1.87,2.1,107.27,120.51,,JYN,120.51,2615,8IA77E,Basis-003,2.24,1.11,0.15,0.06,3.44
XA,2025-12-22,DOM,FN-105,XAFN-508,DRWKEE,DRW-KEE,3463890124844,,DRW-KEE,Class 6,TYPE-B,,Agent B2,Payment C,2025-12-21,Category C,CCY-4,N,187.06,9.67,9.49,14.51,14.24,1.73,1.7,213.04,209.09,,DRW,209.09,1173,7CMTOZ,Basis-001/BG,5.34,0.27,0.41,0.05,5.97
XA,2025-12-01,DOM,FN-132,XAFN-119,KLCJYN,KLC-JYN,1602274330372,,KLC-JYN,Class 1,TYPE-A,,Agent C1,Payment B,2025-12-11,Category B,CCY-4,N,51.4,42.49,38.28,14.57,13.13,0.95,0.86,113.16,101.95,,KLC,101.95,2643,Q5P52D,Basis-001,1.47,1.09,0.38,0.02,2.91
XA,2025-12-29,DOM,FN-394,XAFN-395,UMKPVS,UMK-PVS,0661545985866,Category C,UMK-PVS,Class 1,TYPE-C,,Agent B2,Payment B,2025-12-16,Category C,CCY-4,Y,94.26,44.29,38.73,12.92,11.3,2.94,2.57,162.08,141.72,,UMK,141.72,4483,7F4YGF,Basis-001/BG,2.69,1.11,0.32,0.07,4.05
XA,2025-12-13,INT,FN-508,XAFN-508,DRWSUQ,DRW-SUQ,8428828470520,Category C,DRW-SUQ,Class 1,TYPE-A,,Agent C2,Payment A,2025-12-24,Category B,CCY-3,N,106.89,14.22,14.87,0.18,0.19,4.27,4.46,112.39,117.49,,DRW,117.49,946,21G07H,Basis-002/BG,3.05,0.42,0.01,0.13,3.36
XA,2025-12-24,INT,FN-394,XAFN-395,UMKTPX,UMK-TPX,6268527287603,Category C,UMK-TPX,Class 5,TYPE-A,,Agent C1,Payment B,2025-11-29,Category B,CCY-2,N,177.97,5.57,6.53,8.94,10.48,5.98,7.01,160.41,187.97,,UMK,187.97,3785,88AGT3,Basis-002,5.08,0.19,0.3,0.2,5.37
XA,2025-12-06,INT,FN-119,XAFN-117,UBRSZV,UBR-SZV,7700453585973,,UBR-SZV,Class 6,TYPE-B,,Agent B2,Payment A,2025-12-18,Category B,CCY-4,Y,128.92,34.76,40.19,7.34,8.49,1.35,1.56,152.25,176.04,,UBR,176.04,4711,M7Q6LF,Basis-002,3.68,1.15,0.24,0.04,5.03
XA,2025-12-14,DOM,FN-395,XAFN-508,KLCPVS,KLC-PVS,3977041167881,Category D,KLC-PVS,Class 3,TYPE-D,,Agent C2,Payment B,2025-11-26,Category D,CCY-3,Y,123.64,44.73,40.98,12.75,11.68,2.31,2.12,190.12,174.18,,KLC,174.18,4522,O25NA8,Basis-002,3.53,1.17,0.33,0.06,4.98
XA,2025-12-23,INT,FN-117,XAFN-508,PVSKUV,PVS-KUV,1248955877006,Category C,PVS-KUV,Class 7,TYPE-B,,Agent C2,Payment C,2025-11-17,Category C,CCY-4,N,175.29,41.95,37.04,2.63,2.32,7.41,6.54,235.71,208.11,,PVS,208.11,1507,PBOWVH,Basis-001,5.01,1.06,0.07,0.19,5.95
XA,2025-12-04,DOM,FN-119,XAFN-395,PVSKEE,PVS-KEE,7162833568905,,PVS-KEE,Class 4,TYPE-A,,Agent C1,Payment C,2025-11-02,Category A,CCY-2,N,210.54,48.29,39.19,6.06,4.92,7.47,6.06,306.31,248.59,,PVS,248.59,1989,HK3LQE,Basis-002/BG,6.02,1.12,0.14,0.17,7.1
XA,2025-12-12,INT,FN-508,XAFN-133,KSNKHV,KSN-KHV,9579457595995,Category D,KSN-KHV,Class 8,TYPE-A,,Agent B1,Payment B,2025-12-28,Category B,CCY-1,N,130.47,25.13,29.41,7.97,9.33,5.56,6.51,139.01,162.7,,KSN,162.7,1297,UWPKN6,Basis-002,3.73,0.84,0.27,0.19,4.65
XA,2025-12-28,DOM,FN-132,XAFN-117,UMKYML,UMK-YML,0788216511921,Category D,UMK-YML,Class 6,TYPE-C,,Agent B2,Payment B,2025-12-16,Category C,CCY-2,N,176.71,60.38,51.47,18.08,15.41,7.14,6.09,278.63,237.5,,UMK,237.5,1420,CH2XRN,Basis-003,5.05,1.47,0.44,0.17,6.79
XA,2025-12-27,INT,FN-132,XAFN-119,JYNVQR,JYN-VQR,2124402936340,Category D,JYN-VQR,Class 1,TYPE-A,,Agent A2,Payment C,2025-11-06,Category A,CCY-2,N,45.02,47.81,39.33,20.23,16.64,0.83,0.68,121.93,100.31,,JYN,100.31,1549,MUUCA7,Basis-002/BG,1.29,1.12,0.48,0.02,2.87
XA,2025-12-03,INT,FN-395,XAFN-508,FUGGNP,FUG-GNP,1134348571339,,FUG-GNP,Class 4,TYPE-B,,Agent B2,Payment B,2025-12-05,Category D,CCY-2,Y,180.94,48.16,46.36,20.84,20.06,3.05,2.94,253.9,244.42,,FUG,244.42,1720,RKE1F1,Basis-003,5.17,1.32,0.57,0.08,6.98
XA,2025-12-10,DOM,FN-508,XAFN-118,PVSUBR,PVS-UBR,8029890888196,,PVS-UBR,Class 4,TYPE-C,,Agent B1,Payment A,2025-11-13,Category A,CCY-1,Y,231.9,41.36,33.74,18.67,15.23,14.12,11.52,330.18,269.35,,PVS,269.35,4916,5BFYGO,Basis-003,6.63,0.96,0.44,0.33,7.7
XA,2025-12-21,DOM,FN-133,XAFN-394,FUGJYN,FUG-JYN,0417103891918,,FUG-JYN,Class 3,TYPE-C,,Agent A1,Payment B,2025-12-23,Category A,CCY-2,Y,161.59,26.35,30.36,7.15,8.24,5.33,6.14,168.39,194.05,,FUG,194.05,2159,Z2A5I8,Basis-002,4.62,0.87,0.24,0.18,5.54
XA,2025-12-25,INT,FN-133,XAFN-132,DRWZYR,DRW-ZYR,0775257231631,,DRW-ZYR,Class 8,TYPE-A,,Agent A2,Payment C,2025-12-02,Category A,CCY-1,Y,275.07,17.58,17.72,17.53,17.66,3.49,3.52,304.59,306.93,,DRW,306.93,649,L51988,Basis-003,7.86,0.51,0.5,0.1,8.77
XA,2025-12-01,INT,FN-101,XAFN-132,UBRDPQ,UBR-DPQ,9946966932337,,UBR-DPQ,Class 4,TYPE-A,,Agent B2,Payment A,2025-12-18,Category C,CCY-1,Y,189.99,7.85,9.01,10.31,11.84,3.51,4.03,180.17,206.81,,UBR,206.81,416,U5CXUH,Basis-001/BG,5.43,0.26,0.34,0.12,5.91
XA,2025-12-16,DOM,FN-118,XAFN-118,QFXYML,QFX-YML,8883923759097,Category C,QFX-YML,Class 1,TYPE-B,,Agent C1,Payment B,2025-12-29,Category B,CCY-4,N,18.0,38.84,39.38,14.23,14.43,0.3,0.3,70.54,71.51,,QFX,71.51,4708,80M9EW,Basis-001,0.51,1.13,0.41,0.01,2.04
XA,2025-12-25,INT,FN-119,XAFN-133,KLCZYR,KLC-ZYR,7883873693238,,KLC-ZYR,Class 4,TYPE-A,,Agent B1,Payment C,2025-11-16,Category D,CCY-3,N,102.61,36.78,31.85,22.83,19.77,3.07,2.66,175.02,151.57,,KLC,151.57,3796,NLP2S0,Basis-002,2.93,0.91,0.56,0.08,4.33
XA,2025-12-04,DOM,FN-394,XAFN-132,DRWYML,DRW-YML,5297760145840,,DRW-YML,Class 8,TYPE-A,,Agent C2,Payment B,2025-11-17,Category A,CCY-1,N,109.54,14.71,14.12,18.13,17.41,0.74,0.71,146.19,140.36,,DRW,140.36,3799,GELHNC,Basis-002/BG,3.13,0.4,0.5,0.02,4.01
XA,2025-12-29,INT,FN-133,XAFN-105,FUGLNR,FUG-LNR,1892605554654,Category C,FUG-LNR,Class 5,TYPE-D,,Agent C1,Payment A,2025-11-25,Category C,CCY-4,Y,307.01,26.28,30.06,13.17,15.06,12.31,14.08,295.52,338.05,,FUG,338.05,4294,Q93H5Y,Basis-002,8.77,0.86,0.43,0.4,9.66
XA,2025-12-08,INT,FN-101,XAFN-105,JKSSZV,JKS-SZV,1962272386974,Category C,JKS-SZV,Class 6,TYPE-A,,Agent C2,Payment C,2025-12-20,Category D,CCY-4,Y,257.32,23.24,18.86,9.33,7.57,12.5,10.14,337.18,273.61,,JKS,273.61,3399,2IN2BU,Basis-002/BG,7.35,0.54,0.22,0.29,7.82
XA,2025-12-19,DOM,FN-105,XAFN-133,KLCTDX,KLC-TDX,5081136403484,Category D,KLC-TDX,Class 4,TYPE-B,,Agent C2,Payment B,2025-12-23,Category D,CCY-3,Y,248.47,50.88,55.28,11.79,12.81,0.33,0.36,291.04,316.2,,KLC,316.2,327,YGRUZU,Basis-001,7.1,1.58,0.37,0.01,9.03
XA,2025-12-14,INT,FN-508,XAFN-132,KLCGNP,KLC-GNP,4217562752800,,KLC-GNP,Class 6,TYPE-D,,Agent C2,Payment C,2025-12-26,Category A,CCY-3,N,79.61,54.4,59.81,6.68,7.35,1.03,1.13,132.46,145.64,,KLC,145.64,1876,JQXK1V,Basis-001/BG,2.27,1.71,0.21,0.03,4.16
XA,2025-12-14,INT,FN-118,XAFN-395,NABLNR,NAB-LNR,9710017078129,Category D,NAB-LNR,Class 7,TYPE-C,,Agent B2,Payment B,2025-12-31,Category A,CCY-2,Y,123.19,31.12,35.14,15.74,17.77,3.0,3.39,152.93,172.71,,NAB,172.71,535,4527KK,Basis-002,3.52,1.0,0.51,0.1,4.93
XA,2025-12-26,DOM,FN-395,XAFN-119,NABPVS,NAB-PVS,3728756798130,Category C,NAB-PVS,Class 4,TYPE-D,,Agent B1,Payment B,2025-11-18,Category D,CCY-3,N,218.32,32.64,36.22,11.1,12.32,7.02,7.79,233.49,259.07,,NAB,259.07,985,3MU50C,Basis-003,6.24,1.03,0.35,0.22,7.4
XA,2025-12-01,INT,FN-394,XAFN-508,KEEKUV,KEE-KUV,1161146446119,Category C,KEE-KUV,Class 9,TYPE-A,,Agent C1,Payment B,2025-11-24,Category C,CCY-3,Y,153.48,35.25,38.37,2.43,2.65,0.51,0.56,178.15,193.94,,KEE,193.94,2673,5R83Y7,Basis-002,4.39,1.1,0.08,0.02,5.54
XA,2025-12-24,DOM,FN-394,XAFN-394,YMLJYN,YML-JYN,0078812532512,,YML-JYN,Class 8,TYPE-A,,Agent C1,Payment A,2025-12-19,Category B,CCY-3,N,126.27,29.61,33.62,3.73,4.24,3.11,3.53,141.43,160.6,,YML,160.6,4157,UVWXOA,Basis-003,3.61,0.96,0.12,0.1,4.59
XA,2025-12-12,INT,FN-394,XAFN-105,JKSMFP,JKS-MFP,6468210037090,,JKS-MFP,Class 4,TYPE-A,,Agent A2,Payment B,2025-12-04,Category A,CCY-2,N,180.91,25.44,26.93,17.74,18.78,7.08,7.5,206.98,219.12,,JKS,219.12,3760,17IB22,Basis-001,5.17,0.77,0.54,0.21,6.26
XA,2025-12-16,DOM,FN-118,XAFN-395,QFXUMK,QFX-UMK,7629650744565,,QFX-UMK,Class 5,TYPE-B,,Agent B2,Payment B,2025-11-26,Category C,CCY-2,N,275.84,21.37,23.01,8.59,9.25,8.61,9.27,277.56,298.83,,QFX,298.83,935,1SSQVR,Basis-003,7.88,0.66,0.26,0.26,8.54
XA,2025-12-25,INT,FN-117,XAFN-101,KEESZV,KEE-SZV,2626930326452,Category D,KEE-SZV,Class 1,TYPE-D,,Agent A2,Payment A,2025-11-01,Category A,CCY-2,N,144.08,21.01,23.23,9.93,10.98,2.0,2.21,159.22,176.08,,KEE,176.08,2312,1BNMPM,Basis-001/BG,4.12,0.66,0.31,0.06,5.03
XA,2025-12-18,INT,FN-119,XAFN-394,JYNTPX,JYN-TPX,9900536693327,,JYN-TPX,Class 8,TYPE-B,,Agent A2,Payment B,2025-11-09,Category B,CCY-3,N,89.34,13.92,13.04,13.99,13.11,0.59,0.55,122.66,114.94,,JYN,114.94,3478,F8SQ63,Basis-001/BG,2.55,0.37,0.37,0.02,3.28
XA,2025-12-02,INT,FN-119,XAFN-119,NABGNP,NAB-GNP,7008942340370,Category D,NAB-GNP,Class 3,TYPE-B,,Agent A2,Payment A,2025-12-27,Category B,CCY-3,Y,200.36,20.31,17.94,16.4,14.48,8.51,7.52,255.06,225.26,,NAB,225.26,4602,5STNW8,Basis-001/BG,5.72,0.51,0.41,0.21,6.44
XA,2025-12-04,INT,FN-508,XAFN-395,NABHGV,NAB-HGV,5176968064554,Category D,NAB-HGV,Class 9,TYPE-B,,Agent A1,Payment B,2025-12-02,Category B,CCY-1,N,99.47,38.08,33.8,15.88,14.1,1.51,1.34,164.51,146.03,,NAB,146.03,1488,PBHF3H,Basis-003,2.84,0.97,0.4,0.04,4.17
XA,2025-12-17,INT,FN-395,XAFN-119,UMKKHV,UMK-KHV,9039799783315,,UMK-KHV,Class 6,TYPE-B,,Agent A2,Payment A,2025-12-09,Category C,CCY-2,N,147.31,31.08,36.82,6.26,7.42,1.64,1.94,160.06,189.61,,UMK,189.61,3029,22Y0EA,Basis-002/BG,4.21,1.05,0.21,0.06,5.42
XA,2025-12-13,INT,FN-394,XAFN-119,PVSKUV,PVS-KUV,4767149986328,Category D,PVS-KUV,Class 9,TYPE-A,,Agent C2,Payment A,2025-11-15,Category C,CCY-4,Y,134.28,24.31,26.91,5.66,6.27,3.87,4.28,147.41,163.18,,PVS,163.18,2742,FQGDM1,Basis-001/BG,3.84,0.77,0.18,0.12,4.66
XA,2025-12-11,INT,FN-508,XAFN-118,QFXVQR,QFX-VQR,0389554656531,,QFX-VQR,Class 7,TYPE-A,,Agent C1,Payment B,2025-11-14,Category A,CCY-2,Y,135.86,7.5,6.77,8.35,7.54,4.49,4.05,161.84,146.12,,QFX,146.12,1425,0DX087,Basis-002/BG,3.88,0.19,0.22,0.12,4.17
XA,2025-12-15,INT,FN-119,XAFN-117,YMLKUV,YML-KUV,2348749391660,,YML-KUV,Class 3,TYPE-A,,Agent A1,Payment C,2025-11-01,Category C,CCY-3,N,127.21,24.62,26.16,8.27,8.79,4.4,4.68,148.19,157.48,,YML,157.48,3446,Z00H4F,Basis-002,3.63,0.75,0.25,0.13,4.5
XA,2025-12-20,INT,FN-132,XAFN-118,KLCHGV,KLC-HGV,1760909371645,,KLC-HGV,Class 9,TYPE-A,,Agent B1,Payment B,2025-12-19,Category D,CCY-2,Y,145.06,36.98,37.19,14.29,14.37,4.79,4.82,190.72,191.8,,KLC,191.8,2427,P84JRH,Basis-001/BG,4.14,1.06,0.41,0.14,5.48
XA,2025-12-01,INT,FN-132,XAFN-133,KLCKHV,KLC-KHV,6518378477198,Category C,KLC-KHV,Class 1,TYPE-D,,Agent B1,Payment A,2025-12-23,Category C,CCY-3,N,98.02,10.15,11.95,4.07,4.79,0.54,0.64,96.93,114.12,,KLC,114.12,555,VOLHBF,Basis-002,2.8,0.34,0.14,0.02,3.26
XA,2025-12-31,DOM,FN-117,XAFN-118,KSNYML,KSN-YML,3435486952121,Category D,KSN-YML,Class 1,TYPE-D,,Agent A1,Payment A,2025-12-03,Category D,CCY-4,Y,111.02,22.05,24.72,5.49,6.15,1.39,1.56,125.2,140.33,,KSN,140.33,241,SBLLWN,Basis-001,3.17,0.71,0.18,0.04,4.01
XA,2025-12-09,INT,FN-394,XAFN-133,TDXDPQ,TDX-DPQ,9116122150396,Category D,TDX-DPQ,Class 1,TYPE-C,,Agent C1,Payment B,2025-12-16,Category A,CCY-2,Y,46.31,25.62,23.16,12.07,10.91,1.22,1.1,87.72,79.28,,TDX,79.28,547,2KLVHN,Basis-003,1.32,0.66,0.31,0.03,2.27
XA,2025-12-11,INT,FN-132,XAFN-101,PVSMFP,PVS-MFP,0295738010124,Category D,PVS-MFP,Class 7,TYPE-D,,Agent A1,Payment C,2025-11-06,Category C,CCY-1,Y,197.6,24.33,21.64,8.93,7.94,1.11,0.99,254.33,226.19,,PVS,226.19,3352,0XDKUU,Basis-001/BG,5.65,0.62,0.23,0.03,6.46
XA,2025-12-19,INT,FN-105,XAFN-508,NABDPQ,NAB-DPQ,3968718671708,,NAB-DPQ,Class 6,TYPE-C,,Agent C1,Payment A,2025-12-09,Category B,CCY-1,Y,75.86,31.6,29.53,6.16,5.76,3.56,3.33,115.39,107.82,,NAB,107.82,4775,6849A7,Basis-001,2.17,0.84,0.16,0.1,3.08
XA,2025-12-07,INT,FN-118,XAFN-508,FUGGNP,FUG-GNP,5220940037177,Category D,FUG-GNP,Class 4,TYPE-C,,Agent B2,Payment A,2025-12-16,Category D,CCY-2,N,195.85,3.87,3.21,9.88,8.2,9.59,7.96,240.21,199.3,,FUG,199.3,4631,AOC78G,Basis-002/BG,5.6,0.09,0.23,0.23,5.69
XA,2025-12-27,DOM,FN-132,XAFN-105,PVSKEE,PVS-KEE,6571211860181,,PVS-KEE,Class 4,TYPE-B,,Agent C2,Payment C,2025-12-12,Category B,CCY-1,Y,174.09,31.6,32.76,22.64,23.47,8.35,8.66,213.8,221.66,,PVS,221.66,1802,CLV01U,Basis-001/BG,4.97,0.94,0.67,0.25,6.33
XA,2025-12-22,DOM,FN-132,XAFN-508,DRWKLC,DRW-KLC,6889109619680,Category D,DRW-KLC,Class 3,TYPE-C,,Agent A1,Payment B,2025-11-11,Category A,CCY-2,Y,177.98,16.35,14.94,10.42,9.52,1.12,1.02,220.42,201.42,,DRW,201.42,1354,142AE2,Basis-001,5.09,0.43,0.27,0.03,5.75
XA,2025-12-23,DOM,FN-508,XAFN-394,QFXUBR,QFX-UBR,1408346954495,,QFX-UBR,Class 7,TYPE-D,,Agent A1,Payment C,2025-12-14,Category C,CCY-1,Y,7.9,26.64,28.79,5.4,5.83,0.32,0.35,39.03,42.17,,QFX,42.17,3591,3YQMPU,Basis-003,0.23,0.82,0.17,0.01,1.2
XA,2025-12-09,INT,FN-105,XAFN-118,TDXKUV,TDX-KUV,2904957762538,Category D,TDX-KUV,Class 1,TYPE-D,,Agent B2,Payment B,2025-12-09,Category A,CCY-4,N,223.23,20.86,21.76,9.03,9.42,2.76,2.88,241.08,251.53,,TDX,251.53,1799,BO4KF9,Basis-002/BG,6.38,0.62,0.27,0.08,7.19
XA,2025-12-31,DOM,FN-133,XAFN-117,JYNQFX,JYN-QFX,9761166286603,Category D,JYN-QFX,Class 7,TYPE-B,,Agent B1,Payment B,2025-12-27,Category D,CCY-3,N,99.16,69.6,56.08,10.41,8.39,3.59,2.89,199.5,160.74,,JYN,160.74,576,ENFRRY,Basis-001,2.83,1.6,0.24,0.08,4.59
XA,2025-12-05,DOM,FN-132,XAFN-117,FUGJKS,FUG-JKS,4235256008589,Category D,FUG-JKS,Class 8,TYPE-D,,Agent A1,Payment B,2025-11-12,Category A,CCY-2,N,296.6,38.84,42.21,11.42,12.41,2.82,3.06,320.38,348.16,,FUG,348.16,663,MFW66L,Basis-001,8.47,1.21,0.35,0.09,9.95
XA,2025-12-11,DOM,FN-508,XAFN-508,PVSFUG,PVS-FUG,3423221091294,Category D,PVS-FUG,Class 9,TYPE-B,,Agent C2,Payment A,2025-12-21,Category C,CCY-3,Y,179.5,37.19,35.91,0.37,0.36,3.45,3.33,220.03,212.44,,PVS,212.44,2502,53T2SJ,Basis-001/BG,5.13,1.03,0.01,0.1,6.07
XA,2025-12-25,INT,FN-117,XAFN-105,UBRHGV,UBR-HGV,1682313799818,,UBR-HGV,Class 9,TYPE-A,,Agent A1,Payment C,2025-12-07,Category D,CCY-2,Y,127.69,46.32,42.68,10.59,9.76,4.77,4.4,190.7,175.73,,UBR,175.73,2745,FO9SW2,Basis-001/BG,3.65,1.22,0.28,0.13,5.02
XA,2025-12-28,INT,FN-132,XAFN-117,JKSKHV,JKS-KHV,6348882372544,Category C,JKS-KHV,Class 8,TYPE-B,,Agent C2,Payment B,2025-11-13,Category C,CCY-4,Y,37.58,26.3,29.21,16.68,18.52,1.65,1.83,75.17,83.48,,JKS,83.48,753,68Y1TL,Basis-001/BG,1.07,0.83,0.53,0.05,2.39
XA,2025-12-01,INT,FN-118,XAFN-394,JKSRZP,JKS-RZP,6766608288745,,JKS-RZP,Class 4,TYPE-A,,Agent C2,Payment C,2025-11-09,Category A,CCY-2,N,249.75,29.4,29.07,14.93,14.76,6.45,6.38,290.49,287.2,,JKS,287.2,2767,HY3ZOM,Basis-001/BG,7.14,0.83,0.42,0.18,8.21
XA,2025-12-02,DOM,FN-394,XAFN-118,JKSKLC,JKS-KLC,1443010614452,,JKS-KLC,Class 3,TYPE-C,,Agent B1,Payment C,2025-11-30,Category C,CCY-4,N,120.68,4.18,4.44,5.06,5.38,0.72,0.77,122.08,129.73,,JKS,129.73,1877,HVWR3Y,Basis-002,3.45,0.13,0.15,0.02,3.71
XA,2025-12-20,DOM,FN-394,XAFN-101,YMLUBR,YML-UBR,1003434499758,Category D,YML-UBR,Class 5,TYPE-D,,Agent C2,Payment A,2025-12-17,Category A,CCY-4,N,275.03,26.61,25.89,9.02,8.78,2.32,2.26,316.02,307.44,,YML,307.44,4392,O893EN,Basis-003,7.86,0.74,0.25,0.06,8.78
XA,2025-12-08,DOM,FN-395,XAFN-117,JYNTDX,JYN-TDX,7490331222395,Category D,JYN-TDX,Class 5,TYPE-A,,Agent B2,Payment A,2025-11-19,Category D,CCY-2,Y,126.01,49.17,58.56,15.22,18.13,2.42,2.88,167.77,199.82,,JYN,199.82,1163,9055S2,Basis-003,3.6,1.67,0.52,0.08,5.71
XA,2025-12-08,INT,FN-133,XAFN-133,QFXHGV,QFX-HGV,6560076228212,Category C,QFX-HGV,Class 8,TYPE-A,,Agent C1,Payment A,2025-12-25,Category D,CCY-4,Y,327.5,28.07,27.61,11.67,11.48,4.26,4.19,368.44,362.4,,QFX,362.4,4138,UJPPZH,Basis-001/BG,9.36,0.79,0.33,0.12,10.35
XA,2025-12-14,DOM,FN-508,XAFN-117,UBRKEE,UBR-KEE,0666048531234,Category D,UBR-KEE,Class 5,TYPE-B,,Agent B1,Payment C,2025-12-22,Category C,CCY-3,Y,28.67,43.48,52.15,3.47,4.16,0.77,0.92,70.09,84.06,,UBR,84.06,1121,8X92MF,Basis-002,0.82,1.49,0.12,0.03,2.4
XA,2025-12-16,DOM,FN-101,XAFN-118,FUGKEE,FUG-KEE,8364811659558,Category D,FUG-KEE,Class 7,TYPE-C,,Agent A2,Payment A,2025-12-10,Category B,CCY-2,N,167.34,12.62,13.54,6.58,7.06,3.64,3.91,171.53,184.03,,FUG,184.03,4900,17H4GY,Basis-002,4.78,0.39,0.2,0.11,5.26
XA,2025-12-16,INT,FN-132,XAFN-508,KSNHGV,KSN-HGV,3586134174919,Category D,KSN-HGV,Class 7,TYPE-B,,Agent C1,Payment A,2025-12-06,Category C,CCY-4,Y,83.02,20.94,20.88,7.32,7.3,1.79,1.78,109.75,109.42,,KSN,109.42,3741,24GVA3,Basis-002/BG,2.37,0.6,0.21,0.05,3.13
XA,2025-12-04,DOM,FN-132,XAFN-118,JKSKEE,JKS-KEE,8044236479214,,JKS-KEE,Class 1,TYPE-A,,Agent A1,Payment C,2025-12-04,Category D,CCY-1,Y,106.14,47.78,42.5,5.04,4.48,0.45,0.4,171.68,152.72,,JKS,152.72,3349,16JQVL,Basis-003,3.03,1.21,0.13,0.01,4.36
XA,2025-12-19,DOM,FN-133,XAFN-394,JKSJYN,JKS-JYN,3672096102372,,JKS-JYN,Class 4,TYPE-C,,Agent A2,Payment C,2025-11-12,Category A,CCY-1,N,167.64,46.18,48.27,7.11,7.43,3.06,3.2,210.61,220.14,,JKS,220.14,4369,2UPFJN,Basis-002/BG,4.79,1.38,0.21,0.09,6.29
XA,2025-12-07,DOM,FN-117,XAFN-394,NABKLC,NAB-KLC,7011549177326,,NAB-KLC,Class 6,TYPE-D,,Agent C1,Payment B,2025-11-27,Category D,CCY-3,Y,92.57,27.15,26.54,16.26,15.9,4.34,4.24,133.77,130.77,,NAB,130.77,486,7SYR7S,Basis-002/BG,2.64,0.76,0.45,0.12,3.74
XA,2025-12-02,INT,FN-117,XAFN-133,UBRVQR,UBR-VQR,3276765964587,,UBR-VQR,Class 4,TYPE-D,,Agent C1,Payment B,2025-12-23,Category C,CCY-4,N,165.53,19.1,22.03,10.77,12.42,1.97,2.27,171.4,197.71,,UBR,197.71,841,M43I46,Basis-002,4.73,0.63,0.35,0.06,5.65
XA,2025-12-15,DOM,FN-394,XAFN-117,PVSNAB,PVS-NAB,9084896539450,Category C,PVS-NAB,Class 3,TYPE-D,,Agent B1,Payment B,2025-12-06,Category A,CCY-3,N,61.82,42.52,40.22,12.73,12.04,0.07,0.07,120.54,114.01,,PVS,114.01,4500,AIH0NO,Basis-001/BG,1.77,1.15,0.34,0.0,3.26
XA,2025-12-24,DOM,FN-395,XAFN-101,PVSTDX,PVS-TDX,4073730415063,Category C,PVS-TDX,Class 2,TYPE-C,,Agent A1,Payment B,2025-11-07,Category A,CCY-2,Y,125.38,18.3,17.42,5.85,5.57,2.68,2.55,153.19,145.82,,PVS,145.82,3539,MITWPH,Basis-002,3.58,0.5,0.16,0.07,4.17
XA,2025-12-31,INT,FN-133,XAFN-133,JYNMBT,JYN-MBT,0332739974159,Category C,JYN-MBT,Class 7,TYPE-A,,Agent C2,Payment C,2025-11-19,Category A,CCY-3,Y,192.79,40.39,48.43,5.68,6.81,5.56,6.67,201.28,241.36,,JYN,241.36,927,AWPRTY,Basis-003,5.51,1.38,0.19,0.19,6.9
XA,2025-12-19,INT,FN-394,XAFN-119,FUGTPX,FUG-TPX,8330614435754,,FUG-TPX,Class 5,TYPE-B,,Agent B1,Payment A,2025-12-31,Category C,CCY-3,Y,186.67,1.33,1.31,7.19,7.08,5.61,5.52,192.51,189.54,,FUG,189.54,3557,B1BOTM,Basis-002/BG,5.33,0.04,0.2,0.16,5.42
XA,2025-12-08,DOM,FN-133,XAFN-105,JYNFUG,JYN-FUG,3912377459984,,JYN-FUG,Class 9,TYPE-B,,Agent A2,Payment B,2025-11-27,Category D,CCY-1,Y,147.52,15.72,16.35,5.12,5.32,6.67,6.94,156.03,162.25,,JYN,162.25,2939,6S9RCB,Basis-002/BG,4.21,0.47,0.15,0.2,4.64
XA,2025-12-15,INT,FN-395,XAFN-119,FUGZYR,FUG-ZYR,8478483034857,Category C,FUG-ZYR,Class 7,TYPE-D,,Agent B1,Payment C,2025-11-19,Category A,CCY-3,N,96.58,42.22,34.38,11.13,9.06,0.25,0.2,171.7,139.82,,FUG,139.82,2348,WRSWG5,Basis-003,2.76,0.98,0.26,0.01,3.99
XA,2025-12-14,DOM,FN-394,XAFN-395,KLCNAB,KLC-NAB,5984440889593,,KLC-NAB,Class 7,TYPE-B,,Agent A2,Payment C,2025-11-03,Category D,CCY-3,N,29.06,1.53,1.81,5.91,6.97,0.31,0.36,31.78,37.48,,KLC,37.48,3769,AZMPWB,Basis-002,0.83,0.05,0.2,0.01,1.07
XA,2025-12-20,DOM,FN-133,XAFN-133,YMLNAB,YML-NAB,3309235654030,,YML-NAB,Class 1,TYPE-A,,Agent B1,Payment B,2025-12-22,Category A,CCY-2,Y,186.61,10.79,11.21,7.22,7.5,5.45,5.66,192.12,199.66,,YML,199.66,3992,HFE5WM,Basis-001,5.33,0.32,0.21,0.16,5.7
XA,2025-12-18,INT,FN-117,XAFN-101,KEEZYR,KEE-ZYR,6820481093054,Category D,KEE-ZYR,Class 5,TYPE-D,,Agent A2,Payment C,2025-11-23,Category D,CCY-2,N,107.9,47.7,50.83,7.57,8.07,1.01,1.08,155.5,165.72,,KEE,165.72,3862,5VS0JZ,Basis-002,3.08,1.45,0.23,0.03,4.73
XA,2025-12-28,DOM,FN-119,XAFN-395,UMKFUG,UMK-FUG,2642951852557,,UMK-FUG,Class 6,TYPE-A,,Agent B1,Payment B,2025-12-08,Category A,CCY-1,Y,180.64,32.3,32.12,0.65,0.65,4.87,4.84,209.74,208.57,,UMK,208.57,639,7EP03L,Basis-002,5.16,0.92,0.02,0.14,5.96
XA,2025-12-01,INT,FN-118,XAFN-395,PVSKHV,PVS-KHV,8491508924464,,PVS-KHV,Class 8,TYPE-B,,Agent B1,Payment A,2025-11-29,Category D,CCY-4,N,211.46,29.68,33.23,11.2,12.54,0.97,1.09,228.76,256.14,,PVS,256.14,3039,2V27NL,Basis-003,6.04,0.95,0.36,0.03,7.32
XA,2025-12-25,DOM,FN-132,XAFN-118,UBRKEE,UBR-KEE,7777459254123,,UBR-KEE,Class 9,TYPE-B,,Agent B1,Payment C,2025-12-08,Category B,CCY-2,N,464.1,1.29,1.26,19.03,18.62,15.75,15.41,478.79,468.57,,UBR,468.57,4049,WACKLN,Basis-002,13.26,0.04,0.53,0.44,13.39
XA,2025-12-28,INT,FN-105,XAFN-133,TDXMFP,TDX-MFP,6239567125593,Category D,TDX-MFP,Class 7,TYPE-A,,Agent A2,Payment B,2025-11-28,Category D,CCY-4,N,127.0,29.35,34.31,8.36,9.77,4.87,5.69,141.5,165.39,,TDX,165.39,370,NEF1FF,Basis-002/BG,3.63,0.98,0.28,0.16,4.73
XA,2025-12-23,INT,FN-119,XAFN-118,JKSVQR,JKS-VQR,1700545583455,Category D,JKS-VQR,Class 2,TYPE-C,,Agent B2,Payment A,2025-11-08,Category D,CCY-3,Y,116.06,18.19,21.45,9.88,11.65,4.02,4.74,122.45,144.42,,JKS,144.42,1867,N8XZ4O,Basis-003,3.32,0.61,0.33,0.14,4.13
XA,2025-12-19,DOM,FN-105,XAFN-101,UMKKLC,UMK-KLC,8604317155785,Category C,UMK-KLC,Class 6,TYPE-A,,Agent C2,Payment C,2025-12-08,Category D,CCY-1,Y,28.63,36.79,41.26,7.06,7.92,0.38,0.43,69.0,77.38,,UMK,77.38,2027,ONB7YI,Basis-001,0.82,1.18,0.23,0.01,2.21
XA,2025-12-03,INT,FN-101,XAFN-132,KEEKHV,KEE-KHV,5839111532026,Category D,KEE-KHV,Class 9,TYPE-A,,Agent A1,Payment C,2025-12-16,Category B,CCY-3,Y,59.59,28.71,23.25,20.12,16.29,2.38,1.93,120.03,97.2,,KEE,97.2,1978,7PRB6X,Basis-001/BG,1.7,0.66,0.47,0.06,2.78
XA,2025-12-31,INT,FN-394,XAFN-395,UMKGNP,UMK-GNP,1676634208348,,UMK-GNP,Class 2,TYPE-B,,Agent B1,Payment A,2025-12-18,Category D,CCY-2,N,107.17,38.74,35.38,6.95,6.35,3.1,2.83,159.93,146.07,,UMK,146.07,2592,RF3L4J,Basis-003,3.06,1.01,0.18,0.08,4.17
XA,2025-12-08,DOM,FN-394,XAFN-508,KLCNAB,KLC-NAB,5818774499246,,KLC-NAB,Class 3,TYPE-A,,Agent B1,Payment B,2025-11-25,Category B,CCY-4,N,210.63,41.37,40.28,19.76,19.24,6.48,6.31,270.98,263.84,,KLC,263.84,2242,DL3OXH,Basis-002,6.02,1.15,0.55,0.18,7.54
XA,2025-12-26,DOM,FN-133,XAFN-118,KSNNAB,KSN-NAB,9666811822923,Category C,KSN-NAB,Class 7,TYPE-C,,Agent B2,Payment C,2025-12-02,Category B,CCY-1,Y,135.95,34.05,40.03,8.92,10.49,4.9,5.76,153.73,180.71,,KSN,180.71,629,IHRUJ9,Basis-001,3.88,1.14,0.3,0.16,5.16
XA,2025-12-31,DOM,FN-132,XAFN-394,UMKDRW,UMK-DRW,8304559657657,,UMK-DRW,Class 8,TYPE-A,,Agent A1,Payment B,2025-11-22,Category A,CCY-3,Y,253.67,16.07,19.22,11.48,13.73,7.5,8.97,232.2,277.65,,UMK,277.65,3440,WRPX7J,Basis-002/BG,7.25,0.55,0.39,0.26,7.93
XA,2025-12-14,DOM,FN-132,XAFN-119,KSNJYN,KSN-JYN,4420042186747,,KSN-JYN,Class 1,TYPE-C,,Agent A2,Payment A,2025-11-16,Category C,CCY-3,Y,134.42,32.19,29.04,11.59,10.46,3.06,2.76,189.73,171.16,,KSN,171.16,4905,D8M7AM,Basis-002,3.84,0.83,0.3,0.08,4.89
XA,2025-12-09,DOM,FN-119,XAFN-117,YMLUBR,YML-UBR,2987663279042,Category C,YML-UBR,Class 6,TYPE-B,,Agent C1,Payment A,2025-11-01,Category D,CCY-3,Y,170.18,33.84,28.26,13.26,11.07,0.5,0.42,250.4,209.09,,YML,209.09,4340,WC3BNE,Basis-001,4.86,0.81,0.32,0.01,5.97
XA,2025-12-11,INT,FN-117,XAFN-394,JKSHGV,JKS-HGV,0259961143583,,JKS-HGV,Class 5,TYPE-C,,Agent A1,Payment C,2025-12-01,Category D,CCY-4,N,276.25,43.08,44.78,13.81,14.35,4.81,5.0,317.84,330.38,,JKS,330.38,1211,HPA169,Basis-001,7.89,1.28,0.41,0.14,9.44
XA,2025-12-27,INT,FN-394,XAFN-105,UMKSUQ,UMK-SUQ,4732043192743,,UMK-SUQ,Class 8,TYPE-B,,Agent B2,Payment B,2025-11-27,Category C,CCY-3,N,113.56,14.19,16.66,12.59,14.78,1.64,1.93,121.83,143.07,,UMK,143.07,554,GHDOMS,Basis-002/BG,3.24,0.48,0.42,0.06,4.09
XA,2025-12-31,DOM,FN-117,XAFN-101,QFXJYN,QFX-JYN,3670275100568,,QFX-JYN,Class 6,TYPE-A,,Agent B2,Payment C,2025-11-01,Category C,CCY-3,N,220.08,53.79,52.09,7.21,6.98,3.84,3.72,284.42,275.43,,QFX,275.43,822,18CS4Q,Basis-003,6.29,1.49,0.2,0.11,7.87
XA,2025-12-26,DOM,FN-119,XAFN-119,KLCKSN,KLC-KSN,0548495165707,Category D,KLC-KSN,Class 4,TYPE-B,,Agent A2,Payment A,2025-12-16,Category B,CCY-3,Y,131.64,6.18,5.41,9.19,8.04,6.01,5.26,159.8,139.83,,KLC,139.83,1411,JOJ02W,Basis-002,3.76,0.15,0.23,0.15,4.0
XA,2025-12-21,DOM,FN-105,XAFN-132,TDXKEE,TDX-KEE,4880510933465,Category C,TDX-KEE,Class 3,TYPE-B,,Agent B2,Payment A,2025-12-19,Category B,CCY-1,Y,229.73,20.13,23.0,11.55,13.2,3.06,3.5,229.7,262.43,,TDX,262.43,2786,R1ZGZB,Basis-003,6.56,0.66,0.38,0.1,7.5
XA,2025-12-21,INT,FN-117,XAFN-105,FUGTPX,FUG-TPX,7047012592833,,FUG-TPX,Class 5,TYPE-A,,Agent B2,Payment C,2025-12-24,Category C,CCY-2,N,134.76,35.59,34.86,4.35,4.26,3.1,3.04,174.4,170.84,,FUG,170.84,4535,DNQBVR,Basis-001/BG,3.85,1.0,0.12,0.09,4.88
XA,2025-12-29,DOM,FN-508,XAFN-105,KEEKLC,KEE-KLC,6983317936470,Category D,KEE-KLC,Class 2,TYPE-C,,Agent A1,Payment B,2025-11-23,Category C,CCY-1,N,156.82,13.66,14.87,8.33,9.07,4.94,5.38,161.13,175.38,,KEE,175.38,1422,9MH4QX,Basis-002/BG,4.48,0.42,0.26,0.15,5.01
XA,2025-12-18,INT,FN-132,XAFN-133,KEESUQ,KEE-SUQ,2271926026118,,KEE-SUQ,Class 5,TYPE-A,,Agent C2,Payment A,2025-11-02,Category B,CCY-4,N,19.56,59.74,48.09,17.26,13.89,0.22,0.18,101.08,81.36,,KEE,81.36,226,VCKU3C,Basis-002/BG,0.56,1.37,0.4,0.01,2.32
XA,2025-12-17,DOM,FN-101,XAFN-132,KEEYML,KEE-YML,8777701497268,Category C,KEE-YML,Class 3,TYPE-A,,Agent A1,Payment C,2025-11-22,Category D,CCY-4,N,187.33,49.52,52.82,4.93,5.26,6.07,6.47,224.0,238.94,,KEE,238.94,2706,P8QW8N,Basis-003,5.35,1.51,0.15,0.18,6.83
XA,2025-12-28,DOM,FN-105,XAFN-119,TDXKSN,TDX-KSN,5639748925007,Category D,TDX-KSN,Class 3,TYPE-A,,Agent B2,Payment B,2025-12-18,Category C,CCY-1,N,289.79,39.05,43.98,7.83,8.82,4.55,5.13,299.6,337.46,,TDX,337.46,4073,GTT0RR,Basis-003,8.28,1.26,0.25,0.15,9.64
XA,2025-12-30,INT,FN-508,XAFN-132,QFXHGV,QFX-HGV,8438356999712,Category D,QFX-HGV,Class 8,TYPE-B,,Agent A1,Payment A,2025-12-10,Category B,CCY-2,Y,240.85,11.23,13.41,4.92,5.88,3.77,4.5,214.11,255.64,,QFX,255.64,3312,6PUF3E,Basis-001,6.88,0.38,0.17,0.13,7.3
XA,2025-12-07,INT,FN-105,XAFN-119,TDXSUQ,TDX-SUQ,8783056828753,Category C,TDX-SUQ,Class 4,TYPE-C,,Agent B1,Payment A,2025-11-28,Category B,CCY-2,Y,101.31,20.6,22.07,4.41,4.72,1.75,1.87,117.83,126.23,,TDX,126.23,1312,VJTRRE,Basis-001/BG,2.89,0.63,0.13,0.05,3.61
XA,2025-12-08,DOM,FN-508,XAFN-117,DRWTDX,DRW-TDX,2293177865039,Category D,DRW-TDX,Class 4,TYPE-D,,Agent B1,Payment C,2025-12-12,Category A,CCY-3,N,247.85,30.77,26.12,13.85,11.76,10.88,9.24,325.71,276.49,,DRW,276.49,2867,8YRR4C,Basis-002,7.08,0.75,0.34,0.26,7.9
XA,2025-12-12,DOM,FN-119,XAFN-395,FUGKSN,FUG-KSN,1157509272094,,FUG-KSN,Class 5,TYPE-B,,Agent B2,Payment C,2025-12-15,Category C,CCY-2,N,104.37,2.9,2.69,12.23,11.35,1.69,1.57,125.95,116.84,,FUG,116.84,3086,9GWHUO,Basis-002/BG,2.98,0.08,0.32,0.04,3.34
XA,2025-12-25,INT,FN-118,XAFN-119,KEEDPQ,KEE-DPQ,9441010427974,Category C,KEE-DPQ,Class 9,TYPE-C,,Agent B1,Payment C,2025-11-10,Category A,CCY-3,Y,2.98,30.18,28.97,3.29,3.16,0.05,0.05,36.52,35.06,,KEE,35.06,1074,42S5WW,Basis-003,0.09,0.83,0.09,0.0,1.0
XA,2025-12-07,DOM,FN-395,XAFN-118,YMLKSN,YML-KSN,8111570347560,,YML-KSN,Class 4,TYPE-D,,Agent B1,Payment C,2025-11-11,Category D,CCY-3,Y,308.98,36.97,43.67,8.91,10.53,5.87,6.93,301.58,356.25,,YML,356.25,2673,3MLOF6,Basis-001,8.83,1.25,0.3,0.2,10.18
XA,2025-12-05,DOM,FN-119,XAFN-508,JKSPVS,JKS-PVS,4071734346609,Category D,JKS-PVS,Class 5,TYPE-C,,Agent B2,Payment C,2025-11-04,Category A,CCY-4,N,251.1,16.05,17.31,11.8,12.72,7.25,7.82,253.46,273.31,,JKS,273.31,615,2IU4CP,Basis-002,7.17,0.49,0.36,0.22,7.81
XA,2025-12-24,DOM,FN-105,XAFN-117,DRWYML,DRW-YML,0224175616809,Category D,DRW-YML,Class 6,TYPE-D,,Agent B1,Payment C,2025-12-24,Category A,CCY-2,N,165.98,32.25,33.96,15.54,16.36,0.59,0.62,204.83,215.68,,DRW,215.68,2410,EHHO0A,Basis-003,4.74,0.97,0.47,0.02,6.16
XA,2025-12-29,INT,FN-132,XAFN-395,TDXDPQ,TDX-DPQ,1791578290524,Category C,TDX-DPQ,Class 2,TYPE-B,,Agent A1,Payment C,2025-12-26,Category A,CCY-3,Y,208.6,31.83,34.33,1.6,1.73,8.75,9.44,218.07,235.22,,TDX,235.22,2519,FUVSKK,Basis-001,5.96,0.98,0.05,0.27,6.72
XA,2025-12-19,DOM,FN-105,XAFN-118,UBRUMK,UBR-UMK,2652012017402,,UBR-UMK,Class 6,TYPE-C,,Agent C2,Payment B,2025-11-28,Category D,CCY-4,N,73.2,27.28,28.16,10.14,10.47,3.2,3.3,105.12,108.53,,UBR,108.53,3181,WTYFG2,Basis-001,2.09,0.8,0.3,0.09,3.1
XA,2025-12-30,DOM,FN-133,XAFN-118,NABDRW,NAB-DRW,4915321801130,Category D,NAB-DRW,Class 8,TYPE-B,,Agent A2,Payment A,2025-11-23,Category D,CCY-3,Y,59.58,56.05,66.18,14.89,17.58,2.4,2.83,119.01,140.51,,NAB,140.51,2131,KT790F,Basis-002,1.7,1.89,0.5,0.08,4.01
XA,2025-12-06,INT,FN-101,XAFN-117,KSNTPX,KSN-TPX,5342386707760,Category D,KSN-TPX,Class 8,TYPE-B,,Agent C1,Payment C,2025-11-13,Category D,CCY-1,N,198.17,25.91,31.08,7.45,8.94,5.2,6.24,193.35,231.95,,KSN,231.95,3436,6K8Z6R,Basis-001/BG,5.66,0.89,0.26,0.18,6.63
XA,2025-12-02,DOM,FN-101,XAFN-119,KEEJYN,KEE-JYN,3051097247254,Category C,KEE-JYN,Class 6,TYPE-D,,Agent B1,Payment B,2025-12-27,Category A,CCY-2,N,73.85,27.4,31.16,9.93,11.29,2.58,2.93,99.7,113.37,,KEE,113.37,4556,VHG9P0,Basis-001/BG,2.11,0.89,0.32,0.08,3.24
XA,2025-12-30,INT,FN-395,XAFN-508,PVSGNP,PVS-GNP,3632786807042,Category C,PVS-GNP,Class 4,TYPE-C,,Agent B2,Payment C,2025-11-15,Category A,CCY-1,N,50.66,40.35,35.01,10.63,9.22,2.35,2.04,107.01,92.85,,PVS,92.85,4941,I30YVY,Basis-001/BG,1.45,1.0,0.26,0.06,2.65
XA,2025-12-28,INT,FN-101,XAFN-394,YMLMBT,YML-MBT,7508849499963,Category D,YML-MBT,Class 8,TYPE-D,,Agent B2,Payment C,2025-11-27,Category D,CCY-1,Y,2.62,15.18,17.09,7.04,7.93,0.04,0.05,24.5,27.59,,YML,27.59,779,I736MV,Basis-002,0.07,0.49,0.23,0.0,0.79
XA,2025-12-11,INT,FN-132,XAFN-105,PVSRZP,PVS-RZP,3305915419635,,PVS-RZP,Class 5,TYPE-A,,Agent A1,Payment C,2025-11-27,Category D,CCY-2,N,301.02,40.44,38.35,3.5,3.32,2.58,2.45,358.78,340.24,,PVS,340.24,3006,DI47I1,Basis-003,8.6,1.1,0.09,0.07,9.72
XA,2025-12-29,DOM,FN-117,XAFN-117,UBRJKS,UBR-JKS,3426787032381,Category C,UBR-JKS,Class 1,TYPE-A,,Agent B2,Payment A,2025-12-27,Category B,CCY-3,N,188.88,7.59,6.79,17.22,15.41,0.68,0.61,235.18,210.47,,UBR,210.47,2716,Y04LF3,Basis-001,5.4,0.19,0.44,0.02,6.01
XA,2025-12-29,DOM,FN-119,XAFN-105,JYNPVS,JYN-PVS,1493310886230,,JYN-PVS,Class 6,TYPE-C,,Agent C1,Payment B,2025-12-14,Category A,CCY-4,Y,112.31,25.03,28.6,14.55,16.63,1.2,1.37,136.67,156.17,,JYN,156.17,2124,3TSAZK,Basis-002,3.21,0.82,0.48,0.04,4.46
XA,2025-12-03,DOM,FN-118,XAFN-101,NABKEE,NAB-KEE,8170284616878,,NAB-KEE,Class 1,TYPE-B,,Agent A2,Payment A,2025-11-19,Category D,CCY-2,Y,47.03,10.5,9.04,8.22,7.08,0.19,0.16,73.14,62.99,,NAB,62.99,1917,X8KXXJ,Basis-001/BG,1.34,0.26,0.2,0.0,1.8
XA,2025-12-02,INT,FN-101,XAFN-118,QFXGNP,QFX-GNP,6010413135557,Category D,QFX-GNP,Class 2,TYPE-B,,Agent A1,Payment C,2025-12-01,Category B,CCY-1,Y,233.07,8.72,7.21,5.03,4.16,5.8,4.79,289.94,239.65,,QFX,239.65,2100,VM19QX,Basis-002/BG,6.66,0.21,0.12,0.14,6.85
XA,2025-12-27,INT,FN-394,XAFN-394,KLCDPQ,KLC-DPQ,6775138771239,,KLC-DPQ,Class 2,TYPE-B,,Agent C1,Payment B,2025-12-12,Category B,CCY-4,Y,113.91,32.93,38.28,13.76,16.0,3.5,4.07,141.18,164.12,,KLC,164.12,2475,SIJEJM,Basis-003,3.25,1.09,0.46,0.12,4.69
XA,2025-12-04,INT,FN-395,XAFN-395,UMKDPQ,UMK-DPQ,0796403157585,Category C,UMK-DPQ,Class 2,TYPE-A,,Agent C1,Payment C,2025-11-21,Category B,CCY-4,N,112.95,26.8,23.83,17.73,15.77,5.26,4.68,166.27,147.87,,UMK,147.87,1348,B63V1V,Basis-002/BG,3.23,0.68,0.45,0.13,4.22
XA,2025-12-17,DOM,FN-132,XAFN-133,NABTDX,NAB-TDX,7020715378420,Category D,NAB-TDX,Class 6,TYPE-C,,Agent C2,Payment C,2025-11-23,Category C,CCY-3,Y,0.42,25.07,24.17,11.36,10.95,0.0,0.0,36.86,35.54,,NAB,35.54,2818,J74Q7S,Basis-003,0.01,0.69,0.31,0.0,1.02
XA,2025-12-05,INT,FN-105,XAFN-101,JYNHGV,JYN-HGV,0720409471124,,JYN-HGV,Class 9,TYPE-A,,Agent C2,Payment B,2025-11-24,Category D,CCY-2,Y,185.94,19.28,22.35,8.77,10.17,5.17,5.99,183.32,212.47,,JYN,212.47,2489,D589TO,Basis-001,5.31,0.64,0.29,0.17,6.07
XA,2025-12-27,INT,FN-394,XAFN-101,QFXMBT,QFX-MBT,4986711018770,Category C,QFX-MBT,Class 3,TYPE-B,,Agent A2,Payment B,2025-11-30,Category A,CCY-4,N,49.07,21.95,20.13,13.38,12.27,0.34,0.31,88.51,81.16,,QFX,81.16,2606,I1QE4X,Basis-003,1.4,0.58,0.35,0.01,2.32
XA,2025-12-26,INT,FN-119,XAFN-395,NABMBT,NAB-MBT,1779989924692,Category D,NAB-MBT,Class 1,TYPE-D,,Agent A1,Payment B,2025-12-25,Category A,CCY-2,Y,71.42,37.53,30.88,14.86,12.23,2.77,2.28,136.42,112.25,,NAB,112.25,1769,CS1KED,Basis-002,2.04,0.88,0.35,0.07,3.21
XA,2025-12-15,INT,FN-132,XAFN-508,PVSTPX,PVS-TPX,1700343743256,,PVS-TPX,Class 6,TYPE-C,,Agent A1,Payment C,2025-11-22,Category B,CCY-1,N,122.6,38.31,32.56,6.11,5.19,3.68,3.13,184.99,157.22,,PVS,157.22,1331,L5YHCM,Basis-001,3.5,0.93,0.15,0.09,4.49
XA,2025-12-04,DOM,FN-119,XAFN-133,FUGTDX,FUG-TDX,9300522144267,Category C,FUG-TDX,Class 1,TYPE-C,,Agent A2,Payment C,2025-11-17,Category B,CCY-2,N,133.47,48.66,39.15,13.4,10.78,0.24,0.19,227.69,183.21,,FUG,183.21,3676,E3DYYW,Basis-003,3.81,1.12,0.31,0.01,5.23
XA,2025-12-09,INT,FN-132,XAFN-132,QFXMFP,QFX-MFP,3758268295081,Category D,QFX-MFP,Class 3,TYPE-C,,Agent A1,Payment A,2025-12-22,Category B,CCY-4,Y,103.08,39.99,33.36,16.27,13.57,4.89,4.08,174.95,145.93,,QFX,145.93,1796,MNIMCH,Basis-002,2.95,0.95,0.39,0.12,4.17
XA,2025-12-11,DOM,FN-101,XAFN-394,UMKUBR,UMK-UBR,8197354425247,,UMK-UBR,Class 1,TYPE-D,,Agent B2,Payment B,2025-11-19,Category C,CCY-3,N,14.0,42.22,47.39,7.41,8.32,0.02,0.02,62.09,69.69,,UMK,69.69,2367,2ILKBP,Basis-002/BG,0.4,1.35,0.24,0.0,1.99
XA,2025-12-15,DOM,FN-132,XAFN-132,DRWQFX,DRW-QFX,3779385460912,,DRW-QFX,Class 9,TYPE-A,,Agent B1,Payment A,2025-11-30,Category B,CCY-4,N,184.04,43.73,47.96,2.86,3.14,1.06,1.16,213.35,233.98,,DRW,233.98,2274,3MHPDP,Basis-003,5.26,1.37,0.09,0.03,6.69
XA,2025-12-13,DOM,FN-117,XAFN-132,KSNNAB,KSN-NAB,1743160325039,Category D,KSN-NAB,Class 5,TYPE-B,,Agent C2,Payment C,2025-12-09,Category C,CCY-4,N,93.24,25.03,25.67,5.93,6.08,0.14,0.14,121.75,124.85,,KSN,124.85,1466,QUF7P2,Basis-002/BG,2.66,0.73,0.17,0.0,3.57
XA,2025-12-23,INT,FN-132,XAFN-508,TDXTPX,TDX-TPX,5781273174271,Category C,TDX-TPX,Class 5,TYPE-B,,Agent A2,Payment C,2025-11-18,Category A,CCY-3,Y,288.79,18.59,17.15,7.83,7.22,14.5,13.38,324.96,299.78,,TDX,299.78,1947,VH56RD,Basis-002/BG,8.25,0.49,0.21,0.38,8.57
XA,2025-12-11,INT,FN-132,XAFN-105,PVSZYR,PVS-ZYR,1286381105022,Category C,PVS-ZYR,Class 5,TYPE-A,,Agent B2,Payment C,2025-11-19,Category C,CCY-1,N,166.35,10.24,11.97,6.86,8.02,1.98,2.31,157.4,184.03,,PVS,184.03,1590,2798P7,Basis-002/BG,4.75,0.34,0.23,0.07,5.26
XA,2025-12-23,INT,FN-118,XAFN-119,JYNDPQ,JYN-DPQ,3732783969215,,JYN-DPQ,Class 5,TYPE-A,,Agent A1,Payment A,2025-11-25,Category A,CCY-2,N,175.4,28.29,25.01,10.78,9.53,2.05,1.81,235.42,208.13,,JYN,208.13,3812,1CGWJ9,Basis-003,5.01,0.71,0.27,0.05,5.95
XA,2025-12-12,INT,FN-132,XAFN-394,TDXKUV,TDX-KUV,3105208983187,Category C,TDX-KUV,Class 7,TYPE-A,,Agent C2,Payment C,2025-11-24,Category A,CCY-3,N,107.65,7.29,7.28,11.63,11.61,1.17,1.17,125.53,125.37,,TDX,125.37,1916,4Q46DE,Basis-002/BG,3.08,0.21,0.33,0.03,3.58
XA,2025-12-06,DOM,FN-394,XAFN-132,QFXFUG,QFX-FUG,9082680090722,,QFX-FUG,Class 5,TYPE-D,,Agent A1,Payment A,2025-12-31,Category A,CCY-3,N,290.39,25.41,30.28,9.34,11.13,0.63,0.75,277.85,331.05,,QFX,331.05,3044,GVXLOB,Basis-001/BG,8.3,0.87,0.32,0.02,9.46
XA,2025-12-12,DOM,FN-394,XAFN-508,FUGJKS,FUG-JKS,0323088806094,,FUG-JKS,Class 9,TYPE-D,,Agent B1,Payment A,2025-11-11,Category C,CCY-4,Y,205.42,12.96,10.96,21.88,18.51,11.49,9.72,266.16,225.17,,FUG,225.17,2010,7BSTRM,Basis-002/BG,5.87,0.31,0.53,0.28,6.43
XA,2025-12-11,INT,FN-508,XAFN-105,JKSKUV,JKS-KUV,4504972366946,Category C,JKS-KUV,Class 9,TYPE-D,,Agent A2,Payment C,2025-11-28,Category C,CCY-3,Y,166.19,67.93,54.48,7.89,6.33,9.84,7.89,273.22,219.11,,JKS,219.11,4625,6KYB27,Basis-003,4.75,1.56,0.18,0.23,6.26
XA,2025-12-30,INT,FN-133,XAFN-117,KLCKUV,KLC-KUV,1764349394166,,KLC-KUV,Class 6,TYPE-C,,Agent A1,Payment B,2025-12-06,Category D,CCY-1,N,295.44,38.71,41.63,11.87,12.77,9.36,10.07,315.92,339.77,,KLC,339.77,4565,LJC1BX,Basis-002/BG,8.44,1.19,0.36,0.29,9.71
XA,2025-12-20,INT,FN-119,XAFN-508,NABGNP,NAB-GNP,7895377012493,,NAB-GNP,Class 7,TYPE-D,,Agent C2,Payment B,2025-11-23,Category B,CCY-3,N,168.72,26.23,26.27,15.97,16.0,8.0,8.01,202.66,202.98,,NAB,202.98,2222,9PAPKR,Basis-003,4.82,0.75,0.46,0.23,5.8
XA,2025-12-06,DOM,FN-133,XAFN-508,DRWJKS,DRW-JKS,2032735712567,Category C,DRW-JKS,Class 2,TYPE-A,,Agent A2,Payment A,2025-11-01,Category A,CCY-4,N,161.23,0.44,0.49,3.96,4.41,2.7,3.01,146.36,163.12,,DRW,163.12,3950,X5MVNF,Basis-002,4.61,0.01,0.13,0.09,4.66
XA,2025-12-26,DOM,FN-101,XAFN-132,JKSKLC,JKS-KLC,7836903034136,Category D,JKS-KLC,Class 7,TYPE-B,,Agent A2,Payment C,2025-12-03,Category C,CCY-4,N,135.13,33.57,34.65,9.42,9.72,0.13,0.13,173.79,179.37,,JKS,179.37,4591,J6V452,Basis-001,3.86,0.99,0.28,0.0,5.12
XA,2025-12-13,INT,FN-105,XAFN-118,KLCZYR,KLC-ZYR,3370049174436,,KLC-ZYR,Class 7,TYPE-A,,Agent C2,Payment C,2025-12-11,Category D,CCY-1,Y,247.52,0.8,0.73,11.79,10.72,0.34,0.31,284.57,258.66,,KLC,258.66,4326,6QGCMR,Basis-002/BG,7.07,0.02,0.31,0.01,7.39
XA,2025-12-14,INT,FN-133,XAFN-105,UBRZYR,UBR-ZYR,8248741427853,,UBR-ZYR,Class 6,TYPE-C,,Agent A1,Payment C,2025-12-17,Category D,CCY-3,Y,4.56,36.53,41.4,8.41,9.53,0.19,0.22,48.77,55.27,,UBR,55.27,3626,HJUCFH,Basis-001/BG,0.13,1.18,0.27,0.01,1.58
XA,2025-12-07,DOM,FN-117,XAFN-101,FUGJKS,FUG-JKS,4484567715417,,FUG-JKS,Class 1,TYPE-D,,Agent A1,Payment B,2025-11-21,Category D,CCY-1,Y,183.57,15.09,17.04,14.53,16.4,3.75,4.23,188.49,212.78,,FUG,212.78,4924,DDY0NX,Basis-002/BG,5.24,0.49,0.47,0.12,6.08
XA,2025-12-13,INT,FN-133,XAFN-118,KLCSZV,KLC-SZV,7608520852964,Category D,KLC-SZV,Class 7,TYPE-C,,Agent A2,Payment A,2025-12-02,Category C,CCY-3,Y,233.34,35.62,38.75,8.6,9.35,8.76,9.53,249.96,271.91,,KLC,271.91,2555,UTREUR,Basis-001/BG,6.67,1.11,0.27,0.27,7.77
XA,2025-12-22,INT,FN-395,XAFN-132,JKSMBT,JKS-MBT,0692987386400,,JKS-MBT,Class 5,TYPE-D,,Agent A2,Payment B,2025-11-27,Category D,CCY-2,Y,196.39,19.95,19.4,14.68,14.28,1.69,1.64,234.9,228.43,,JKS,228.43,4985,BF5JCD,Basis-001/BG,5.61,0.55,0.41,0.05,6.53
XA,2025-12-17,DOM,FN-118,XAFN-101,YMLKEE,YML-KEE,6548855875524,Category D,YML-KEE,Class 2,TYPE-B,,Agent C1,Payment B,2025-11-07,Category C,CCY-1,Y,281.96,41.11,46.06,5.67,6.35,11.6,13.0,286.84,321.37,,YML,321.37,2464,GV7MZS,Basis-002,8.06,1.32,0.18,0.37,9.18
XA,2025-12-30,DOM,FN-105,XAFN-119,JYNTDX,JYN-TDX,5566963389586,Category D,JYN-TDX,Class 9,TYPE-A,,Agent B2,Payment C,2025-12-05,Category B,CCY-2,N,178.91,10.79,10.6,13.09,12.86,5.92,5.82,200.05,196.55,,JYN,196.55,3370,6YV091,Basis-002/BG,5.11,0.3,0.37,0.17,5.62
XA,2025-12-19,DOM,FN-119,XAFN-133,QFXDRW,QFX-DRW,8426851797367,,QFX-DRW,Class 5,TYPE-A,,Agent A1,Payment A,2025-12-12,Category D,CCY-4,Y,186.05,1.65,1.95,3.55,4.19,3.32,3.92,159.61,188.27,,QFX,188.27,676,Y9LZYE,Basis-001,5.32,0.06,0.12,0.11,5.38
XA,2025-12-25,DOM,FN-132,XAFN-105,UMKNAB,UMK-NAB,9045624462201,,UMK-NAB,Class 8,TYPE-C,,Agent B2,Payment B,2025-11-14,Category B,CCY-2,Y,127.35,29.94,25.49,4.64,3.95,0.75,0.64,183.39,156.15,,UMK,156.15,3090,BFGEEI,Basis-003,3.64,0.73,0.11,0.02,4.46
XA,2025-12-31,DOM,FN-508,XAFN-395,QFXKEE,QFX-KEE,4142024843507,Category D,QFX-KEE,Class 4,TYPE-C,,Agent A1,Payment C,2025-12-09,Category B,CCY-1,Y,181.12,36.49,33.77,9.76,9.03,6.29,5.82,235.64,218.1,,QFX,218.1,1708,S4X5VQ,Basis-001/BG,5.17,0.96,0.26,0.17,6.23
XA,2025-12-01,INT,FN-394,XAFN-394,QFXZYR,QFX-ZYR,1823532773765,Category D,QFX-ZYR,Class 5,TYPE-C,,Agent B2,Payment B,2025-11-05,Category D,CCY-2,Y,89.54,39.32,45.73,15.72,18.28,0.34,0.39,131.7,153.16,,QFX,153.16,3835,M8ML7K,Basis-001,2.56,1.31,0.52,0.01,4.38
XA,2025-12-19,DOM,FN-119,XAFN-508,DRWUBR,DRW-UBR,2942702150134,Category C,DRW-UBR,Class 7,TYPE-B,,Agent C1,Payment A,2025-11-28,Category B,CCY-1,N,111.32,19.4,20.82,11.61,12.46,1.76,1.89,132.96,142.71,,DRW,142.71,4620,9XLGKQ,Basis-001/BG,3.18,0.59,0.36,0.05,4.08
XA,2025-12-02,DOM,FN-119,XAFN-394,PVSTDX,PVS-TDX,1912759395571,Category D,PVS-TDX,Class 2,TYPE-B,,Agent A1,Payment C,2025-11-06,Category D,CCY-2,Y,121.36,26.8,27.91,13.15,13.7,3.51,3.66,152.97,159.31,,PVS,159.31,1652,B7OXYV,Basis-001,3.47,0.8,0.39,0.1,4.55
XA,2025-12-13,DOM,FN-118,XAFN-118,PVSQFX,PVS-QFX,4329691422007,Category C,PVS-QFX,Class 5,TYPE-B,,Agent B2,Payment B,2025-12-16,Category B,CCY-2,N,2.75,43.25,49.77,9.0,10.36,0.04,0.05,54.61,62.83,,PVS,62.83,1487,QBW677,Basis-002,0.08,1.42,0.3,0.0,1.8
XA,2025-12-02,INT,FN-101,XAFN-101,FUGZYR,FUG-ZYR,9006325867754,,FUG-ZYR,Class 4,TYPE-C,,Agent C1,Payment B,2025-11-08,Category D,CCY-2,Y,117.08,30.2,28.66,10.34,9.81,3.33,3.16,160.6,152.39,,FUG,152.39,4728,X8XIJP,Basis-001/BG,3.35,0.82,0.28,0.09,4.35
XA,2025-12-25,DOM,FN-133,XAFN-395,KSNPVS,KSN-PVS,4154635175735,,KSN-PVS,Class 5,TYPE-C,,Agent A1,Payment C,2025-12-24,Category D,CCY-4,N,11.5,46.99,52.42,9.15,10.21,0.18,0.2,66.27,73.93,,KSN,73.93,4860,YM3MUL,Basis-002/BG,0.33,1.5,0.29,0.01,2.11
XA,2025-12-06,DOM,FN-508,XAFN-133,KEEKLC,KEE-KLC,4842109222514,Category D,KEE-KLC,Class 4,TYPE-C,,Agent B2,Payment C,2025-12-11,Category C,CCY-2,Y,185.44,47.81,44.27,5.28,4.89,4.48,4.15,248.89,230.45,,KEE,230.45,3912,XIOBCF,Basis-002/BG,5.3,1.26,0.14,0.12,6.58
XA,2025-12-26,INT,FN-394,XAFN-117,YMLZYR,YML-ZYR,2982109352439,Category C,YML-ZYR,Class 3,TYPE-B,,Agent C1,Payment C,2025-11-24,Category A,CCY-4,Y,187.88,31.28,25.99,17.12,14.23,0.52,0.43,273.97,227.67,,YML,227.67,2703,U6UA2Y,Basis-003,5.37,0.74,0.41,0.01,6.5
XA,2025-12-22,INT,FN-118,XAFN-394,YMLSUQ,YML-SUQ,6790078244666,,YML-SUQ,Class 1,TYPE-C,,Agent C2,Payment C,2025-11-15,Category D,CCY-4,Y,20.18,32.22,28.51,7.9,6.99,0.61,0.54,62.31,55.14,,YML,55.14,4829,WHOFYM,Basis-001,0.58,0.81,0.2,0.02,1.58
XA,2025-12-19,INT,FN-394,XAFN-117,JKSSUQ,JKS-SUQ,6692325727346,Category C,JKS-SUQ,Class 3,TYPE-D,,Agent A1,Payment C,2025-12-14,Category C,CCY-3,N,184.58,38.16,37.05,6.65,6.46,7.48,7.26,227.46,220.83,,JKS,220.83,1648,GYIW59,Basis-002/BG,5.27,1.06,0.18,0.21,6.31
XA,2025-12-24,INT,FN-133,XAFN-105,FUGZYR,FUG-ZYR,8068628868879,Category C,FUG-ZYR,Class 6,TYPE-C,,Agent B1,Payment C,2025-12-28,Category C,CCY-1,Y,93.03,30.83,28.34,6.0,5.52,4.74,4.36,133.29,122.53,,FUG,122.53,2213,Y2X6MS,Basis-002/BG,2.66,0.81,0.16,0.12,3.5
XA,2025-12-28,INT,FN-395,XAFN-395,DRWDPQ,DRW-DPQ,3318380169347,,DRW-DPQ,Class 2,TYPE-A,,Agent A2,Payment C,2025-12-24,Category B,CCY-2,N,217.36,26.9,24.46,4.98,4.53,7.97,7.25,262.97,239.1,,DRW,239.1,4245,V2WV3D,Basis-001/BG,6.21,0.7,0.13,0.21,6.83
XA,2025-12-12,DOM,FN-117,XAFN-101,KLCKEE,KLC-KEE,0239152313363,,KLC-KEE,Class 2,TYPE-C,,Agent A1,Payment C,2025-12-06,Category B,CCY-4,Y,120.01,14.41,14.42,1.84,1.84,1.29,1.29,134.92,134.98,,KLC,134.98,1575,RGEVPG,Basis-001,3.43,0.41,0.05,0.04,3.86
XA,2025-12-16,DOM,FN-132,XAFN-133,TDXJKS,TDX-JKS,9000191765324,Category D,TDX-JKS,Class 1,TYPE-B,,Agent B1,Payment A,2025-12-21,Category D,CCY-2,Y,51.01,28.52,31.64,15.0,16.64,0.23,0.25,89.28,99.04,,TDX,99.04,3253,6LZKWE,Basis-001,1.46,0.9,0.48,0.01,2.83
XA,2025-12-02,INT,FN-118,XAFN-101,KEEGNP,KEE-GNP,0938083491232,,KEE-GNP,Class 8,TYPE-D,,Agent C2,Payment C,2025-11-01,Category A,CCY-2,N,175.05,23.9,20.9,14.04,12.28,5.34,4.67,232.76,203.56,,KEE,203.56,1958,GZTE0M,Basis-002/BG,5.0,0.6,0.35,0.13,5.82
XA,2025-12-04,INT,FN-105,XAFN-133,KSNRZP,KSN-RZP,7954283267011,,KSN-RZP,Class 3,TYPE-D,,Agent C1,Payment A,2025-11-08,Category D,CCY-1,N,113.27,23.44,19.58,5.06,4.23,6.0,5.01,158.11,132.07,,KSN,132.07,4599,OEVGDG,Basis-002/BG,3.24,0.56,0.12,0.14,3.77
XA,2025-12-06,INT,FN-101,XAFN-508,KLCGNP,KLC-GNP,9417530405319,Category D,KLC-GNP,Class 7,TYPE-A,,Agent A1,Payment C,2025-11-22,Category A,CCY-4,N,9.85,29.95,24.15,13.38,10.79,0.15,0.12,55.4,44.67,,KLC,44.67,2840,2AJLTO,Basis-002/BG,0.28,0.69,0.31,0.0,1.28
XA,2025-12-02,INT,FN-101,XAFN-395,KEEVQR,KEE-VQR,3076440583550,,KEE-VQR,Class 8,TYPE-D,,Agent A2,Payment B,2025-11-11,Category D,CCY-3,N,142.27,22.76,23.76,5.05,5.27,2.97,3.1,161.11,168.2,,KEE,168.2,2185,7EGA4T,Basis-001/BG,4.06,0.68,0.15,0.09,4.81
XA,2025-12-07,DOM,FN-118,XAFN-101,KEEJKS,KEE-JKS,6368019905024,,KEE-JKS,Class 2,TYPE-D,,Agent B1,Payment A,2025-11-05,Category D,CCY-1,N,198.66,12.41,10.24,16.82,13.88,9.04,7.46,260.9,215.32,,KEE,215.32,4088,2ZQYJM,Basis-002/BG,5.68,0.29,0.4,0.21,6.15
XA,2025-12-29,INT,FN-118,XAFN-101,UMKKHV,UMK-KHV,7904481388190,,UMK-KHV,Class 7,TYPE-A,,Agent B1,Payment B,2025-12-15,Category D,CCY-2,N,69.82,22.39,18.71,3.19,2.67,2.63,2.2,106.48,89.0,,UMK,89.0,3494,QOC4EU,Basis-001,1.99,0.53,0.08,0.06,2.54
XA,2025-12-03,DOM,FN-394,XAFN-394,JYNKEE,JYN-KEE,0223804534782,,JYN-KEE,Class 3,TYPE-D,,Agent C2,Payment A,2025-11-21,Category B,CCY-1,Y,109.89,48.38,44.63,13.64,12.58,2.68,2.47,178.45,164.63,,JYN,164.63,685,WMVYTS,Basis-003,3.14,1.28,0.36,0.07,4.7
XA,2025-12-06,INT,FN-508,XAFN-508,KLCVQR,KLC-VQR,3357024093986,,KLC-VQR,Class 6,TYPE-B,,Agent C2,Payment C,2025-12-22,Category C,CCY-4,N,228.27,38.47,37.83,4.56,4.48,2.02,1.99,273.12,268.59,,KLC,268.59,2544,TJYIUL,Basis-002/BG,6.52,1.08,0.13,0.06,7.67
XA,2025-12-22,INT,FN-394,XAFN-133,KSNMFP,KSN-MFP,2273533406201,,KSN-MFP,Class 4,TYPE-D,,Agent A2,Payment A,2025-11-18,Category A,CCY-1,Y,123.54,17.92,18.3,16.31,16.65,3.35,3.42,151.86,155.07,,KSN,155.07,2344,YENYJY,Basis-002,3.53,0.52,0.48,0.1,4.43
XA,2025-12-18,DOM,FN-133,XAFN-117,UBRDRW,UBR-DRW,3357044455143,Category D,UBR-DRW,Class 4,TYPE-C,,Agent A2,Payment A,2025-11-05,Category A,CCY-4,N,54.26,37.83,43.41,12.6,14.46,0.4,0.46,97.32,111.67,,UBR,111.67,2981,JUKURK,Basis-001,1.55,1.24,0.41,0.01,3.19
XA,2025-12-12,INT,FN-105,XAFN-117,KSNSZV,KSN-SZV,9116479246429,,KSN-SZV,Class 5,TYPE-B,,Agent B1,Payment B,2025-12-17,Category B,CCY-4,N,296.37,28.26,23.85,16.07,13.56,4.17,3.52,391.37,330.26,,KSN,330.26,1956,XWTR1U,Basis-001,8.47,0.68,0.39,0.1,9.44
XA,2025-12-09,INT,FN-132,XAFN-105,YMLSZV,YML-SZV,8347923057824,Category D,YML-SZV,Class 1,TYPE-B,,Agent A1,Payment A,2025-12-17,Category A,CCY-1,Y,332.53,18.46,20.74,2.06,2.32,6.88,7.73,309.54,347.86,,YML,347.86,2256,OK80TY,Basis-002/BG,9.5,0.59,0.07,0.22,9.94
XA,2025-12-01,DOM,FN-133,XAFN-133,QFXYML,QFX-YML,9610696374912,,QFX-YML,Class 1,TYPE-D,,Agent C1,Payment C,2025-12-11,Category A,CCY-1,N,0.4,38.65,40.69,0.55,0.58,0.02,0.02,39.56,41.65,,QFX,41.65,2970,AC1PMA,Basis-001,0.01,1.16,0.02,0.0,1.19
XA,2025-12-30,DOM,FN-118,XAFN-101,JKSKEE,JKS-KEE,2728986832120,,JKS-KEE,Class 3,TYPE-A,,Agent B1,Payment C,2025-12-15,Category C,CCY-2,Y,120.21,44.71,36.56,13.37,10.93,0.6,0.49,204.5,167.21,,JKS,167.21,3246,BQONVW,Basis-002/BG,3.43,1.04,0.31,0.01,4.78
XA,2025-12-09,INT,FN-117,XAFN-118,KSNZYR,KSN-ZYR,6073723861595,Category C,KSN-ZYR,Class 1,TYPE-C,,Agent C2,Payment C,2025-12-16,Category C,CCY-1,N,184.04,36.57,33.33,17.99,16.39,2.89,2.63,253.63,231.13,,KSN,231.13,2851,XZH1R1,Basis-003,5.26,0.95,0.47,0.08,6.6
XA,2025-12-16,DOM,FN-508,XAFN-395,TDXYML,TDX-YML,3676074105939,Category D,TDX-YML,Class 1,TYPE-A,,Agent B1,Payment A,2025-12-20,Category C,CCY-3,Y,73.81,20.03,19.85,6.19,6.14,1.17,1.16,99.52,98.64,,TDX,98.64,4867,CI9PAE,Basis-002,2.11,0.57,0.18,0.03,2.82
XA,2025-12-14,INT,FN-119,XAFN-132,TDXKUV,TDX-KUV,4760751210184,Category C,TDX-KUV,Class 7,TYPE-D,,Agent A2,Payment C,2025-11-09,Category D,CCY-4,N,216.42,38.11,43.51,10.74,12.26,6.8,7.76,231.58,264.43,,TDX,264.43,2540,6S5EJU,Basis-001,6.18,1.24,0.35,0.22,7.56
XA,2025-12-06,INT,FN-118,XAFN-119,KLCSUQ,KLC-SUQ,7795076557374,Category D,KLC-SUQ,Class 4,TYPE-B,,Agent B1,Payment A,2025-11-11,Category B,CCY-3,N,244.68,13.76,12.33,20.47,18.34,5.53,4.96,301.72,270.39,,KLC,270.39,4712,3P24BX,Basis-002,6.99,0.35,0.52,0.14,7.73
XA,2025-12-25,DOM,FN-133,XAFN-132,UBRKSN,UBR-KSN,2396749990203,Category D,UBR-KSN,Class 8,TYPE-C,,Agent A1,Payment B,2025-11-01,Category A,CCY-2,N,271.86,40.03,41.03,18.45,18.91,8.23,8.44,315.46,323.36,,UBR,323.36,934,MZ7KO0,Basis-002/BG,7.77,1.17,0.54,0.24,9.24
XA,2025-12-22,INT,FN-508,XAFN-394,YMLSZV,YML-SZV,6352946142620,Category D,YML-SZV,Class 9,TYPE-A,,Agent C1,Payment B,2025-11-10,Category A,CCY-3,N,17.47,18.48,22.13,5.28,6.32,0.05,0.06,38.3,45.86,,YML,45.86,2215,H5CSRR,Basis-002/BG,0.5,0.63,0.18,0.0,1.31
XA,2025-12-07,DOM,FN-119,XAFN-395,UMKKSN,UMK-KSN,0419171603330,Category D,UMK-KSN,Class 7,TYPE-C,,Agent B1,Payment A,2025-12-04,Category C,CCY-3,Y,207.72,12.31,14.25,11.92,13.79,8.94,10.35,194.78,225.41,,UMK,225.41,3637,X5BGAV,Basis-001/BG,5.93,0.41,0.39,0.3,6.44
XA,2025-12-03,DOM,FN-101,XAFN-508,YMLJYN,YML-JYN,3676777736576,Category D,YML-JYN,Class 9,TYPE-C,,Agent B1,Payment B,2025-11-22,Category A,CCY-1,Y,259.64,37.66,40.43,10.64,11.42,8.84,9.49,281.28,302.0,,YML,302.0,2249,6SW3ZH,Basis-001,7.42,1.16,0.33,0.27,8.63
XA,2025-12-08,DOM,FN-101,XAFN-395,KEEKSN,KEE-KSN,9233313514855,,KEE-KSN,Class 7,TYPE-D,,Agent A1,Payment A,2025-11-25,Category C,CCY-2,Y,70.97,18.24,17.3,17.13,16.25,2.15,2.04,108.03,102.48,,KEE,102.48,3740,E2APZL,Basis-001,2.03,0.49,0.46,0.06,2.93
XA,2025-12-30,INT,FN-133,XAFN-118,QFXSZV,QFX-SZV,8342797302940,,QFX-SZV,Class 9,TYPE-C,,Agent B2,Payment A,2025-11-23,Category B,CCY-4,Y,212.35,34.89,29.41,9.38,7.91,5.5,4.64,290.68,245.03,,QFX,245.03,1491,I28SHQ,Basis-001,6.07,0.84,0.23,0.13,7.0
XA,2025-12-20,DOM,FN-105,XAFN-508,JKSUMK,JKS-UMK,9495165991945,,JKS-UMK,Class 3,TYPE-C,,Agent B1,Payment B,2025-11-17,Category C,CCY-3,Y,12.06,12.6,13.94,17.68,19.56,0.29,0.32,40.88,45.24,,JKS,45.24,2151,3AJ8G5,Basis-003,0.34,0.4,0.56,0.01,1.29
XA,2025-12-26,INT,FN-105,XAFN-395,JYNKHV,JYN-KHV,9779501467093,,JYN-KHV,Class 6,TYPE-D,,Agent A2,Payment C,2025-12-31,Category C,CCY-3,Y,47.56,28.4,32.84,13.01,15.04,0.53,0.61,82.02,94.83,,JYN,94.83,1250,6ZCYXQ,Basis-001,1.36,0.94,0.43,0.02,2.71
XA,2025-12-04,INT,FN-119,XAFN-118,YMLMBT,YML-MBT,0799216457527,Category D,YML-MBT,Class 7,TYPE-C,,Agent C2,Payment A,2025-12-16,Category B,CCY-1,Y,49.61,38.9,32.77,17.44,14.69,1.98,1.67,113.26,95.4,,YML,95.4,4800,1R6MDM,Basis-001,1.42,0.94,0.42,0.05,2.73
XA,2025-12-04,INT,FN-132,XAFN-132,DRWKHV,DRW-KHV,6616689409363,,DRW-KHV,Class 9,TYPE-C,,Agent B2,Payment C,2025-11-01,Category C,CCY-1,N,151.0,66.57,73.03,1.51,1.66,2.39,2.62,203.33,223.07,,DRW,223.07,2768,EO5CHM,Basis-001/BG,4.31,2.09,0.05,0.07,6.37
XA,2025-12-20,DOM,FN-133,XAFN-105,KSNQFX,KSN-QFX,9212697486978,Category D,KSN-QFX,Class 6,TYPE-D,,Agent C1,Payment C,2025-12-11,Category D,CCY-1,Y,234.7,28.87,27.41,14.6,13.86,6.31,5.99,284.41,269.98,,KSN,269.98,898,U7CFWJ,Basis-001/BG,6.71,0.78,0.4,0.17,7.71
XA,2025-12-24,INT,FN-105,XAFN-133,TDXSZV,TDX-SZV,4230127469017,,TDX-SZV,Class 3,TYPE-B,,Agent A1,Payment C,2025-11-06,Category D,CCY-2,Y,185.3,16.88,19.0,9.9,11.14,6.27,7.06,185.15,208.38,,TDX,208.38,4023,9X4NM3,Basis-001,5.29,0.54,0.32,0.2,5.95
XA,2025-12-14,INT,FN-394,XAFN-119,KLCGNP,KLC-GNP,5775694298410,Category D,KLC-GNP,Class 3,TYPE-A,,Agent C2,Payment A,2025-11-14,Category B,CCY-2,N,1.37,44.61,39.05,13.13,11.49,0.0,0.0,59.3,51.91,,KLC,51.91,1864,A1LSZK,Basis-002/BG,0.04,1.12,0.33,0.0,1.48
XA,2025-12-11,DOM,FN-133,XAFN-105,PVSKLC,PVS-KLC,1882038069586,Category C,PVS-KLC,Class 6,TYPE-A,,Agent C1,Payment B,2025-11-13,Category A,CCY-2,Y,201.09,51.44,45.87,13.28,11.84,7.7,6.87,282.53,251.93,,PVS,251.93,969,XF1Q2B,Basis-001/BG,5.75,1.31,0.34,0.2,7.2
XA,2025-12-20,INT,FN-118,XAFN-394,DRWTPX,DRW-TPX,2813265984503,Category C,DRW-TPX,Class 7,TYPE-D,,Agent C1,Payment A,2025-12-16,Category B,CCY-2,N,161.85,15.42,16.78,5.92,6.44,2.91,3.17,167.18,181.9,,DRW,181.9,452,3RHWH0,Basis-001/BG,4.62,0.48,0.18,0.09,5.2
XA,2025-12-23,DOM,FN-132,XAFN-133,PVSQFX,PVS-QFX,7195030568780,,PVS-QFX,Class 6,TYPE-A,,Agent A2,Payment C,2025-12-25,Category D,CCY-2,N,244.94,52.64,51.55,9.0,8.81,10.57,10.35,301.19,294.95,,PVS,294.95,1443,K4KTCM,Basis-003,7.0,1.47,0.25,0.3,8.43
XA,2025-12-04,DOM,FN-118,XAFN-508,UMKUBR,UMK-UBR,7776491361657,,UMK-UBR,Class 3,TYPE-C,,Agent A2,Payment C,2025-12-28,Category B,CCY-1,Y,153.68,19.81,16.43,19.12,15.86,8.4,6.97,215.78,179.0,,UMK,179.0,3368,DULJ7X,Basis-001,4.39,0.47,0.45,0.2,5.11
XA,2025-12-22,DOM,FN-118,XAFN-132,TDXQFX,TDX-QFX,7766138865500,,TDX-QFX,Class 9,TYPE-C,,Agent C1,Payment B,2025-12-17,Category D,CCY-3,N,203.23,64.36,59.12,6.11,5.61,6.42,5.9,285.28,262.06,,TDX,262.06,4423,G8UX01,Basis-003,5.81,1.69,0.16,0.17,7.49
XA,2025-12-05,DOM,FN-394,XAFN-101,DRWKLC,DRW-KLC,6618536087807,Category C,DRW-KLC,Class 1,TYPE-A,,Agent C2,Payment A,2025-11-02,Category B,CCY-1,Y,119.76,36.62,33.47,14.48,13.23,3.8,3.47,178.34,162.99,,DRW,162.99,4710,7DCA6W,Basis-002/BG,3.42,0.96,0.38,0.1,4.66
XA,2025-12-15,INT,FN-119,XAFN-118,DRWVQR,DRW-VQR,4836567071905,,DRW-VQR,Class 8,TYPE-C,,Agent B2,Payment B,2025-12-24,Category B,CCY-2,N,132.75,19.22,16.91,16.38,14.41,7.13,6.27,179.37,157.8,,DRW,157.8,4206,RLOQVC,Basis-002,3.79,0.48,0.41,0.18,4.51
XA,2025-12-21,DOM,FN-395,XAFN-394,TDXPVS,TDX-PVS,3058868102531,Category C,TDX-PVS,Class 6,TYPE-B,,Agent B2,Payment B,2025-11-09,Category C,CCY-3,N,207.69,14.05,16.26,14.49,16.78,8.86,10.26,199.07,230.47,,TDX,230.47,4257,16YUSL,Basis-001,5.93,0.46,0.48,0.29,6.58
XA,2025-12-01,INT,FN-105,XAFN-508,DRWLNR,DRW-LNR,0073885467347,Category D,DRW-LNR,Class 6,TYPE-B,,Agent B2,Payment C,2025-11-15,Category A,CCY-4,N,243.62,39.75,32.01,12.92,10.4,11.62,9.36,343.6,276.67,,DRW,276.67,1057,HULURS,Basis-001/BG,6.96,0.91,0.3,0.27,7.9
XA,2025-12-21,DOM,FN-118,XAFN-117,YMLKEE,YML-KEE,5111903594094,Category C,YML-KEE,Class 6,TYPE-C,,Agent A1,Payment A,2025-11-21,Category D,CCY-3,Y,194.32,16.04,17.07,9.54,10.15,1.15,1.22,207.04,220.32,,YML,220.32,2069,1FUZY9,Basis-002/BG,5.55,0.49,0.29,0.03,6.29
XA,2025-12-31,INT,FN-132,XAFN-105,KEEKUV,KEE-KUV,3403997838744,Category C,KEE-KUV,Class 7,TYPE-A,,Agent C1,Payment A,2025-12-03,Category B,CCY-2,N,22.19,42.75,43.15,2.17,2.19,0.92,0.93,65.98,66.6,,KEE,66.6,2156,F1XW53,Basis-001,0.63,1.23,0.06,0.03,1.9
XA,2025-12-16,DOM,FN-105,XAFN-132,DRWKLC,DRW-KLC,4818513311786,,DRW-KLC,Class 7,TYPE-C,,Agent B2,Payment B,2025-11-26,Category D,CCY-2,N,270.27,21.76,25.05,7.77,8.94,5.99,6.89,258.36,297.37,,DRW,297.37,785,V923UV,Basis-001,7.72,0.72,0.26,0.2,8.5
XA,2025-12-02,DOM,FN-132,XAFN-395,KEEKSN,KEE-KSN,9230360677871,Category C,KEE-KSN,Class 9,TYPE-C,,Agent C1,Payment B,2025-12-13,Category B,CCY-4,N,99.78,26.33,25.68,17.53,17.09,1.63,1.59,144.55,140.96,,KEE,140.96,2851,M5C7K4,Basis-002/BG,2.85,0.73,0.49,0.05,4.03
XA,2025-12-25,INT,FN-117,XAFN-132,PVSRZP,PVS-RZP,7448825269901,Category D,PVS-RZP,Class 2,TYPE-A,,Agent A1,Payment A,2025-11-21,Category D,CCY-3,N,49.02,50.1,49.15,11.92,11.69,0.8,0.78,111.19,109.08,,PVS,109.08,2245,2TMLP0,Basis-002/BG,1.4,1.4,0.33,0.02,3.12
XA,2025-12-18,DOM,FN-101,XAFN-508,NABJKS,NAB-JKS,8383193465027,Category D,NAB-JKS,Class 1,TYPE-D,,Agent A1,Payment A,2025-12-29,Category C,CCY-4,N,53.44,12.18,13.87,16.14,18.38,1.77,2.01,73.5,83.68,,NAB,83.68,3286,HIHTFK,Basis-002,1.53,0.4,0.53,0.06,2.39
XA,2025-12-28,DOM,FN-132,XAFN-394,QFXKLC,QFX-KLC,8263880324271,,QFX-KLC,Class 6,TYPE-A,,Agent C2,Payment C,2025-12-18,Category D,CCY-4,Y,74.36,15.29,12.7,18.88,15.69,0.24,0.2,123.43,102.55,,QFX,102.55,4388,6N78JP,Basis-001/BG,2.12,0.36,0.45,0.01,2.93
XA,2025-12-09,DOM,FN-394,XAFN-395,NABJYN,NAB-JYN,7268193192294,,NAB-JYN,Class 1,TYPE-B,,Agent C2,Payment A,2025-11-09,Category A,CCY-2,N,177.08,16.99,15.93,11.81,11.08,6.46,6.06,211.16,198.03,,NAB,198.03,1719,MYJ06M,Basis-002,5.06,0.46,0.32,0.17,5.66
XA,2025-12-29,INT,FN-119,XAFN-105,QFXLNR,QFX-LNR,4003563032826,,QFX-LNR,Class 9,TYPE-B,,Agent B1,Payment C,2025-11-20,Category A,CCY-2,N,67.94,40.13,46.51,13.21,15.31,0.93,1.08,111.03,128.68,,QFX,128.68,3859,U18MD3,Basis-003,1.94,1.33,0.44,0.03,3.68
XA,2025-12-12,INT,FN-101,XAFN-395,NABGNP,NAB-GNP,6286856434760,Category C,NAB-GNP,Class 2,TYPE-B,,Agent A1,Payment C,2025-11-11,Category C,CCY-2,N,192.56,32.33,35.42,17.17,18.81,1.3,1.42,223.95,245.37,,NAB,245.37,1650,S2XO7X,Basis-002/BG,5.5,1.01,0.54,0.04,7.01
XA,2025-12-13,DOM,FN-101,XAFN-105,FUGDRW,FUG-DRW,7262803364908,Category D,FUG-DRW,Class 4,TYPE-D,,Agent B1,Payment C,2025-11-06,Category A,CCY-2,N,149.97,12.01,12.27,11.99,12.25,0.12,0.12,170.68,174.37,,FUG,174.37,2162,JXI9B7,Basis-001,4.28,0.35,0.35,0.0,4.98
XA,2025-12-05,DOM,FN-395,XAFN-118,DRWUBR,DRW-UBR,5541408579622,Category D,DRW-UBR,Class 4,TYPE-A,,Agent A1,Payment C,2025-11-01,Category C,CCY-4,N,316.88,12.38,14.78,6.86,8.19,5.73,6.84,278.93,333.01,,DRW,333.01,853,B01002,Basis-001/BG,9.05,0.42,0.23,0.2,9.51
XA,2025-12-20,INT,FN-132,XAFN-119,KEEMBT,KEE-MBT,8916244106678,Category D,KEE-MBT,Class 7,TYPE-C,,Agent B2,Payment A,2025-12-25,Category B,CCY-1,Y,183.32,29.88,29.19,5.21,5.09,5.98,5.84,216.77,211.76,,KEE,211.76,3727,M56J61,Basis-003,5.24,0.83,0.15,0.17,6.05
XA,2025-12-21,DOM,FN-101,XAFN-394,JKSQFX,JKS-QFX,2985023050667,,JKS-QFX,Class 5,TYPE-C,,Agent C1,Payment B,2025-11-15,Category B,CCY-1,Y,239.75,57.85,64.8,9.8,10.98,4.94,5.53,276.76,310.0,,JKS,310.0,1199,RCQ1M0,Basis-001,6.85,1.85,0.31,0.16,8.86
XA,2025-12-06,DOM,FN-117,XAFN-101,TDXKLC,TDX-KLC,2881520895217,,TDX-KLC,Class 9,TYPE-A,,Agent A1,Payment A,2025-11-27,Category D,CCY-2,Y,77.67,6.14,6.77,10.23,11.29,1.03,1.14,85.73,94.59,,TDX,94.59,2937,841RIZ,Basis-002,2.22,0.19,0.32,0.03,2.7
XA,2025-12-23,DOM,FN-117,XAFN-132,YMLTDX,YML-TDX,0274962383844,,YML-TDX,Class 5,TYPE-B,,Agent B2,Payment C,2025-11-26,Category C,CCY-2,N,238.31,32.94,37.13,8.86,9.99,0.58,0.65,252.61,284.78,,YML,284.78,1924,VVF010,Basis-001,6.81,1.06,0.29,0.02,8.14
XA,2025-12-10,DOM,FN-395,XAFN-133,YMLKEE,YML-KEE,3290850504871,Category D,YML-KEE,Class 9,TYPE-A,,Agent B1,Payment A,2025-12-06,Category B,CCY-4,Y,102.86,12.07,13.62,12.56,14.17,2.92,3.29,112.86,127.36,,YML,127.36,4022,RDWRKQ,Basis-001/BG,2.94,0.39,0.4,0.09,3.64
XA,2025-12-23,DOM,FN-101,XAFN-101,PVSFUG,PVS-FUG,3456884865737,Category D,PVS-FUG,Class 8,TYPE-C,,Agent C1,Payment B,2025-11-26,Category D,CCY-1,Y,223.1,7.56,6.81,19.93,17.95,6.0,5.4,269.23,242.46,,PVS,242.46,3824,EO0142,Basis-002,6.37,0.19,0.51,0.15,6.93
XA,2025-12-17,DOM,FN-508,XAFN-119,KSNKEE,KSN-KEE,8252894043935,,KSN-KEE,Class 9,TYPE-D,,Agent A1,Payment A,2025-11-26,Category C,CCY-1,N,195.93,58.13,50.99,3.75,3.29,6.06,5.32,279.18,244.89,,KSN,244.89,3813,NYPU87,Basis-001/BG,5.6,1.46,0.09,0.15,7.0
XA,2025-12-05,DOM,FN-118,XAFN-395,DRWYML,DRW-YML,1353764298393,,DRW-YML,Class 7,TYPE-B,,Agent C1,Payment B,2025-11-16,Category C,CCY-4,Y,40.73,28.22,27.77,12.71,12.51,1.09,1.07,81.24,79.94,,DRW,79.94,3453,BX9GVU,Basis-002/BG,1.16,0.79,0.36,0.03,2.28
XA,2025-12-20,DOM,FN-394,XAFN-118,QFXPVS,QFX-PVS,7547377049909,,QFX-PVS,Class 1,TYPE-D,,Agent C1,Payment A,2025-12-09,Category C,CCY-1,N,293.71,38.74,40.59,8.39,8.79,1.17,1.23,326.28,341.86,,QFX,341.86,3389,9MRQVD,Basis-001,8.39,1.16,0.25,0.04,9.77
XA,2025-12-29,DOM,FN-133,XAFN-395,KLCNAB,KLC-NAB,9108041756943,,KLC-NAB,Class 5,TYPE-D,,Agent C2,Payment A,2025-12-22,Category A,CCY-1,N,67.89,54.92,48.45,5.87,5.18,1.31,1.16,136.43,120.36,,KLC,120.36,3918,2YP7VN,Basis-003,1.94,1.38,0.15,0.03,3.44
XA,2025-12-02,INT,FN-118,XAFN-395,KSNVQR,KSN-VQR,5786712657281,Category C,KSN-VQR,Class 7,TYPE-A,,Agent A2,Payment B,2025-12-19,Category C,CCY-2,Y,280.28,31.07,25.73,21.68,17.95,5.22,4.32,386.01,319.64,,KSN,319.64,2315,UYC5AT,Basis-001,8.01,0.74,0.51,0.12,9.13
XA,2025-12-02,INT,FN-118,XAFN-119,NABKHV,NAB-KHV,7631855967071,,NAB-KHV,Class 6,TYPE-C,,Agent B1,Payment C,2025-12-16,Category A,CCY-3,N,204.31,25.75,27.95,6.82,7.4,1.82,1.97,219.01,237.69,,NAB,237.69,2702,AC0BQO,Basis-001/BG,5.84,0.8,0.21,0.06,6.79
XA,2025-12-15,DOM,FN-508,XAFN-394,KLCFUG,KLC-FUG,2968228854273,Category D,KLC-FUG,Class 1,TYPE-C,,Agent C1,Payment C,2025-12-02,Category B,CCY-4,N,122.73,32.8,36.42,9.36,10.39,1.73,1.92,150.98,167.62,,KLC,167.62,1141,2XVY3O,Basis-002,3.51,1.04,0.3,0.05,4.79
XA,2025-12-31,INT,FN-119,XAFN-394,JYNMFP,JYN-MFP,1053925906771,Category D,JYN-MFP,Class 6,TYPE-B,,Agent C2,Payment B,2025-11-01,Category A,CCY-4,N,102.5,25.46,27.52,9.61,10.39,3.97,4.29,125.93,136.12,,JYN,136.12,2571,7ZJ8FN,Basis-001,2.93,0.79,0.3,0.12,3.89
XA,2025-12-16,DOM,FN-394,XAFN-132,QFXFUG,QFX-FUG,2707127971763,Category D,QFX-FUG,Class 4,TYPE-A,,Agent B2,Payment B,2025-11-12,Category D,CCY-1,Y,20.3,38.46,36.87,5.32,5.1,0.44,0.42,64.51,61.85,,QFX,61.85,4865,Z7YHTD,Basis-002/BG,0.58,1.05,0.15,0.01,1.77
XA,2025-12-10,INT,FN-119,XAFN-105,DRWGNP,DRW-GNP,6391584647256,,DRW-GNP,Class 3,TYPE-C,,Agent B2,Payment B,2025-12-28,Category B,CCY-4,Y,57.73,4.28,4.69,0.94,1.03,0.09,0.1,57.84,63.35,,DRW,63.35,1872,PAYDZZ,Basis-001,1.65,0.13,0.03,0.0,1.81
XA,2025-12-16,DOM,FN-119,XAFN-105,DRWFUG,DRW-FUG,2206676654053,Category C,DRW-FUG,Class 4,TYPE-C,,Agent A2,Payment C,2025-12-12,Category A,CCY-3,N,41.56,18.45,19.36,18.84,19.77,0.06,0.06,76.82,80.63,,DRW,80.63,4830,JMZ8SP,Basis-001,1.19,0.55,0.56,0.0,2.3
XA,2025-12-31,INT,FN-395,XAFN-101,UMKKUV,UMK-KUV,5732136788645,Category D,UMK-KUV,Class 1,TYPE-C,,Agent A2,Payment B,2025-11-08,Category C,CCY-3,Y,107.93,39.5,32.67,14.51,12.0,3.61,2.99,180.88,149.61,,UMK,149.61,447,P9MNRN,Basis-001/BG,3.08,0.93,0.34,0.09,4.27
XA,2025-12-03,INT,FN-117,XAFN-119,KEEKHV,KEE-KHV,5998962586926,Category C,KEE-KHV,Class 7,TYPE-C,,Agent B2,Payment A,2025-11-03,Category D,CCY-4,Y,160.49,31.81,28.84,4.43,4.02,7.87,7.14,205.35,186.21,,KEE,186.21,2942,XCD285,Basis-002/BG,4.59,0.82,0.11,0.2,5.32
XA,2025-12-11,INT,FN-119,XAFN-105,FUGSZV,FUG-SZV,2734458019762,,FUG-SZV,Class 4,TYPE-B,,Agent B1,Payment B,2025-12-19,Category A,CCY-4,N,266.07,63.44,57.11,1.77,1.59,12.96,11.67,347.82,313.1,,FUG,313.1,2471,YCFZ61,Basis-001/BG,7.6,1.63,0.05,0.33,8.95
XA,2025-12-02,DOM,FN-395,XAFN-105,KLCKSN,KLC-KSN,0148129719884,,KLC-KSN,Class 3,TYPE-C,,Agent A2,Payment B,2025-12-20,Category C,CCY-3,Y,68.08,23.25,25.8,4.67,5.18,2.77,3.07,86.52,95.99,,KLC,95.99,1312,6SR7I0,Basis-003,1.95,0.74,0.15,0.09,2.74
XA,2025-12-17,DOM,FN-101,XAFN-395,JKSUMK,JKS-UMK,1403340508105,,JKS-UMK,Class 9,TYPE-B,,Agent B1,Payment C,2025-12-04,Category D,CCY-1,Y,190.48,17.97,19.08,19.62,20.83,2.96,3.14,214.03,227.25,,JKS,227.25,1710,829DZU,Basis-002/BG,5.44,0.55,0.6,0.09,6.49
XA,2025-12-29,DOM,FN-133,XAFN-394,KSNNAB,KSN-NAB,6428125983620,,KSN-NAB,Class 2,TYPE-C,,Agent C1,Payment C,2025-12-23,Category C,CCY-2,N,245.24,28.81,33.19,13.13,15.13,9.71,11.19,245.1,282.37,,KSN,282.37,813,4N5FIC,Basis-002,7.01,0.95,0.43,0.32,8.07
XA,2025-12-25,INT,FN-133,XAFN-133,JKSTPX,JKS-TPX,5781304995043,,JKS-TPX,Class 6,TYPE-C,,Agent C2,Payment A,2025-11-26,Category C,CCY-4,N,238.47,18.75,21.54,5.15,5.92,7.43,8.53,224.08,257.4,,JKS,257.4,523,TF075G,Basis-001/BG,6.81,0.62,0.17,0.24,7.35
XA,2025-12-29,DOM,FN-395,XAFN-394,UBRYML,UBR-YML,6412613955745,,UBR-YML,Class 1,TYPE-A,,Agent C1,Payment C,2025-11-01,Category C,CCY-4,Y,156.25,35.85,42.92,8.94,10.7,6.5,7.78,168.79,202.09,,UBR,202.09,4923,I5BHJ3,Basis-002,4.46,1.23,0.31,0.22,5.77
XA,2025-12-04,DOM,FN-508,XAFN-117,NABUBR,NAB-UBR,0696569325962,,NAB-UBR,Class 8,TYPE-D,,Agent C2,Payment A,2025-11-09,Category B,CCY-3,N,23.84,15.34,17.96,8.22,9.63,0.57,0.67,43.34,50.76,,NAB,50.76,4614,I3QIJT,Basis-003,0.68,0.51,0.28,0.02,1.45
XA,2025-12-30,INT,FN-117,XAFN-395,JKSKUV,JKS-KUV,0177106294502,,JKS-KUV,Class 8,TYPE-C,,Agent B1,Payment B,2025-11-15,Category C,CCY-1,Y,143.95,50.3,59.59,2.59,3.07,0.98,1.16,173.41,205.45,,JKS,205.45,2473,D5XZWB,Basis-001/BG,4.11,1.7,0.09,0.03,5.87
XA,2025-12-31,DOM,FN-394,XAFN-508,YMLPVS,YML-PVS,0667477201104,,YML-PVS,Class 2,TYPE-B,,Agent C1,Payment B,2025-11-16,Category D,CCY-4,Y,190.45,47.61,52.34,19.43,21.36,7.26,7.98,233.02,256.17,,YML,256.17,3429,ADTQRW,Basis-002,5.44,1.5,0.61,0.23,7.32
XA,2025-12-08,DOM,FN-508,XAFN-117,YMLPVS,YML-PVS,2425777277457,Category D,YML-PVS,Class 5,TYPE-A,,Agent A2,Payment A,2025-12-13,Category C,CCY-2,Y,117.65,42.24,37.37,14.52,12.85,0.88,0.78,188.87,167.09,,YML,167.09,963,D7SPBZ,Basis-001/BG,3.36,1.07,0.37,0.02,4.77
XA,2025-12-10,DOM,FN-117,XAFN-101,TDXDRW,TDX-DRW,4759835894770,,TDX-DRW,Class 9,TYPE-B,,Agent C2,Payment C,2025-11-12,Category C,CCY-4,Y,165.64,28.46,28.52,12.15,12.18,4.48,4.49,201.41,201.85,,TDX,201.85,1271,XB97LC,Basis-002/BG,4.73,0.81,0.35,0.13,5.77
XA,2025-12-26,INT,FN-105,XAFN-395,TDXMBT,TDX-MBT,9863613959459,Category C,TDX-MBT,Class 7,TYPE-A,,Agent A1,Payment C,2025-12-06,Category C,CCY-4,N,52.58,39.83,40.23,10.52,10.63,1.68,1.7,100.72,101.74,,TDX,101.74,1616,IW8BWQ,Basis-002/BG,1.5,1.15,0.3,0.05,2.91
XA,2025-12-26,INT,FN-508,XAFN-133,TDXTPX,TDX-TPX,5499779178220,,TDX-TPX,Class 3,TYPE-A,,Agent A1,Payment A,2025-11-07,Category C,CCY-4,Y,132.2,60.57,60.7,6.62,6.63,4.45,4.46,194.67,195.07,,TDX,195.07,4333,3YVOLL,Basis-002,3.78,1.73,0.19,0.13,5.57
XA,2025-12-26,INT,FN-101,XAFN-395,FUGMBT,FUG-MBT,0045872422749,,FUG-MBT,Class 1,TYPE-D,,Agent B1,Payment C,2025-12-13,Category B,CCY-4,N,117.75,56.86,59.87,5.55,5.84,2.49,2.62,171.74,180.84,,FUG,180.84,4429,HB9EEQ,Basis-002,3.36,1.71,0.17,0.07,5.17
XA,2025-12-11,DOM,FN-119,XAFN-133,KSNNAB,KSN-NAB,7577773426587,Category D,KSN-NAB,Class 4,TYPE-A,,Agent A2,Payment C,2025-11-05,Category A,CCY-3,N,105.99,23.61,27.79,12.06,14.2,0.93,1.09,124.78,146.89,,KSN,146.89,3784,VJQRWY,Basis-001/BG,3.03,0.79,0.41,0.03,4.2
XA,2025-12-13,DOM,FN-133,XAFN-133,KLCDRW,KLC-DRW,9747217124356,,KLC-DRW,Class 2,TYPE-B,,Agent C2,Payment A,2025-11-14,Category B,CCY-1,N,166.62,11.71,10.61,8.1,7.34,4.43,4.01,199.36,180.56,,KLC,180.56,1815,N97NFN,Basis-003,4.76,0.3,0.21,0.11,5.16
XA,2025-12-16,INT,FN-395,XAFN-105,PVSMFP,PVS-MFP,0728394764612,,PVS-MFP,Class 7,TYPE-A,,Agent B1,Payment C,2025-12-15,Category B,CCY-4,N,101.41,26.42,28.84,11.11,12.13,0.96,1.05,129.46,141.33,,PVS,141.33,2137,DUG8PO,Basis-002,2.9,0.82,0.35,0.03,4.04
XA,2025-12-11,INT,FN-133,XAFN-133,YMLSUQ,YML-SUQ,3006362105164,,YML-SUQ,Class 1,TYPE-D,,Agent C1,Payment B,2025-12-26,Category A,CCY-3,N,183.46,3.22,3.36,14.7,15.32,0.56,0.58,193.42,201.56,,YML,201.56,4307,DHX16H,Basis-002/BG,5.24,0.1,0.44,0.02,5.76
XA,2025-12-06,DOM,FN-508,XAFN-132,TDXDRW,TDX-DRW,9867770554899,,TDX-DRW,Class 6,TYPE-D,,Agent A1,Payment A,2025-12-15,Category D,CCY-2,Y,170.21,48.29,50.77,11.62,12.22,3.91,4.11,217.88,229.09,,TDX,229.09,2867,KT97AX,Basis-003,4.86,1.45,0.35,0.12,6.55
XA,2025-12-19,DOM,FN-119,XAFN-394,YMLKLC,YML-KLC,4602136884157,,YML-KLC,Class 2,TYPE-A,,Agent C2,Payment A,2025-12-18,Category A,CCY-2,N,238.11,38.69,37.0,17.49,16.73,12.2,11.67,292.93,280.17,,YML,280.17,1615,ZXCV21,Basis-002/BG,6.8,1.06,0.48,0.33,8.0
XA,2025-12-12,INT,FN-117,XAFN-395,NABRZP,NAB-RZP,5870630228293,Category C,NAB-RZP,Class 6,TYPE-C,,Agent A2,Payment C,2025-12-25,Category D,CCY-2,N,191.78,26.49,28.53,19.83,21.36,1.38,1.49,222.99,240.18,,NAB,240.18,1050,N6M6XK,Basis-001/BG,5.48,0.82,0.61,0.04,6.86
XA,2025-12-12,INT,FN-132,XAFN-101,UMKKUV,UMK-KUV,7283101850880,,UMK-KUV,Class 5,TYPE-C,,Agent B2,Payment C,2025-11-20,Category C,CCY-4,Y,221.12,42.39,38.61,3.97,3.62,3.23,2.94,285.92,260.41,,UMK,260.41,2972,TXLAA6,Basis-003,6.32,1.1,0.1,0.08,7.44
XA,2025-12-19,INT,FN-119,XAFN-394,JYNSUQ,JYN-SUQ,8866364653334,,JYN-SUQ,Class 8,TYPE-D,,Agent B1,Payment C,2025-12-07,Category D,CCY-3,Y,46.94,35.3,34.39,11.02,10.73,0.62,0.6,93.89,91.46,,JYN,91.46,1827,8U4F5Y,Basis-001/BG,1.34,0.98,0.31,0.02,2.61
XA,2025-12-07,DOM,FN-395,XAFN-394,TDXFUG,TDX-FUG,3450521940504,,TDX-FUG,Class 6,TYPE-B,,Agent B2,Payment A,2025-12-10,Category D,CCY-1,N,100.87,32.3,32.11,18.05,17.94,0.92,0.91,150.92,150.01,,TDX,150.01,1542,VJ8RI8,Basis-002/BG,2.88,0.92,0.51,0.03,4.29
XA,2025-12-25,DOM,FN-118,XAFN-394,TDXUMK,TDX-UMK,3665397885874,Category D,TDX-UMK,Class 6,TYPE-C,,Agent B2,Payment A,2025-11-16,Category A,CCY-1,N,205.63,15.38,12.88,11.27,9.44,7.45,6.24,264.81,221.71,,TDX,221.71,2349,J2VO7I,Basis-003,5.88,0.37,0.27,0.18,6.33
XA,2025-12-08,INT,FN-394,XAFN-117,KSNRZP,KSN-RZP,1238487756191,,KSN-RZP,Class 8,TYPE-C,,Agent B1,Payment B,2025-12-08,Category B,CCY-3,Y,85.6,24.34,24.18,7.98,7.93,2.05,2.04,116.44,115.67,,KSN,115.67,1735,3B27LA,Basis-002,2.45,0.69,0.23,0.06,3.3
XA,2025-12-10,INT,FN-101,XAFN-132,PVSLNR,PVS-LNR,9193442462712,Category C,PVS-LNR,Class 8,TYPE-B,,Agent A2,Payment A,2025-12-20,Category D,CCY-2,N,111.79,10.95,11.17,9.17,9.36,2.08,2.12,127.62,130.2,,PVS,130.2,2139,H5HZWR,Basis-003,3.19,0.32,0.27,0.06,3.72
XA,2025-12-13,DOM,FN-101,XAFN-395,TDXDRW,TDX-DRW,7875788273763,,TDX-DRW,Class 3,TYPE-D,,Agent B2,Payment A,2025-12-08,Category B,CCY-2,N,105.15,16.44,13.94,23.89,20.26,4.53,3.84,159.8,135.51,,TDX,135.51,3352,OUX9SL,Basis-002,3.0,0.4,0.58,0.11,3.87
XA,2025-12-02,DOM,FN-394,XAFN-117,KLCUBR,KLC-UBR,9629010793226,Category D,KLC-UBR,Class 1,TYPE-B,,Agent B2,Payment C,2025-11-11,Category C,CCY-3,N,237.1,25.76,24.36,10.67,10.09,3.48,3.29,283.72,268.26,,KLC,268.26,3360,ILKCMR,Basis-001,6.77,0.7,0.29,0.09,7.66
XA,2025-12-11,INT,FN-395,XAFN-105,JYNRZP,JYN-RZP,9870884075538,,JYN-RZP,Class 4,TYPE-C,,Agent A2,Payment C,2025-11-26,Category C,CCY-4,N,56.27,49.47,55.44,17.39,19.49,0.41,0.46,116.67,130.74,,JYN,130.74,1362,PHWN10,Basis-001,1.61,1.58,0.56,0.01,3.74
XA,2025-12-06,INT,FN-105,XAFN-117,FUGDPQ,FUG-DPQ,8156838702785,Category C,FUG-DPQ,Class 4,TYPE-D,,Agent C1,Payment C,2025-12-20,Category B,CCY-1,Y,162.54,46.94,45.35,11.26,10.88,3.44,3.32,223.0,215.45,,FUG,215.45,2565,90GDRR,Basis-001,4.64,1.3,0.31,0.09,6.16
XA,2025-12-18,INT,FN-118,XAFN-395,PVSVQR,PVS-VQR,3681672386656,,PVS-VQR,Class 1,TYPE-D,,Agent B2,Payment B,2025-11-24,Category C,CCY-3,N,43.06,29.29,23.82,13.11,10.66,1.4,1.14,93.93,76.4,,PVS,76.4,3877,201LDA,Basis-002/BG,1.23,0.68,0.3,0.03,2.18
XA,2025-12-23,INT,FN-395,XAFN-508,NABGNP,NAB-GNP,8810855872357,Category D,NAB-GNP,Class 6,TYPE-C,,Agent B2,Payment C,2025-11-10,Category A,CCY-1,Y,113.64,30.66,26.72,10.95,9.54,1.92,1.67,170.08,148.23,,NAB,148.23,1452,KE2DCQ,Basis-002,3.25,0.76,0.27,0.05,4.24
XA,2025-12-25,DOM,FN-105,XAFN-105,FUGDRW,FUG-DRW,5566134047500,,FUG-DRW,Class 7,TYPE-C,,Agent B1,Payment C,2025-11-20,Category A,CCY-1,Y,143.53,36.32,30.78,5.55,4.7,4.42,3.75,206.78,175.26,,FUG,175.26,1265,WA5UY7,Basis-002/BG,4.1,0.88,0.13,0.11,5.01
XA,2025-12-24,INT,FN-395,XAFN-101,TDXDPQ,TDX-DPQ,3638364722455,,TDX-DPQ,Class 5,TYPE-D,,Agent A1,Payment C,2025-12-17,Category B,CCY-2,Y,92.64,10.13,10.73,14.05,14.89,1.45,1.54,110.15,116.72,,TDX,116.72,3062,C1KXGJ,Basis-003,2.65,0.31,0.43,0.04,3.33
XA,2025-12-09,INT,FN-132,XAFN-119,DRWMFP,DRW-MFP,9804886725140,,DRW-MFP,Class 4,TYPE-A,,Agent C2,Payment B,2025-11-04,Category D,CCY-1,Y,18.45,43.32,47.3,15.51,16.93,0.65,0.71,75.07,81.97,,DRW,81.97,802,RAV858,Basis-003,0.53,1.35,0.48,0.02,2.34
XA,2025-12-06,DOM,FN-395,XAFN-105,YMLKEE,YML-KEE,5016454662573,,YML-KEE,Class 4,TYPE-B,,Agent B1,Payment A,2025-11-27,Category A,CCY-3,Y,125.83,10.73,9.05,9.71,8.19,2.83,2.39,166.79,140.68,,YML,140.68,3815,OSO1F1,Basis-003,3.6,0.26,0.23,0.07,4.02
XA,2025-12-02,INT,FN-508,XAFN-395,JYNDPQ,JYN-DPQ,9717331571604,Category C,JYN-DPQ,Class 5,TYPE-D,,Agent A1,Payment B,2025-12-24,Category C,CCY-4,N,144.87,18.21,14.84,9.11,7.42,2.49,2.03,202.61,165.1,,JYN,165.1,917,6L4JDG,Basis-002,4.14,0.42,0.21,0.06,4.72
XA,2025-12-24,INT,FN-508,XAFN-118,JKSKUV,JKS-KUV,5419137804987,,JKS-KUV,Class 9,TYPE-B,,Agent A1,Payment C,2025-11-13,Category B,CCY-2,N,272.42,35.8,39.97,4.82,5.38,7.32,8.17,277.27,309.6,,JKS,309.6,2219,V70LGR,Basis-002/BG,7.78,1.14,0.15,0.23,8.85
XA,2025-12-14,DOM,FN-118,XAFN-118,PVSKLC,PVS-KLC,0261353425556,,PVS-KLC,Class 8,TYPE-B,,Agent A2,Payment B,2025-12-17,Category B,CCY-3,Y,22.19,29.57,25.09,10.53,8.93,0.86,0.73,65.39,55.48,,PVS,55.48,1902,T75MCA,Basis-002,0.63,0.72,0.26,0.02,1.59
XA,2025-12-12,INT,FN-133,XAFN-395,KSNSZV,KSN-SZV,8084820727126,Category C,KSN-SZV,Class 6,TYPE-B,,Agent B1,Payment A,2025-12-15,Category B,CCY-2,Y,189.7,23.48,21.97,13.42,12.56,8.78,8.22,230.85,216.01,,KSN,216.01,4203,TD2FQQ,Basis-001/BG,5.42,0.63,0.36,0.23,6.17
XA,2025-12-10,DOM,FN-133,XAFN-508,DRWKSN,DRW-KSN,5881946877492,Category D,DRW-KSN,Class 8,TYPE-C,,Agent C1,Payment C,2025-11-13,Category A,CCY-4,Y,304.81,43.45,42.23,10.04,9.76,14.36,13.96,352.78,342.84,,DRW,342.84,3616,RWR931,Basis-002/BG,8.71,1.21,0.28,0.4,9.8
XA,2025-12-29,INT,FN-394,XAFN-395,UMKMBT,UMK-MBT,3203161317790,Category D,UMK-MBT,Class 1,TYPE-B,,Agent B1,Payment A,2025-12-29,Category B,CCY-3,Y,135.35,23.26,24.65,15.0,15.9,1.47,1.56,164.53,174.34,,UMK,174.34,1751,HX2X5D,Basis-001,3.87,0.7,0.45,0.04,4.98
XA,2025-12-18,DOM,FN-101,XAFN-105,DRWUBR,DRW-UBR,9388953115439,,DRW-UBR,Class 5,TYPE-A,,Agent B1,Payment B,2025-11-16,Category C,CCY-1,Y,99.81,31.65,30.68,10.58,10.26,0.81,0.79,144.39,139.96,,DRW,139.96,2801,UDY1AP,Basis-001/BG,2.85,0.88,0.29,0.02,4.0
XA,2025-12-05,DOM,FN-133,XAFN-117,PVSDRW,PVS-DRW,2478922518261,Category C,PVS-DRW,Class 6,TYPE-C,,Agent A1,Payment B,2025-11-09,Category A,CCY-1,Y,109.86,11.54,9.41,14.24,11.61,1.95,1.59,158.61,129.29,,PVS,129.29,4536,KC546R,Basis-001,3.14,0.27,0.33,0.05,3.69
XA,2025-12-16,INT,FN-132,XAFN-117,KSNMFP,KSN-MFP,6866508368168,Category C,KSN-MFP,Class 9,TYPE-A,,Agent B1,Payment A,2025-11-29,Category B,CCY-1,N,145.12,31.26,37.5,6.11,7.33,0.23,0.27,158.13,189.68,,KSN,189.68,1805,BYQ71U,Basis-001/BG,4.15,1.07,0.21,0.01,5.42
XA,2025-12-22,DOM,FN-133,XAFN-117,TDXKSN,TDX-KSN,6070247485798,Category C,TDX-KSN,Class 1,TYPE-A,,Agent A2,Payment A,2025-11-30,Category B,CCY-1,Y,247.67,15.1,16.85,16.63,18.56,3.79,4.23,249.82,278.85,,TDX,278.85,2904,7F2HEQ,Basis-001/BG,7.08,0.48,0.53,0.12,7.97
XA,2025-12-08,INT,FN-395,XAFN-118,QFXZYR,QFX-ZYR,7543188645947,,QFX-ZYR,Class 2,TYPE-A,,Agent B2,Payment C,2025-12-24,Category B,CCY-3,N,10.19,32.0,36.52,10.85,12.38,0.26,0.3,51.51,58.79,,QFX,58.79,3710,HOVSRM,Basis-002,0.29,1.04,0.35,0.01,1.68
XA,2025-12-01,DOM,FN-394,XAFN-394,QFXJKS,QFX-JKS,0990317211359,,QFX-JKS,Class 9,TYPE-C,,Agent A2,Payment A,2025-11-16,Category A,CCY-2,N,86.36,38.51,36.37,17.37,16.4,2.47,2.33,144.86,136.8,,QFX,136.8,3645,UJEDOD,Basis-003,2.47,1.04,0.47,0.07,3.91
XA,2025-12-06,DOM,FN-133,XAFN-101,YMLJKS,YML-JKS,9316426633161,Category D,YML-JKS,Class 3,TYPE-A,,Agent C1,Payment A,2025-11-13,Category A,CCY-1,Y,27.35,38.55,37.54,2.54,2.47,1.19,1.16,67.97,66.2,,YML,66.2,722,RYE2KQ,Basis-002,0.78,1.07,0.07,0.03,1.89
XA,2025-12-29,DOM,FN-101,XAFN-101,JKSKLC,JKS-KLC,5673526359517,,JKS-KLC,Class 2,TYPE-B,,Agent B1,Payment A,2025-11-17,Category A,CCY-3,Y,72.75,65.63,54.44,8.55,7.09,0.12,0.1,161.77,134.18,,JKS,134.18,430,FG7S1R,Basis-001,2.08,1.56,0.2,0.0,3.83
XA,2025-12-06,DOM,FN-119,XAFN-132,DRWUBR,DRW-UBR,7774149057175,Category C,DRW-UBR,Class 6,TYPE-B,,Agent A2,Payment C,2025-12-02,Category D,CCY-4,N,56.09,29.45,27.03,22.16,20.34,0.07,0.06,112.64,103.4,,DRW,103.4,1537,OES7SZ,Basis-003,1.6,0.77,0.58,0.0,2.95
XA,2025-12-11,DOM,FN-105,XAFN-105,DRWPVS,DRW-PVS,1424124845467,Category C,DRW-PVS,Class 9,TYPE-A,,Agent C2,Payment A,2025-11-29,Category A,CCY-2,N,3.47,11.97,14.23,14.72,17.49,0.02,0.02,29.6,35.17,,DRW,35.17,2360,D6AOVL,Basis-002,0.1,0.41,0.5,0.0,1.0
XA,2025-12-04,DOM,FN-105,XAFN-394,UMKJKS,UMK-JKS,6170613011273,Category C,UMK-JKS,Class 8,TYPE-A,,Agent C2,Payment C,2025-12-11,Category A,CCY-1,N,298.62,35.43,28.45,4.73,3.8,3.57,2.87,408.48,328.0,,UMK,328.0,1529,BILVM4,Basis-002,8.53,0.81,0.11,0.08,9.37
XA,2025-12-13,DOM,FN-101,XAFN-394,KEEFUG,KEE-FUG,8241164342411,Category D,KEE-FUG,Class 2,TYPE-D,,Agent B1,Payment B,2025-12-13,Category D,CCY-3,N,317.67,63.29,53.92,15.72,13.39,5.42,4.62,446.46,380.36,,KEE,380.36,1383,J1FI4X,Basis-002,9.08,1.54,0.38,0.13,10.87
XA,2025-12-02,DOM,FN-119,XAFN-395,PVSFUG,PVS-FUG,9515923466521,,PVS-FUG,Class 2,TYPE-C,,Agent B2,Payment B,2025-11-21,Category B,CCY-4,Y,85.01,32.34,29.26,10.17,9.2,4.32,3.91,132.16,119.56,,PVS,119.56,1007,81J2AB,Basis-002,2.43,0.84,0.26,0.11,3.42
XA,2025-12-04,INT,FN-119,XAFN-118,FUGLNR,FUG-LNR,6310789078695,,FUG-LNR,Class 4,TYPE-D,,Agent A1,Payment A,2025-12-06,Category B,CCY-4,Y,176.47,44.2,51.77,12.29,14.4,7.38,8.65,199.76,233.99,,FUG,233.99,2446,DYW8WR,Basis-002/BG,5.04,1.48,0.41,0.25,6.69
XA,2025-12-28,DOM,FN-508,XAFN-394,YMLQFX,YML-QFX,3697016852531,,YML-QFX,Class 4,TYPE-C,,Agent A1,Payment B,2025-11-01,Category B,CCY-3,N,63.81,44.75,50.65,10.22,11.57,2.77,3.14,108.57,122.89,,YML,122.89,351,C0SWUZ,Basis-002,1.82,1.45,0.33,0.09,3.51
XA,2025-12-26,DOM,FN-132,XAFN-101,PVSTDX,PVS-TDX,9579281847266,,PVS-TDX,Class 6,TYPE-D,,Agent A2,Payment C,2025-12-27,Category B,CCY-2,N,204.97,55.85,52.0,4.77,4.44,6.22,5.79,274.56,255.62,,PVS,255.62,830,PWDMJ3,Basis-002/BG,5.86,1.49,0.13,0.17,7.3
XA,2025-12-24,DOM,FN-101,XAFN-133,PVSJYN,PVS-JYN,8311217959282,Category C,PVS-JYN,Class 9,TYPE-B,,Agent A2,Payment A,2025-11-12,Category C,CCY-1,N,147.13,21.75,22.03,2.13,2.16,3.71,3.76,165.39,167.56,,PVS,167.56,4181,RM3ZH4,Basis-002/BG,4.2,0.63,0.06,0.11,4.79
XA,2025-12-07,DOM,FN-118,XAFN-117,DRWKSN,DRW-KSN,7732357374214,Category C,DRW-KSN,Class 8,TYPE-A,,Agent C1,Payment B,2025-11-12,Category A,CCY-1,N,177.74,74.82,67.67,0.88,0.8,9.41,8.51,262.8,237.7,,DRW,237.7,2153,6JNSCZ,Basis-002,5.08,1.93,0.02,0.24,6.79
XA,2025-12-11,DOM,FN-119,XAFN-101,JKSKEE,JKS-KEE,9558779936427,Category C,JKS-KEE,Class 6,TYPE-D,,Agent C1,Payment B,2025-11-30,Category B,CCY-2,Y,147.42,34.78,39.61,9.33,10.62,4.29,4.89,169.27,192.76,,JKS,192.76,4464,ZD82CU,Basis-001,4.21,1.13,0.3,0.14,5.51
XA,2025-12-04,DOM,FN-101,XAFN-394,JKSFUG,JKS-FUG,5350246948412,Category C,JKS-FUG,Class 2,TYPE-B,,Agent C2,Payment A,2025-11-12,Category B,CCY-1,Y,140.95,11.9,10.51,12.64,11.16,1.91,1.69,182.26,160.93,,JKS,160.93,473,U2SLZ2,Basis-001,4.03,0.3,0.32,0.05,4.6
XA,2025-12-12,INT,FN-395,XAFN-394,YMLSUQ,YML-SUQ,8379213168226,,YML-SUQ,Class 2,TYPE-A,,Agent C1,Payment C,2025-11-14,Category D,CCY-2,Y,89.46,2.39,2.85,13.38,15.97,1.8,2.15,88.92,106.13,,YML,106.13,3250,DI74KZ,Basis-003,2.56,0.08,0.46,0.06,3.03
XA,2025-12-15,DOM,FN-119,XAFN-395,UMKKEE,UMK-KEE,1133704946245,Category D,UMK-KEE,Class 4,TYPE-C,,Agent A1,Payment B,2025-12-25,Category D,CCY-4,Y,226.67,25.77,30.77,9.34,11.15,6.06,7.23,218.92,261.36,,UMK,261.36,327,LIMXSE,Basis-001/BG,6.48,0.88,0.32,0.21,7.47
XA,2025-12-18,INT,FN-117,XAFN-508,UMKMFP,UMK-MFP,3850284779825,,UMK-MFP,Class 2,TYPE-C,,Agent A2,Payment B,2025-11-05,Category C,CCY-1,N,235.95,41.15,33.37,17.9,14.52,11.33,9.19,338.67,274.65,,UMK,274.65,2614,D53I0Q,Basis-001,6.74,0.95,0.41,0.26,7.85
XA,2025-12-13,INT,FN-119,XAFN-119,DRWTPX,DRW-TPX,1191611955309,Category C,DRW-TPX,Class 8,TYPE-D,,Agent A2,Payment C,2025-11-08,Category B,CCY-1,N,126.2,46.65,49.68,10.89,11.6,3.82,4.07,172.22,183.41,,DRW,183.41,667,IRCQ1H,Basis-003,3.61,1.42,0.33,0.12,5.24
XA,2025-12-10,DOM,FN-132,XAFN-395,KEEDRW,KEE-DRW,2072162474246,Category D,KEE-DRW,Class 2,TYPE-D,,Agent A2,Payment A,2025-11-24,Category C,CCY-2,Y,165.52,9.45,10.95,9.87,11.43,6.28,7.28,155.91,180.62,,KEE,180.62,3678,84UVM6,Basis-002/BG,4.73,0.31,0.33,0.21,5.16
XA,2025-12-06,INT,FN-101,XAFN-508,TDXKUV,TDX-KUV,5789035508199,,TDX-KUV,Class 2,TYPE-C,,Agent B1,Payment B,2025-11-28,Category C,CCY-2,N,83.44,20.84,20.43,6.04,5.92,0.1,0.1,111.92,109.69,,TDX,109.69,4612,23QKG8,Basis-002,2.38,0.58,0.17,0.0,3.13
XA,2025-12-14,DOM,FN-394,XAFN-118,NABJKS,NAB-JKS,0920167599300,,NAB-JKS,Class 2,TYPE-B,,Agent B1,Payment C,2025-11-06,Category C,CCY-3,Y,64.7,58.02,61.87,15.62,16.66,2.8,2.99,131.51,140.24,,NAB,140.24,3059,0TNRU4,Basis-002,1.85,1.77,0.48,0.09,4.01
XA,2025-12-02,INT,FN-118,XAFN-101,JKSMBT,JKS-MBT,0464549768348,,JKS-MBT,Class 9,TYPE-C,,Agent A2,Payment B,2025-11-27,Category A,CCY-3,N,303.63,14.23,11.66,12.64,10.36,0.1,0.08,397.23,325.57,,JKS,325.57,4718,UFKPLP,Basis-001,8.68,0.33,0.3,0.0,9.3
XA,2025-12-17,DOM,FN-105,XAFN-117,UMKKEE,UMK-KEE,1652508159590,Category D,UMK-KEE,Class 8,TYPE-B,,Agent A1,Payment B,2025-12-31,Category A,CCY-3,N,46.52,23.41,19.56,6.47,5.41,2.06,1.72,83.49,69.77,,UMK,69.77,778,1JWYR2,Basis-002/BG,1.33,0.56,0.15,0.05,1.99
XA,2025-12-25,DOM,FN-117,XAFN-119,UBRKLC,UBR-KLC,1976702546168,Category D,UBR-KLC,Class 2,TYPE-C,,Agent B1,Payment B,2025-12-08,Category D,CCY-1,N,249.17,20.79,24.06,13.26,15.34,7.44,8.61,241.95,279.96,,UBR,279.96,3193,1XV1JL,Basis-003,7.12,0.69,0.44,0.25,8.0
XA,2025-12-28,DOM,FN-394,XAFN-117,KSNUMK,KSN-UMK,4479297591448,Category D,KSN-UMK,Class 2,TYPE-A,,Agent A1,Payment C,2025-12-13,Category C,CCY-1,N,198.33,57.73,64.55,2.33,2.6,7.59,8.49,229.85,256.99,,KSN,256.99,2983,45JO52,Basis-001/BG,5.67,1.84,0.07,0.24,7.34
XA,2025-12-16,INT,FN-119,XAFN-394,UMKMFP,UMK-MFP,6764973780534,Category C,UMK-MFP,Class 9,TYPE-C,,Agent A1,Payment C,2025-11-07,Category D,CCY-4,Y,250.74,44.63,47.2,4.85,5.13,6.64,7.02,279.92,296.05,,UMK,296.05,3668,ETQP3P,Basis-002/BG,7.16,1.35,0.15,0.2,8.46
XA,2025-12-06,DOM,FN-133,XAFN-118,PVSTDX,PVS-TDX,2599317697085,,PVS-TDX,Class 2,TYPE-D,,Agent B1,Payment C,2025-11-08,Category A,CCY-1,N,230.57,30.27,35.04,7.65,8.86,5.99,6.93,231.11,267.54,,PVS,267.54,3772,0H6VY9,Basis-002/BG,6.59,1.0,0.25,0.2,7.64
XA,2025-12-27,DOM,FN-105,XAFN-118,NABQFX,NAB-QFX,0577025015544,Category D,NAB-QFX,Class 5,TYPE-A,,Agent C2,Payment C,2025-12-15,Category C,CCY-4,N,84.09,19.35,19.21,20.4,20.25,2.03,2.01,122.46,121.54,,NAB,121.54,2852,EOWR8J,Basis-003,2.4,0.55,0.58,0.06,3.47
XA,2025-12-25,INT,FN-133,XAFN-119,JKSRZP,JKS-RZP,3542050953072,,JKS-RZP,Class 6,TYPE-D,,Agent A2,Payment C,2025-12-11,Category B,CCY-4,N,150.05,36.82,41.73,5.34,6.05,2.59,2.93,171.96,194.9,,JKS,194.9,3387,UY5R8T,Basis-002,4.29,1.19,0.17,0.08,5.57
XA,2025-12-14,DOM,FN-508,XAFN-395,PVSNAB,PVS-NAB,0276448294350,,PVS-NAB,Class 7,TYPE-D,,Agent C1,Payment B,2025-12-22,Category A,CCY-4,N,87.61,47.96,46.23,3.37,3.25,0.1,0.1,142.12,136.99,,PVS,136.99,3107,IR2YJK,Basis-001,2.5,1.32,0.09,0.0,3.91
XA,2025-12-14,INT,FN-508,XAFN-132,QFXSUQ,QFX-SUQ,0725925016915,,QFX-SUQ,Class 2,TYPE-D,,Agent C1,Payment A,2025-12-01,Category B,CCY-1,Y,116.78,25.9,30.51,8.96,10.56,1.93,2.27,132.08,155.58,,QFX,155.58,638,RBSH10,Basis-003,3.34,0.87,0.3,0.06,4.45
XA,2025-12-14,DOM,FN-508,XAFN-117,KSNYML,KSN-YML,4941801695991,,KSN-YML,Class 8,TYPE-B,,Agent C1,Payment B,2025-11-27,Category C,CCY-3,Y,135.67,31.74,35.94,11.89,13.46,1.39,1.57,162.03,183.5,,KSN,183.5,2225,CDFQVD,Basis-002/BG,3.88,1.03,0.38,0.04,5.24
XA,2025-12-07,INT,FN-119,XAFN-508,TDXRZP,TDX-RZP,0596669423943,Category C,TDX-RZP,Class 2,TYPE-D,,Agent B1,Payment C,2025-12-18,Category C,CCY-1,Y,208.77,18.75,15.21,10.58,8.58,8.41,6.82,278.35,225.74,,TDX,225.74,4540,SNRRLT,Basis-002,5.96,0.43,0.25,0.19,6.45
XA,2025-12-05,DOM,FN-105,XAFN-394,PVSYML,PVS-YML,9316250553267,Category C,PVS-YML,Class 1,TYPE-C,,Agent C2,Payment C,2025-11-20,Category B,CCY-2,N,245.58,43.86,43.42,3.17,3.14,10.84,10.73,284.26,281.41,,PVS,281.41,1376,OUQZVI,Basis-003,7.02,1.24,0.09,0.31,8.04
XA,2025-12-15,INT,FN-117,XAFN-395,UBRSUQ,UBR-SUQ,7747869104076,Category C,UBR-SUQ,Class 2,TYPE-D,,Agent C1,Payment B,2025-11-21,Category B,CCY-2,N,178.12,0.28,0.33,8.62,10.23,6.41,7.61,152.54,181.07,,UBR,181.07,1021,0RCSFK,Basis-002,5.09,0.01,0.29,0.22,5.17
XA,2025-12-25,DOM,FN-118,XAFN-119,PVSKEE,PVS-KEE,3702657814963,Category D,PVS-KEE,Class 8,TYPE-C,,Agent A1,Payment A,2025-12-08,Category B,CCY-1,N,301.82,18.48,15.78,6.83,5.83,10.01,8.55,368.77,314.88,,PVS,314.88,1912,6XBELK,Basis-002/BG,8.62,0.45,0.17,0.24,9.0
XA,2025-12-24,INT,FN-105,XAFN-394,UBRVQR,UBR-VQR,4931756073021,,UBR-VQR,Class 2,TYPE-B,,Agent B2,Payment A,2025-11-16,Category D,CCY-2,Y,211.12,6.37,6.86,6.35,6.84,4.68,5.04,203.92,219.78,,UBR,219.78,883,45D5KG,Basis-001/BG,6.03,0.2,0.2,0.14,6.28
XA,2025-12-24,DOM,FN-118,XAFN-101,UBRKLC,UBR-KLC,0613865496602,Category D,UBR-KLC,Class 9,TYPE-A,,Agent B1,Payment A,2025-11-22,Category A,CCY-2,N,197.72,23.72,20.49,10.21,8.82,10.52,9.09,252.33,217.94,,UBR,217.94,4058,D3ZB28,Basis-002,5.65,0.59,0.25,0.26,6.23
XA,2025-12-11,DOM,FN-508,XAFN-133,FUGJKS,FUG-JKS,0276934779660,Category D,FUG-JKS,Class 4,TYPE-C,,Agent C1,Payment B,2025-11-25,Category B,CCY-1,N,209.53,35.3,36.32,11.01,11.33,7.2,7.41,242.76,249.77,,FUG,249.77,4068,M4GL51,Basis-002/BG,5.99,1.04,0.32,0.21,7.14
XA,2025-12-25,INT,FN-394,XAFN-132,NABMFP,NAB-MFP,4182771148816,,NAB-MFP,Class 9,TYPE-C,,Agent C1,Payment A,2025-12-31,Category A,CCY-4,N,122.87,31.97,35.55,8.43,9.38,4.18,4.65,146.7,163.15,,NAB,163.15,2905,MRUO0N,Basis-002,3.51,1.02,0.27,0.13,4.66
XA,2025-12-09,DOM,FN-117,XAFN-508,QFXUBR,QFX-UBR,4267088050151,Category C,QFX-UBR,Class 5,TYPE-D,,Agent C2,Payment C,2025-12-13,Category D,CCY-1,Y,186.62,19.4,22.55,7.82,9.09,7.24,8.42,180.51,209.84,,QFX,209.84,3564,S58PKJ,Basis-002/BG,5.33,0.64,0.26,0.24,6.0
XA,2025-12-03,DOM,FN-394,XAFN-101,QFXKSN,QFX-KSN,0681436597239,,QFX-KSN,Class 1,TYPE-D,,Agent B2,Payment C,2025-11-07,Category A,CCY-4,N,70.8,27.7,29.47,5.58,5.94,3.24,3.45,96.6,102.76,,QFX,102.76,2260,EQDB2P,Basis-001,2.02,0.84,0.17,0.1,2.94
XA,2025-12-16,INT,FN-395,XAFN-118,JKSDPQ,JKS-DPQ,2845576186770,,JKS-DPQ,Class 2,TYPE-D,,Agent B2,Payment A,2025-12-15,Category A,CCY-1,Y,60.88,34.59,33.88,11.29,11.06,0.02,0.02,108.01,105.8,,JKS,105.8,1648,TIVEH8,Basis-003,1.74,0.97,0.32,0.0,3.02
XA,2025-12-20,DOM,FN-394,XAFN-395,FUGJKS,FUG-JKS,3367408912059,Category D,FUG-JKS,Class 3,TYPE-C,,Agent C2,Payment B,2025-12-11,Category D,CCY-4,Y,212.63,21.43,23.53,10.96,12.04,9.22,10.12,216.81,238.08,,FUG,238.08,942,G1MOET,Basis-002/BG,6.08,0.67,0.34,0.29,6.8
XA,2025-12-22,DOM,FN-101,XAFN-105,PVSKEE,PVS-KEE,6206370355959,,PVS-KEE,Class 9,TYPE-C,,Agent A1,Payment B,2025-11-29,Category D,CCY-1,Y,194.06,36.8,36.67,5.89,5.87,1.45,1.44,236.02,235.16,,PVS,235.16,3768,ZFU58T,Basis-002/BG,5.54,1.05,0.17,0.04,6.72
XA,2025-12-17,DOM,FN-394,XAFN-119,DRWKEE,DRW-KEE,2092254508069,Category D,DRW-KEE,Class 3,TYPE-A,,Agent C1,Payment B,2025-12-06,Category D,CCY-3,Y,161.95,30.98,35.46,8.77,10.04,1.72,1.97,179.51,205.48,,DRW,205.48,4778,RD46WK,Basis-001,4.63,1.01,0.29,0.06,5.87
XA,2025-12-17,DOM,FN-118,XAFN-119,KEENAB,KEE-NAB,9300460356089,,KEE-NAB,Class 1,TYPE-A,,Agent B2,Payment B,2025-12-07,Category B,CCY-4,N,16.92,31.9,32.41,20.73,21.06,0.32,0.33,68.96,70.06,,KEE,70.06,3255,WAK59W,Basis-002,0.48,0.93,0.6,0.01,2.0
XA,2025-12-19,DOM,FN-101,XAFN-117,KEEQFX,KEE-QFX,7645130050198,Category D,KEE-QFX,Class 8,TYPE-D,,Agent B1,Payment B,2025-12-01,Category B,CCY-1,Y,121.2,17.97,19.08,11.18,11.87,0.73,0.77,142.55,151.38,,KEE,151.38,4639,KRAFFL,Basis-001,3.46,0.55,0.34,0.02,4.33
XA,2025-12-05,INT,FN-395,XAFN-132,KSNRZP,KSN-RZP,1550135247117,,KSN-RZP,Class 6,TYPE-C,,Agent A1,Payment C,2025-11-24,Category A,CCY-2,Y,174.99,50.51,47.89,3.91,3.71,1.7,1.61,237.28,224.98,,KSN,224.98,1186,5WDA03,Basis-001,5.0,1.37,0.11,0.05,6.43
XA,2025-12-09,DOM,FN-132,XAFN-105,KEEPVS,KEE-PVS,5699332769268,Category D,KEE-PVS,Class 1,TYPE-D,,Agent A2,Payment C,2025-11-30,Category B,CCY-4,Y,208.51,33.21,38.86,7.94,9.29,2.3,2.69,217.07,253.97,,KEE,253.97,4847,7YGHB9,Basis-002,5.96,1.11,0.27,0.08,7.26
XA,2025-12-27,INT,FN-105,XAFN-119,YMLTPX,YML-TPX,7394912581936,,YML-TPX,Class 1,TYPE-C,,Agent A2,Payment B,2025-11-20,Category B,CCY-4,N,177.09,49.36,45.44,15.6,14.36,0.78,0.72,256.52,236.17,,YML,236.17,3066,YHX68Y,Basis-003,5.06,1.3,0.41,0.02,6.75
XA,2025-12-19,INT,FN-132,XAFN-105,JKSTPX,JKS-TPX,4631879897633,,JKS-TPX,Class 9,TYPE-B,,Agent A2,Payment A,2025-11-18,Category B,CCY-1,Y,58.56,38.4,42.3,8.79,9.68,0.98,1.08,99.36,109.46,,JKS,109.46,2171,3YS1DU,Basis-001,1.67,1.21,0.28,0.03,3.13
XA,2025-12-25,DOM,FN-118,XAFN-119,JKSKEE,JKS-KEE,8666847072602,,JKS-KEE,Class 3,TYPE-C,,Agent B2,Payment C,2025-12-03,Category D,CCY-4,N,155.83,38.76,31.1,11.53,9.25,0.16,0.13,244.36,196.05,,JKS,196.05,1859,OBH9GC,Basis-003,4.45,0.89,0.26,0.0,5.6
XA,2025-12-19,DOM,FN-395,XAFN-117,YMLUBR,YML-UBR,4770751862109,,YML-UBR,Class 1,TYPE-B,,Agent B2,Payment B,2025-12-04,Category B,CCY-4,Y,245.34,27.54,28.74,4.22,4.4,0.34,0.36,266.53,278.12,,YML,278.12,3670,TUAN5O,Basis-003,7.01,0.82,0.13,0.01,7.95
XA,2025-12-06,DOM,FN-395,XAFN-118,KSNJYN,KSN-JYN,6580681792241,,KSN-JYN,Class 1,TYPE-D,,Agent A1,Payment A,2025-11-08,Category A,CCY-3,Y,118.52,37.76,32.68,18.66,16.15,4.98,4.31,188.4,163.04,,KSN,163.04,4551,HUAT45,Basis-002,3.39,0.93,0.46,0.12,4.66
XA,2025-12-09,INT,FN-395,XAFN-119,UMKHGV,UMK-HGV,3465867260213,,UMK-HGV,Class 9,TYPE-A,,Agent B2,Payment C,2025-11-28,Category D,CCY-1,N,198.25,15.4,17.24,20.04,22.43,8.36,9.36,204.19,228.56,,UMK,228.56,659,LX5RYI,Basis-001,5.66,0.49,0.64,0.27,6.53
XA,2025-12-21,INT,FN-132,XAFN-119,PVSKHV,PVS-KHV,7126887041557,,PVS-KHV,Class 1,TYPE-B,,Agent C2,Payment C,2025-11-29,Category B,CCY-2,Y,171.18,56.52,49.13,10.63,9.24,4.38,3.81,259.71,225.74,,PVS,225.74,2524,39ERM9,Basis-002,4.89,1.4,0.26,0.11,6.45
XA,2025-12-16,INT,FN-395,XAFN-117,TDXSUQ,TDX-SUQ,7305976620840,,TDX-SUQ,Class 5,TYPE-C,,Agent C2,Payment B,2025-11-17,Category A,CCY-3,Y,192.67,37.56,42.59,14.19,16.09,2.09,2.37,219.55,248.98,,TDX,248.98,2920,PK8FVZ,Basis-003,5.5,1.22,0.46,0.07,7.11
XA,2025-12-28,INT,FN-118,XAFN-117,UBRTPX,UBR-TPX,4586672929907,Category C,UBR-TPX,Class 6,TYPE-B,,Agent C2,Payment B,2025-12-01,Category C,CCY-2,Y,234.59,45.95,43.08,8.98,8.42,3.96,3.71,301.22,282.38,,UBR,282.38,3750,XD9JIF,Basis-001/BG,6.7,1.23,0.24,0.11,8.07
XA,2025-12-26,INT,FN-119,XAFN-395,NABKHV,NAB-KHV,9862254686296,,NAB-KHV,Class 9,TYPE-A,,Agent A1,Payment A,2025-11-24,Category D,CCY-2,N,104.26,33.44,34.99,14.02,14.67,4.93,5.16,142.16,148.76,,NAB,148.76,4273,JTULR7,Basis-002,2.98,1.0,0.42,0.15,4.25
XA,2025-12-13,DOM,FN-101,XAFN-101,DRWKSN,DRW-KSN,1266460961490,,DRW-KSN,Class 8,TYPE-A,,Agent A1,Payment C,2025-11-07,Category D,CCY-2,N,132.18,57.36,45.98,21.53,17.26,5.16,4.14,238.61,191.28,,DRW,191.28,3113,4VLMLZ,Basis-001,3.78,1.31,0.49,0.12,5.47
XA,2025-12-24,DOM,FN-394,XAFN-118,FUGJYN,FUG-JYN,2052258987307,Category C,FUG-JYN,Class 9,TYPE-B,,Agent A1,Payment B,2025-11-26,Category C,CCY-3,N,76.69,20.48,17.45,10.91,9.3,3.85,3.28,117.54,100.16,,FUG,100.16,4865,5BQWYO,Basis-001,2.19,0.5,0.27,0.09,2.86
XA,2025-12-21,DOM,FN-117,XAFN-132,UBRJYN,UBR-JYN,0064227643494,,UBR-JYN,Class 2,TYPE-C,,Agent A2,Payment B,2025-12-14,Category C,CCY-2,Y,174.61,24.56,22.13,18.6,16.76,6.48,5.84,230.44,207.66,,UBR,207.66,2820,9K5YJC,Basis-002/BG,4.99,0.63,0.48,0.17,5.93
XA,2025-12-29,DOM,FN-395,XAFN-395,KSNUMK,KSN-UMK,7559875920415,Category D,KSN-UMK,Class 6,TYPE-B,,Agent C1,Payment C,2025-12-21,Category B,CCY-3,Y,183.93,26.94,30.59,2.48,2.82,1.56,1.77,189.86,215.57,,KSN,215.57,607,3D7JI6,Basis-001/BG,5.26,0.87,0.08,0.05,6.16
XA,2025-12-08,DOM,FN-119,XAFN-117,TDXJYN,TDX-JYN,9457867404772,Category D,TDX-JYN,Class 8,TYPE-D,,Agent C2,Payment B,2025-12-29,Category D,CCY-3,Y,44.73,30.83,34.22,0.59,0.66,0.59,0.66,71.14,78.95,,TDX,78.95,4377,H1D2OW,Basis-001,1.28,0.98,0.02,0.02,2.26
XA,2025-12-17,DOM,FN-117,XAFN-508,KEETDX,KEE-TDX,9316421282658,Category D,KEE-TDX,Class 8,TYPE-D,,Agent A1,Payment A,2025-11-19,Category A,CCY-3,Y,231.01,31.78,27.63,30.16,26.22,3.88,3.37,323.74,281.49,,KEE,281.49,3004,XQUD13,Basis-002,6.6,0.79,0.75,0.1,8.04
XA,2025-12-05,DOM,FN-119,XAFN-118,QFXNAB,QFX-NAB,3440708063139,Category D,QFX-NAB,Class 6,TYPE-C,,Agent A2,Payment B,2025-12-30,Category D,CCY-4,N,334.63,32.22,27.28,11.18,9.47,6.92,5.86,431.65,365.52,,QFX,365.52,2871,W0HY3F,Basis-001/BG,9.56,0.78,0.27,0.17,10.44
XA,2025-12-04,DOM,FN-395,XAFN-105,NABFUG,NAB-FUG,5447889377070,Category D,NAB-FUG,Class 2,TYPE-A,,Agent B2,Payment A,2025-12-10,Category C,CCY-2,Y,229.65,52.66,55.55,1.72,1.81,4.28,4.52,267.77,282.49,,NAB,282.49,3494,7NHPGJ,Basis-001/BG,6.56,1.59,0.05,0.13,8.07
XA,2025-12-20,DOM,FN-395,XAFN-101,DRWJKS,DRW-JKS,4707893798775,Category C,DRW-JKS,Class 8,TYPE-B,,Agent C1,Payment C,2025-12-10,Category D,CCY-2,Y,7.09,18.66,20.67,11.66,12.91,0.0,0.0,36.72,40.67,,DRW,40.67,3385,UDSNJ5,Basis-003,0.2,0.59,0.37,0.0,1.16
XA,2025-12-05,DOM,FN-508,XAFN-101,UMKJKS,UMK-JKS,1651599527478,,UMK-JKS,Class 8,TYPE-A,,Agent B1,Payment C,2025-11-22,Category B,CCY-2,Y,189.75,47.97,46.05,4.17,4.0,5.21,5.0,244.61,234.8,,UMK,234.8,1877,CXU1CX,Basis-002,5.42,1.32,0.11,0.14,6.71
XA,2025-12-13,INT,FN-132,XAFN-101,JKSTPX,JKS-TPX,2100027864995,,JKS-TPX,Class 2,TYPE-A,,Agent A1,Payment B,2025-11-08,Category B,CCY-4,N,35.29,37.48,42.87,5.12,5.86,1.15,1.32,72.31,82.7,,JKS,82.7,2062,SX52GW,Basis-001,1.01,1.22,0.17,0.04,2.36
XA,2025-12-21,INT,FN-508,XAFN-117,YMLHGV,YML-HGV,7462268975311,Category D,YML-HGV,Class 7,TYPE-B,,Agent C2,Payment B,2025-12-19,Category B,CCY-2,N,11.48,31.47,32.18,13.66,13.97,0.1,0.1,56.26,57.53,,YML,57.53,1297,4ALV0L,Basis-002,0.33,0.92,0.4,0.0,1.64
XA,2025-12-22,INT,FN-118,XAFN-132,NABSUQ,NAB-SUQ,9624384092771,Category D,NAB-SUQ,Class 5,TYPE-D,,Agent A2,Payment C,2025-12-11,Category D,CCY-1,N,140.24,22.55,23.13,8.97,9.2,4.06,4.16,164.18,168.41,,NAB,168.41,245,XCY6FD,Basis-001,4.01,0.66,0.26,0.12,4.81
XA,2025-12-16,DOM,FN-132,XAFN-508,YMLFUG,YML-FUG,1445661966760,,YML-FUG,Class 9,TYPE-C,,Agent A1,Payment C,2025-11-18,Category B,CCY-4,N,120.35,8.16,9.78,5.36,6.43,2.28,2.73,111.63,133.83,,YML,133.83,212,1AGXMN,Basis-002,3.44,0.28,0.18,0.08,3.82
XA,2025-12-24,INT,FN-117,XAFN-508,JKSTPX,JKS-TPX,7741050685902,Category C,JKS-TPX,Class 7,TYPE-B,,Agent A1,Payment C,2025-12-21,Category C,CCY-3,N,191.7,30.21,34.83,9.4,10.84,6.2,7.15,199.68,230.22,,JKS,230.22,1722,EZW544,Basis-002,5.48,1.0,0.31,0.2,6.58
XA,2025-12-28,DOM,FN-118,XAFN-117,UBRJYN,UBR-JYN,8907816293096,,UBR-JYN,Class 4,TYPE-C,,Agent A1,Payment B,2025-11-08,Category A,CCY-1,N,70.39,24.57,27.28,0.8,0.89,1.02,1.13,87.74,97.43,,UBR,97.43,3461,EVH4QL,Basis-001,2.01,0.78,0.03,0.03,2.78
XA,2025-12-07,INT,FN-105,XAFN-508,FUGLNR,FUG-LNR,9467099608749,,FUG-LNR,Class 8,TYPE-A,,Agent A2,Payment A,2025-12-09,Category B,CCY-4,Y,164.28,52.9,51.43,2.7,2.63,3.74,3.64,220.82,214.7,,FUG,214.7,4403,YRSZQU,Basis-003,4.69,1.47,0.08,0.1,6.13
XA,2025-12-17,DOM,FN-133,XAFN-395,QFXKLC,QFX-KLC,6274823009715,Category D,QFX-KLC,Class 4,TYPE-D,,Agent B1,Payment C,2025-11-23,Category A,CCY-4,Y,103.13,36.35,34.94,16.91,16.26,1.87,1.8,158.67,152.53,,QFX,152.53,1792,42HQFX,Basis-001,2.95,1.0,0.46,0.05,4.36
XA,2025-12-30,INT,FN-395,XAFN-117,DRWHGV,DRW-HGV,4649137165094,Category C,DRW-HGV,Class 9,TYPE-B,,Agent C2,Payment A,2025-11-24,Category D,CCY-1,Y,114.14,19.34,19.62,0.16,0.16,1.56,1.58,130.48,132.34,,DRW,132.34,4043,9DI53C,Basis-001,3.26,0.56,0.0,0.05,3.78
XA,2025-12-20,DOM,FN-101,XAFN-118,PVSYML,PVS-YML,6449405815193,Category D,PVS-YML,Class 7,TYPE-B,,Agent B2,Payment C,2025-12-07,Category A,CCY-1,Y,158.28,52.22,60.63,9.81,11.39,0.18,0.21,198.17,230.09,,PVS,230.09,1515,P4VAS9,Basis-001,4.52,1.73,0.33,0.01,6.57
XA,2025-12-29,INT,FN-133,XAFN-133,UBRKHV,UBR-KHV,1177294206708,,UBR-KHV,Class 2,TYPE-C,,Agent C2,Payment C,2025-12-18,Category C,CCY-3,Y,148.22,41.85,34.83,11.94,9.94,2.74,2.28,229.14,190.71,,UBR,190.71,2494,9AWRZV,Basis-002,4.23,1.0,0.28,0.07,5.45
XA,2025-12-12,INT,FN-105,XAFN-395,KSNMBT,KSN-MBT,6175989622494,,KSN-MBT,Class 1,TYPE-D,,Agent B1,Payment C,2025-11-07,Category C,CCY-1,N,84.96,48.18,42.35,12.66,11.13,1.12,0.98,156.4,137.46,,KSN,137.46,4345,7GNVBA,Basis-002/BG,2.43,1.21,0.32,0.03,3.93
XA,2025-12-23,DOM,FN-394,XAFN-101,YMLQFX,YML-QFX,8594268239554,Category C,YML-QFX,Class 3,TYPE-C,,Agent B1,Payment C,2025-12-21,Category B,CCY-2,Y,151.41,13.96,15.37,15.01,16.52,3.04,3.35,163.48,179.95,,YML,179.95,2174,SAEXMO,Basis-002,4.33,0.44,0.47,0.1,5.14
XA,2025-12-12,DOM,FN-132,XAFN-119,NABJKS,NAB-JKS,2375083973175,Category C,NAB-JKS,Class 2,TYPE-C,,Agent A2,Payment C,2025-12-16,Category B,CCY-2,Y,203.18,19.64,21.71,13.58,15.01,5.72,6.32,211.36,233.58,,NAB,233.58,2483,IZDHM0,Basis-003,5.81,0.62,0.43,0.18,6.67
XA,2025-12-12,INT,FN-101,XAFN-101,JKSTPX,JKS-TPX,6455804829407,Category C,JKS-TPX,Class 3,TYPE-D,,Agent A2,Payment B,2025-12-18,Category C,CCY-1,N,110.19,15.82,18.27,5.37,6.2,2.34,2.7,114.29,131.96,,JKS,131.96,1672,U50AP1,Basis-002,3.15,0.52,0.18,0.08,3.77
XA,2025-12-18,INT,FN-117,XAFN-117,PVSVQR,PVS-VQR,6231675011532,,PVS-VQR,Class 7,TYPE-A,,Agent A2,Payment B,2025-12-20,Category A,CCY-1,N,8.31,39.15,37.07,0.89,0.84,0.23,0.22,48.58,46.0,,PVS,46.0,3835,RMNZSY,Basis-001/BG,0.24,1.06,0.02,0.01,1.31
XA,2025-12-26,INT,FN-132,XAFN-119,FUGVQR,FUG-VQR,8289812239657,Category D,FUG-VQR,Class 8,TYPE-B,,Agent C2,Payment B,2025-12-21,Category D,CCY-4,N,51.72,1.39,1.13,11.78,9.57,0.02,0.02,76.81,62.4,,FUG,62.4,2560,LFLN7F,Basis-003,1.48,0.03,0.27,0.0,1.78
XA,2025-12-05,DOM,FN-508,XAFN-508,KLCQFX,KLC-QFX,6138071860699,Category C,KLC-QFX,Class 7,TYPE-C,,Agent B1,Payment A,2025-11-03,Category D,CCY-3,Y,137.97,22.41,25.1,4.28,4.79,4.17,4.67,145.71,163.19,,KLC,163.19,4449,ZWCFU9,Basis-002/BG,3.94,0.72,0.14,0.13,4.66
XA,2025-12-26,DOM,FN-105,XAFN-101,QFXPVS,QFX-PVS,3630569562509,,QFX-PVS,Class 3,TYPE-C,,Agent A1,Payment A,2025-11-14,Category C,CCY-4,Y,56.22,34.22,36.97,6.71,7.25,1.31,1.42,91.65,99.02,,QFX,99.02,4681,TWY3Y7,Basis-003,1.61,1.06,0.21,0.04,2.83
XA,2025-12-15,INT,FN-105,XAFN-118,KLCZYR,KLC-ZYR,9236036808588,Category D,KLC-ZYR,Class 9,TYPE-C,,Agent B1,Payment A,2025-12-22,Category D,CCY-1,Y,175.31,14.43,16.72,9.42,10.91,0.69,0.8,174.51,202.14,,KLC,202.14,1125,4G4ZRR,Basis-002/BG,5.01,0.48,0.31,0.02,5.78
XA,2025-12-30,DOM,FN-395,XAFN-101,UBRUMK,UBR-UMK,4384309797568,Category D,UBR-UMK,Class 4,TYPE-B,,Agent A1,Payment C,2025-11-08,Category A,CCY-1,Y,254.26,46.71,38.79,9.56,7.94,10.95,9.09,351.53,291.9,,UBR,291.9,4505,4RQVZY,Basis-001/BG,7.26,1.11,0.23,0.26,8.34
XA,2025-12-13,DOM,FN-101,XAFN-119,FUGKSN,FUG-KSN,0231217817042,Category C,FUG-KSN,Class 7,TYPE-B,,Agent B2,Payment B,2025-12-04,Category A,CCY-3,Y,170.58,27.03,26.39,10.28,10.04,5.41,5.28,206.63,201.73,,FUG,201.73,4566,L3AH4E,Basis-002,4.87,0.75,0.29,0.15,5.76
XA,2025-12-04,DOM,FN-101,XAFN-508,UBRJYN,UBR-JYN,5310017925136,Category C,UBR-JYN,Class 3,TYPE-B,,Agent A2,Payment C,2025-12-12,Category A,CCY-4,Y,123.95,23.83,27.53,9.57,11.06,0.48,0.55,140.22,161.99,,UBR,161.99,1963,X8G4XU,Basis-001,3.54,0.79,0.32,0.02,4.63
XA,2025-12-23,INT,FN-119,XAFN-133,KEELNR,KEE-LNR,0772720450980,,KEE-LNR,Class 5,TYPE-B,,Agent C2,Payment C,2025-12-27,Category C,CCY-4,Y,70.53,17.72,14.76,3.67,3.06,2.61,2.17,103.46,86.18,,KEE,86.18,2174,8NEOGE,Basis-001,2.02,0.42,0.09,0.06,2.46
XA,2025-12-02,DOM,FN-132,XAFN-105,QFXTDX,QFX-TDX,5133209673092,Category D,QFX-TDX,Class 5,TYPE-A,,Agent B2,Payment B,2025-11-06,Category B,CCY-4,N,21.98,11.81,11.74,10.86,10.8,1.04,1.03,43.75,43.49,,QFX,43.49,4845,WPMIB2,Basis-001/BG,0.63,0.34,0.31,0.03,1.24
XA,2025-12-28,INT,FN-395,XAFN-101,JYNMBT,JYN-MBT,0084162675014,,JYN-MBT,Class 4,TYPE-B,,Agent C2,Payment A,2025-11-18,Category D,CCY-2,N,78.58,36.42,37.7,9.82,10.17,2.3,2.38,119.85,124.07,,JYN,124.07,244,82IJW9,Basis-002,2.25,1.08,0.29,0.07,3.54
XA,2025-12-25,INT,FN-508,XAFN-101,DRWSZV,DRW-SZV,2320165198890,,DRW-SZV,Class 5,TYPE-A,,Agent C1,Payment A,2025-12-25,Category D,CCY-2,N,7.48,39.79,39.82,14.04,14.05,0.02,0.02,61.28,61.33,,DRW,61.33,464,QM707O,Basis-002/BG,0.21,1.14,0.4,0.0,1.75
XA,2025-12-21,INT,FN-117,XAFN-117,NABRZP,NAB-RZP,8439656887202,,NAB-RZP,Class 1,TYPE-C,,Agent C1,Payment B,2025-11-06,Category A,CCY-3,Y,70.49,31.45,36.3,4.96,5.72,1.22,1.41,96.26,111.1,,NAB,111.1,3341,2MKNKJ,Basis-001/BG,2.01,1.04,0.16,0.04,3.17
XA,2025-12-10,INT,FN-132,XAFN-508,FUGKUV,FUG-KUV,5508002906954,,FUG-KUV,Class 8,TYPE-B,,Agent B1,Payment B,2025-12-29,Category C,CCY-3,Y,157.81,13.36,11.03,1.25,1.03,3.22,2.66,202.49,167.21,,FUG,167.21,3878,YVHWB2,Basis-001,4.51,0.32,0.03,0.08,4.78
XA,2025-12-10,DOM,FN-394,XAFN-101,QFXJKS,QFX-JKS,2360741706022,Category D,QFX-JKS,Class 1,TYPE-B,,Agent B1,Payment B,2025-12-29,Category B,CCY-1,Y,119.37,28.94,28.14,8.24,8.01,1.63,1.58,158.33,153.94,,QFX,153.94,1741,JDP9T6,Basis-002,3.41,0.8,0.23,0.05,4.4
XA,2025-12-08,INT,FN-394,XAFN-508,FUGHGV,FUG-HGV,0584828173933,,FUG-HGV,Class 6,TYPE-A,,Agent A1,Payment C,2025-11-11,Category D,CCY-3,N,55.28,28.62,24.0,13.54,11.35,2.24,1.88,105.85,88.75,,FUG,88.75,3755,8EC4NN,Basis-002/BG,1.58,0.69,0.32,0.05,2.54
XA,2025-12-02,INT,FN-395,XAFN-118,DRWMBT,DRW-MBT,5014399925709,Category C,DRW-MBT,Class 8,TYPE-D,,Agent A1,Payment A,2025-11-10,Category C,CCY-3,N,146.41,35.12,32.74,7.13,6.65,3.0,2.8,196.28,183.0,,DRW,183.0,1077,JT4LMA,Basis-001/BG,4.18,0.94,0.19,0.08,5.23
XA,2025-12-28,INT,FN-395,XAFN-101,JKSSZV,JKS-SZV,5283905306730,Category C,JKS-SZV,Class 2,TYPE-A,,Agent A2,Payment C,2025-12-28,Category C,CCY-1,Y,243.74,12.06,12.36,12.14,12.44,10.23,10.49,251.73,258.05,,JKS,258.05,1056,0WQOFY,Basis-001,6.96,0.35,0.36,0.3,7.37
XA,2025-12-19,DOM,FN-394,XAFN-101,PVSKEE,PVS-KEE,9574454069143,,PVS-KEE,Class 6,TYPE-D,,Agent B2,Payment A,2025-12-06,Category C,CCY-1,Y,244.55,32.29,37.21,7.8,8.99,8.96,10.33,243.32,280.42,,PVS,280.42,1153,17L2OP,Basis-002,6.99,1.06,0.26,0.3,8.01
XA,2025-12-23,INT,FN-394,XAFN-119,TDXGNP,TDX-GNP,2437039190566,Category D,TDX-GNP,Class 7,TYPE-A,,Agent B1,Payment A,2025-12-14,Category B,CCY-2,N,107.74,51.13,45.54,3.24,2.89,4.46,3.97,170.89,152.2,,TDX,152.2,1766,AQS4FU,Basis-003,3.08,1.3,0.08,0.11,4.35
XA,2025-12-02,INT,FN-132,XAFN-105,DRWDPQ,DRW-DPQ,9170242363743,,DRW-DPQ,Class 9,TYPE-B,,Agent C1,Payment A,2025-11-05,Category B,CCY-1,Y,72.39,21.87,24.04,14.73,16.19,2.11,2.32,100.33,110.3,,DRW,110.3,4505,9GCMYZ,Basis-002/BG,2.07,0.69,0.46,0.07,3.15
XA,2025-12-13,DOM,FN-117,XAFN-101,DRWFUG,DRW-FUG,7347873541455,,DRW-FUG,Class 2,TYPE-C,,Agent B2,Payment A,2025-11-05,Category A,CCY-1,N,180.38,16.92,15.48,9.24,8.45,7.3,6.68,216.04,197.63,,DRW,197.63,4393,TVOIWA,Basis-003,5.15,0.44,0.24,0.19,5.65
XA,2025-12-12,INT,FN-394,XAFN-395,YMLKHV,YML-KHV,1656088041890,Category C,YML-KHV,Class 4,TYPE-C,,Agent B1,Payment B,2025-12-22,Category B,CCY-1,Y,100.85,18.99,19.35,14.62,14.89,0.62,0.63,131.98,134.46,,YML,134.46,3740,CHYB7T,Basis-001/BG,2.88,0.55,0.43,0.02,3.84
XA,2025-12-17,INT,FN-105,XAFN-119,UBRVQR,UBR-VQR,7229380450308,Category C,UBR-VQR,Class 2,TYPE-C,,Agent C1,Payment A,2025-12-12,Category A,CCY-3,N,40.26,50.32,54.13,13.14,14.14,1.06,1.14,99.82,107.39,,UBR,107.39,2544,RJGRU9,Basis-003,1.15,1.55,0.4,0.03,3.07
XA,2025-12-16,DOM,FN-395,XAFN-105,YMLUBR,YML-UBR,8155392588302,,YML-UBR,Class 8,TYPE-B,,Agent B2,Payment B,2025-11-05,Category D,CCY-2,Y,237.27,26.67,23.06,10.7,9.25,12.19,10.54,299.63,259.04,,YML,259.04,2153,IL6RSO,Basis-001/BG,6.78,0.66,0.26,0.3,7.4
XA,2025-12-22,INT,FN-118,XAFN-395,QFXSUQ,QFX-SUQ,8105039167812,Category C,QFX-SUQ,Class 1,TYPE-D,,Agent C1,Payment C,2025-11-15,Category C,CCY-4,Y,35.35,18.99,22.13,10.7,12.47,0.24,0.28,59.79,69.67,,QFX,69.67,674,16822X,Basis-003,1.01,0.63,0.36,0.01,1.99
XA,2025-12-25,DOM,FN-133,XAFN-508,QFXDRW,QFX-DRW,8232072486115,,QFX-DRW,Class 6,TYPE-B,,Agent A2,Payment A,2025-12-23,Category D,CCY-2,N,253.69,14.91,13.39,9.1,8.17,8.38,7.53,298.12,267.72,,QFX,267.72,4726,BYKR9J,Basis-001,7.25,0.38,0.23,0.22,7.65
XA,2025-12-29,DOM,FN-117,XAFN-101,UMKKEE,UMK-KEE,8362487485623,,UMK-KEE,Class 5,TYPE-D,,Agent C2,Payment A,2025-12-01,Category B,CCY-3,Y,137.9,7.57,9.06,10.83,12.96,2.52,3.02,131.1,156.9,,UMK,156.9,3903,QOZ9G5,Basis-002,3.94,0.26,0.37,0.09,4.48
XA,2025-12-10,DOM,FN-105,XAFN-133,PVSYML,PVS-YML,9843663375618,Category D,PVS-YML,Class 7,TYPE-C,,Agent A2,Payment B,2025-12-01,Category D,CCY-1,N,92.08,24.41,27.07,6.98,7.74,1.77,1.96,112.65,124.93,,PVS,124.93,4262,6NEV8S,Basis-002/BG,2.63,0.77,0.22,0.06,3.57
XA,2025-12-29,DOM,FN-508,XAFN-117,UMKNAB,UMK-NAB,3960424450256,,UMK-NAB,Class 9,TYPE-A,,Agent A2,Payment A,2025-12-01,Category B,CCY-2,N,86.85,32.32,29.89,9.65,8.92,2.07,1.91,133.81,123.75,,UMK,123.75,4749,TCODAI,Basis-002/BG,2.48,0.85,0.25,0.05,3.54
XA,2025-12-27,DOM,FN-101,XAFN-118,KLCKSN,KLC-KSN,3741269808655,,KLC-KSN,Class 5,TYPE-A,,Agent C1,Payment B,2025-12-20,Category A,CCY-1,N,120.25,17.07,19.07,10.39,11.6,1.2,1.34,133.92,149.58,,KLC,149.58,225,540H2Y,Basis-001/BG,3.44,0.54,0.33,0.04,4.27
XA,2025-12-19,DOM,FN-118,XAFN-117,TDXQFX,TDX-QFX,5016575557486,Category C,TDX-QFX,Class 1,TYPE-B,,Agent C1,Payment A,2025-11-01,Category D,CCY-2,Y,282.29,28.72,32.1,13.4,14.98,8.54,9.54,286.14,319.83,,TDX,319.83,2992,O5MLHZ,Basis-002,8.07,0.92,0.43,0.27,9.14
XA,2025-12-30,DOM,FN-133,XAFN-105,KEETDX,KEE-TDX,6153176602445,,KEE-TDX,Class 7,TYPE-D,,Agent C2,Payment C,2025-11-06,Category A,CCY-1,N,38.78,29.47,32.37,4.11,4.51,1.37,1.51,67.5,74.15,,KEE,74.15,1944,IY5NWQ,Basis-002/BG,1.11,0.92,0.13,0.04,2.12
XA,2025-12-18,INT,FN-119,XAFN-118,UBRDPQ,UBR-DPQ,2605338824996,,UBR-DPQ,Class 6,TYPE-D,,Agent C2,Payment A,2025-12-05,Category A,CCY-3,N,31.85,23.44,18.91,19.78,15.96,0.78,0.63,81.93,66.09,,UBR,66.09,2823,SBDXG9,Basis-002,0.91,0.54,0.46,0.02,1.89
XA,2025-12-30,INT,FN-508,XAFN-119,QFXRZP,QFX-RZP,7902293094431,Category C,QFX-RZP,Class 2,TYPE-A,,Agent A2,Payment B,2025-12-25,Category C,CCY-2,N,226.0,35.19,33.65,2.45,2.34,9.48,9.06,264.53,252.93,,QFX,252.93,3800,VV7RMN,Basis-003,6.46,0.96,0.07,0.26,7.23
XA,2025-12-12,INT,FN-394,XAFN-395,KSNVQR,KSN-VQR,3715104136777,,KSN-VQR,Class 1,TYPE-D,,Agent C1,Payment B,2025-12-22,Category B,CCY-4,Y,134.3,29.35,34.53,9.25,10.88,3.66,4.3,149.1,175.41,,KSN,175.41,1286,JVRQVQ,Basis-002,3.84,0.99,0.31,0.12,5.01
XA,2025-12-09,INT,FN-101,XAFN-117,TDXLNR,TDX-LNR,8944388269769,Category D,TDX-LNR,Class 3,TYPE-A,,Agent A2,Payment C,2025-11-25,Category D,CCY-1,N,2.5,18.05,16.65,10.5,9.68,0.11,0.1,31.15,28.73,,TDX,28.73,2408,1S4VUV,Basis-001,0.07,0.48,0.28,0.0,0.82
XA,2025-12-18,INT,FN-119,XAFN-132,UMKTPX,UMK-TPX,9094904447427,,UMK-TPX,Class 4,TYPE-D,,Agent A2,Payment B,2025-11-20,Category C,CCY-1,N,192.9,3.2,2.94,10.0,9.19,10.36,9.52,212.79,195.51,,UMK,195.51,1433,ROCMQX,Basis-003,5.51,0.08,0.26,0.27,5.59
XA,2025-12-08,INT,FN-508,XAFN-105,QFXZYR,QFX-ZYR,4603782803568,,QFX-ZYR,Class 8,TYPE-A,,Agent C1,Payment C,2025-12-12,Category C,CCY-3,N,161.44,37.2,42.74,11.72,13.46,6.89,7.91,182.56,209.73,,QFX,209.73,4134,Q6QBGX,Basis-003,4.61,1.22,0.38,0.23,5.99
XA,2025-12-27,DOM,FN-508,XAFN-394,UBRKLC,UBR-KLC,4631771862667,,UBR-KLC,Class 3,TYPE-A,,Agent B2,Payment A,2025-12-21,Category B,CCY-3,N,196.61,15.26,18.0,0.39,0.46,3.28,3.87,179.07,211.2,,UBR,211.2,1900,2EAH0O,Basis-002,5.62,0.51,0.01,0.11,6.03
XA,2025-12-09,INT,FN-508,XAFN-394,QFXZYR,QFX-ZYR,7053644349541,Category C,QFX-ZYR,Class 5,TYPE-A,,Agent C2,Payment B,2025-11-25,Category B,CCY-4,Y,118.56,40.07,45.02,15.1,16.97,2.09,2.35,158.59,178.2,,QFX,178.2,4630,X4Z5W6,Basis-003,3.39,1.29,0.48,0.07,5.09
XA,2025-12-28,DOM,FN-133,XAFN-132,UMKKEE,UMK-KEE,0456869690019,Category C,UMK-KEE,Class 1,TYPE-B,,Agent A2,Payment A,2025-12-21,Category C,CCY-2,Y,206.84,38.68,36.44,12.63,11.9,9.03,8.51,261.82,246.67,,UMK,246.67,2661,AJ87WL,Basis-002,5.91,1.04,0.34,0.24,7.05
XA,2025-12-26,DOM,FN-117,XAFN-394,JYNDRW,JYN-DRW,7933335694201,Category D,JYN-DRW,Class 9,TYPE-C,,Agent B1,Payment B,2025-11-26,Category D,CCY-4,Y,105.51,33.5,28.05,21.92,18.35,6.15,5.15,175.28,146.76,,JYN,146.76,3592,5Z8546,Basis-002,3.01,0.8,0.52,0.15,4.19
XA,2025-12-10,DOM,FN-105,XAFN-394,PVSDRW,PVS-DRW,3265234655461,Category C,PVS-DRW,Class 5,TYPE-A,,Agent A2,Payment C,2025-11-18,Category D,CCY-1,N,74.6,65.24,54.22,10.09,8.39,0.06,0.05,165.03,137.16,,PVS,137.16,1621,PKB571,Basis-003,2.13,1.55,0.24,0.0,3.92
XA,2025-12-07,DOM,FN-132,XAFN-118,PVSUMK,PVS-UMK,2562860781384,,PVS-UMK,Class 2,TYPE-C,,Agent A1,Payment A,2025-12-18,Category C,CCY-3,Y,256.03,7.87,8.9,11.43,12.93,7.69,8.7,238.0,269.16,,PVS,269.16,3994,YWS0AZ,Basis-003,7.32,0.25,0.37,0.25,7.69
XA,2025-12-09,DOM,FN-133,XAFN-132,NABQFX,NAB-QFX,1206906119597,Category C,NAB-QFX,Class 1,TYPE-D,,Agent A2,Payment B,2025-11-16,Category A,CCY-3,Y,91.06,9.47,8.77,11.97,11.09,3.3,3.06,116.47,107.86,,NAB,107.86,1173,LJL8VJ,Basis-001/BG,2.6,0.25,0.32,0.09,3.08
XA,2025-12-25,DOM,FN-119,XAFN-105,PVSJKS,PVS-JKS,9507873053900,Category C,PVS-JKS,Class 5,TYPE-C,,Agent C2,Payment C,2025-12-19,Category B,CCY-1,Y,230.76,14.49,17.33,2.09,2.5,0.59,0.71,208.94,249.88,,PVS,249.88,1503,5F6Y1N,Basis-002,6.59,0.5,0.07,0.02,7.14
XA,2025-12-26,INT,FN-132,XAFN-394,UBRGNP,UBR-GNP,8339399431095,,UBR-GNP,Class 9,TYPE-C,,Agent B2,Payment C,2025-11-29,Category B,CCY-3,Y,142.65,30.24,28.69,13.43,12.74,4.56,4.33,189.49,179.75,,UBR,179.75,4835,MG5SVS,Basis-001,4.08,0.82,0.36,0.12,5.14
XA,2025-12-19,DOM,FN-395,XAFN-118,UMKTDX,UMK-TDX,6074562567032,,UMK-TDX,Class 9,TYPE-A,,Agent C1,Payment C,2025-12-03,Category D,CCY-4,N,225.97,27.66,29.11,18.32,19.28,8.73,9.19,251.95,265.17,,UMK,265.17,4463,QL2TBE,Basis-002/BG,6.46,0.83,0.55,0.26,7.58
XA,2025-12-30,INT,FN-101,XAFN-394,NABGNP,NAB-GNP,4390648477392,,NAB-GNP,Class 1,TYPE-B,,Agent B1,Payment C,2025-12-21,Category C,CCY-3,N,167.94,21.42,24.8,1.68,1.94,2.9,3.36,165.26,191.32,,NAB,191.32,306,YIDR6X,Basis-001,4.8,0.71,0.06,0.1,5.47
XA,2025-12-06,DOM,FN-508,XAFN-105,FUGKSN,FUG-KSN,6942616664710,,FUG-KSN,Class 1,TYPE-B,,Agent B1,Payment A,2025-11-29,Category C,CCY-2,N,128.99,25.07,24.95,14.87,14.8,4.9,4.88,164.63,163.86,,FUG,163.86,3203,EZAI86,Basis-001/BG,3.69,0.71,0.42,0.14,4.68
XA,2025-12-08,DOM,FN-117,XAFN-105,NABKEE,NAB-KEE,5290074166430,,NAB-KEE,Class 2,TYPE-A,,Agent B1,Payment A,2025-12-06,Category B,CCY-4,Y,187.0,10.74,12.31,9.47,10.86,0.65,0.75,182.69,209.42,,NAB,209.42,3458,RH4K4J,Basis-002,5.34,0.35,0.31,0.02,5.98
XA,2025-12-15,INT,FN-119,XAFN-394,FUGZYR,FUG-ZYR,7889214181007,Category C,FUG-ZYR,Class 7,TYPE-A,,Agent C1,Payment C,2025-11-17,Category D,CCY-1,Y,203.72,64.18,52.92,17.51,14.44,9.76,8.05,319.01,263.03,,FUG,263.03,1057,XQ01JW,Basis-002/BG,5.82,1.51,0.41,0.23,7.52
XA,2025-12-01,INT,FN-119,XAFN-119,UMKKUV,UMK-KUV,6759479109999,Category C,UMK-KUV,Class 6,TYPE-D,,Agent C1,Payment B,2025-12-05,Category D,CCY-4,N,210.87,31.53,30.9,12.18,11.94,8.13,7.97,250.77,245.74,,UMK,245.74,1529,HBALHJ,Basis-001/BG,6.02,0.88,0.34,0.23,7.02
XA,2025-12-02,DOM,FN-101,XAFN-101,QFXTDX,QFX-TDX,2675547539641,,QFX-TDX,Class 9,TYPE-B,,Agent C1,Payment A,2025-11-22,Category A,CCY-2,Y,249.96,10.16,10.01,8.37,8.25,0.33,0.33,271.91,267.89,,QFX,267.89,4059,4F9HG3,Basis-003,7.14,0.29,0.24,0.01,7.65
XA,2025-12-28,DOM,FN-101,XAFN-395,FUGJYN,FUG-JYN,0480886112580,Category D,FUG-JYN,Class 3,TYPE-C,,Agent C2,Payment A,2025-11-04,Category D,CCY-4,N,88.19,33.23,35.69,15.04,16.15,3.93,4.22,126.45,135.81,,FUG,135.81,4004,7EDQZS,Basis-001,2.52,1.02,0.46,0.12,3.88
XA,2025-12-30,DOM,FN-132,XAFN-117,UBRNAB,UBR-NAB,1526737110706,,UBR-NAB,Class 8,TYPE-D,,Agent B1,Payment B,2025-12-18,Category C,CCY-4,Y,102.24,4.92,5.85,6.67,7.94,3.87,4.6,93.66,111.43,,UBR,111.43,2582,RI54PU,Basis-001/BG,2.92,0.17,0.23,0.13,3.18
XA,2025-12-13,INT,FN-395,XAFN-508,QFXGNP,QFX-GNP,9773951660323,,QFX-GNP,Class 6,TYPE-A,,Agent A1,Payment B,2025-12-14,Category A,CCY-2,N,223.08,38.93,38.06,12.42,12.14,3.62,3.54,275.89,269.74,,QFX,269.74,706,Y23M9D,Basis-003,6.37,1.09,0.35,0.1,7.71
XA,2025-12-16,INT,FN-394,XAFN-117,PVSKUV,PVS-KUV,5961159533841,,PVS-KUV,Class 4,TYPE-B,,Agent C2,Payment C,2025-12-14,Category A,CCY-2,N,127.6,10.2,10.81,11.87,12.58,1.35,1.43,141.07,149.56,,PVS,149.56,1717,T1DZ0O,Basis-001/BG,3.65,0.31,0.36,0.04,4.27
XA,2025-12-07,DOM,FN-118,XAFN-119,TDXUMK,TDX-UMK,4936356808779,Category C,TDX-UMK,Class 1,TYPE-C,,Agent B2,Payment A,2025-11-19,Category C,CCY-3,Y,83.26,59.46,62.76,12.17,12.85,3.71,3.92,146.79,154.95,,TDX,154.95,3676,QF2RKA,Basis-002/BG,2.38,1.79,0.37,0.11,4.43
XA,2025-12-24,INT,FN-118,XAFN-395,JYNMBT,JYN-MBT,7092951628908,Category D,JYN-MBT,Class 3,TYPE-C,,Agent B1,Payment C,2025-12-21,Category B,CCY-2,N,103.55,20.6,20.83,9.43,9.54,0.72,0.73,131.7,133.19,,JYN,133.19,1345,P6I5GS,Basis-001/BG,2.96,0.6,0.27,0.02,3.81
XA,2025-12-20,INT,FN-394,XAFN-118,DRWTPX,DRW-TPX,4765224696851,,DRW-TPX,Class 4,TYPE-B,,Agent A1,Payment B,2025-11-24,Category A,CCY-3,N,130.84,41.78,46.75,9.77,10.93,0.04,0.05,168.43,188.47,,DRW,188.47,1054,IYFTLX,Basis-001,3.74,1.34,0.31,0.0,5.38
XA,2025-12-22,INT,FN-132,XAFN-395,KEEKUV,KEE-KUV,0766487841383,,KEE-KUV,Class 1,TYPE-B,,Agent B2,Payment B,2025-11-03,Category D,CCY-3,Y,91.47,59.8,58.36,10.5,10.25,3.77,3.68,160.27,156.4,,KEE,156.4,1809,MKG727,Basis-002,2.61,1.67,0.29,0.11,4.47
XA,2025-12-07,DOM,FN-132,XAFN-119,QFXKLC,QFX-KLC,4176546141191,,QFX-KLC,Class 9,TYPE-A,,Agent B1,Payment C,2025-12-20,Category D,CCY-1,Y,211.51,25.9,20.88,14.66,11.82,5.07,4.09,297.85,240.12,,QFX,240.12,4854,XYCGU3,Basis-001/BG,6.04,0.6,0.34,0.12,6.86
XA,2025-12-16,INT,FN-105,XAFN-117,UMKMBT,UMK-MBT,7715685390917,Category D,UMK-MBT,Class 5,TYPE-C,,Agent B2,Payment C,2025-12-29,Category C,CCY-1,Y,174.89,1.94,1.66,23.52,20.08,6.91,5.9,223.37,190.73,,UMK,190.73,4510,AG281V,Basis-001/BG,5.0,0.05,0.57,0.17,5.45
XA,2025-12-20,DOM,FN-133,XAFN-132,TDXNAB,TDX-NAB,8402937645265,,TDX-NAB,Class 1,TYPE-B,,Agent C1,Payment A,2025-12-30,Category B,CCY-4,Y,253.25,28.66,24.04,5.35,4.49,3.95,3.31,332.0,278.47,,TDX,278.47,4706,5LGO9T,Basis-002,7.24,0.69,0.13,0.09,7.96
XA,2025-12-01,DOM,FN-132,XAFN-119,NABFUG,NAB-FUG,7828687220307,,NAB-FUG,Class 9,TYPE-A,,Agent C1,Payment A,2025-12-28,Category D,CCY-1,Y,177.8,34.82,31.3,13.1,11.78,0.07,0.06,245.64,220.82,,NAB,220.82,1562,HZQ8OE,Basis-002,5.08,0.89,0.34,0.0,6.31
XA,2025-12-22,DOM,FN-117,XAFN-394,JKSPVS,JKS-PVS,2929428635834,Category C,JKS-PVS,Class 2,TYPE-D,,Agent A2,Payment C,2025-12-08,Category D,CCY-1,N,165.33,33.11,37.59,15.18,17.24,3.24,3.68,190.67,216.48,,JKS,216.48,2852,MDV107,Basis-002,4.72,1.07,0.49,0.11,6.19
XA,2025-12-29,INT,FN-395,XAFN-119,UBRKHV,UBR-KHV,4638916190558,,UBR-KHV,Class 9,TYPE-C,,Agent A2,Payment A,2025-12-15,Category B,CCY-3,N,195.45,12.02,14.26,14.17,16.81,3.75,4.45,187.16,222.07,,UBR,222.07,906,JVYC2Y,Basis-003,5.58,0.41,0.48,0.13,6.34
XA,2025-12-02,INT,FN-117,XAFN-394,FUGTPX,FUG-TPX,9891454811891,,FUG-TPX,Class 8,TYPE-B,,Agent C1,Payment B,2025-11-22,Category C,CCY-3,N,281.25,89.58,77.28,5.08,4.38,10.22,8.82,410.43,354.09,,FUG,354.09,2415,VBB5PT,Basis-003,8.04,2.21,0.13,0.25,10.12
XA,2025-12-06,INT,FN-101,XAFN-101,JKSMFP,JKS-MFP,8057019743575,Category C,JKS-MFP,Class 9,TYPE-B,,Agent B1,Payment B,2025-12-23,Category C,CCY-1,N,169.43,1.23,1.23,12.8,12.77,8.32,8.3,175.6,175.13,,JKS,175.13,4297,AYJ30A,Basis-002,4.84,0.04,0.36,0.24,5.0
XA,2025-12-06,DOM,FN-118,XAFN-508,KSNKLC,KSN-KLC,4700251906724,Category D,KSN-KLC,Class 4,TYPE-D,,Agent A1,Payment C,2025-12-31,Category C,CCY-4,N,106.14,64.72,58.85,6.74,6.13,5.0,4.55,183.19,166.57,,KSN,166.57,4169,64TRQI,Basis-001,3.03,1.68,0.18,0.13,4.76
XA,2025-12-26,DOM,FN-101,XAFN-101,JKSJYN,JKS-JYN,6347418042022,Category C,JKS-JYN,Class 3,TYPE-A,,Agent B1,Payment C,2025-12-01,Category C,CCY-1,N,14.87,27.37,22.93,0.14,0.12,0.84,0.7,44.43,37.22,,JKS,37.22,2241,H1PTXG,Basis-003,0.42,0.66,0.0,0.02,1.06
XA,2025-12-11,INT,FN-395,XAFN-133,DRWRZP,DRW-RZP,8568506648782,,DRW-RZP,Class 8,TYPE-C,,Agent C1,Payment B,2025-11-08,Category B,CCY-3,Y,210.09,1.04,0.98,10.8,10.14,8.14,7.64,227.49,213.57,,DRW,213.57,620,BMJXMI,Basis-002,6.0,0.03,0.29,0.22,6.1
XA,2025-12-17,INT,FN-118,XAFN-118,TDXKHV,TDX-KHV,7041450563370,,TDX-KHV,Class 6,TYPE-C,,Agent C2,Payment A,2025-12-25,Category A,CCY-2,Y,16.22,23.9,25.2,17.28,18.22,0.45,0.47,56.13,59.17,,TDX,59.17,3426,XHX4NW,Basis-002,0.46,0.72,0.52,0.01,1.69
XA,2025-12-30,INT,FN-117,XAFN-118,KSNGNP,KSN-GNP,1997711801677,Category D,KSN-GNP,Class 9,TYPE-B,,Agent B2,Payment A,2025-12-24,Category C,CCY-1,Y,178.85,18.98,17.05,10.95,9.84,6.62,5.95,222.37,199.79,,KSN,199.79,4457,LFDJYU,Basis-002,5.11,0.49,0.28,0.17,5.71
XA,2025-12-31,INT,FN-395,XAFN-395,QFXSUQ,QFX-SUQ,9386161877645,,QFX-SUQ,Class 4,TYPE-C,,Agent A2,Payment A,2025-12-21,Category D,CCY-3,N,151.44,38.79,37.09,3.32,3.17,6.14,5.87,194.35,185.83,,QFX,185.83,1531,06QUB2,Basis-002,4.33,1.06,0.09,0.17,5.31
XA,2025-12-28,DOM,FN-394,XAFN-118,NABFUG,NAB-FUG,0284595876955,,NAB-FUG,Class 3,TYPE-B,,Agent B2,Payment C,2025-11-06,Category B,CCY-4,Y,197.41,11.4,10.57,7.39,6.85,0.22,0.2,231.43,214.63,,NAB,214.63,4263,SQH2ZI,Basis-003,5.64,0.3,0.2,0.01,6.13
XA,2025-12-07,INT,FN-117,XAFN-132,FUGGNP,FUG-GNP,8024557116274,Category C,FUG-GNP,Class 4,TYPE-C,,Agent A1,Payment B,2025-12-09,Category B,CCY-3,N,110.94,36.35,39.5,9.3,10.11,1.67,1.82,146.06,158.73,,FUG,158.73,1847,EZFDJ6,Basis-001,3.17,1.13,0.29,0.05,4.54
XA,2025-12-21,DOM,FN-394,XAFN-133,UMKPVS,UMK-PVS,3443346026335,,UMK-PVS,Class 2,TYPE-C,,Agent A1,Payment C,2025-11-26,Category B,CCY-1,N,37.55,19.01,15.23,13.72,10.99,2.26,1.81,77.34,61.96,,UMK,61.96,509,3LDZ5J,Basis-001/BG,1.07,0.44,0.31,0.05,1.77
XA,2025-12-13,INT,FN-395,XAFN-132,UBRSZV,UBR-SZV,0448526023547,Category C,UBR-SZV,Class 2,TYPE-B,,Agent B1,Payment A,2025-12-28,Category C,CCY-4,N,143.67,24.24,21.31,8.64,7.6,1.07,0.94,195.22,171.64,,UBR,171.64,2142,BOCEIA,Basis-002,4.1,0.61,0.22,0.03,4.9
XA,2025-12-07,INT,FN-118,XAFN-101,NABKHV,NAB-KHV,8705683355563,Category D,NAB-KHV,Class 3,TYPE-A,,Agent C1,Payment A,2025-12-06,Category C,CCY-4,Y,205.69,21.09,22.23,9.07,9.56,3.55,3.74,221.8,233.74,,NAB,233.74,4818,2K2UB5,Basis-002,5.88,0.64,0.27,0.11,6.68
XA,2025-12-05,INT,FN-133,XAFN-133,PVSVQR,PVS-VQR,0940447501750,Category D,PVS-VQR,Class 4,TYPE-D,,Agent C2,Payment B,2025-11-23,Category C,CCY-1,Y,323.59,7.26,8.64,0.62,0.74,6.27,7.46,273.67,325.51,,PVS,325.51,3458,L75R2Z,Basis-001/BG,9.25,0.25,0.02,0.21,9.3
XA,2025-12-02,DOM,FN-133,XAFN-119,YMLKSN,YML-KSN,1910697136359,,YML-KSN,Class 5,TYPE-A,,Agent B1,Payment C,2025-11-10,Category A,CCY-2,Y,212.69,22.12,19.82,9.39,8.41,0.5,0.45,268.35,240.47,,YML,240.47,4685,OEFFO4,Basis-001,6.08,0.57,0.24,0.01,6.87
XA,2025-12-05,INT,FN-118,XAFN-508,KEEMFP,KEE-MFP,2243023200013,Category C,KEE-MFP,Class 3,TYPE-D,,Agent C1,Payment C,2025-11-11,Category B,CCY-3,N,87.51,28.39,26.1,19.57,17.99,4.43,4.07,138.74,127.53,,KEE,127.53,2131,LX4UZI,Basis-001/BG,2.5,0.75,0.51,0.12,3.64
XA,2025-12-14,DOM,FN-117,XAFN-508,TDXJKS,TDX-JKS,4846764089779,Category D,TDX-JKS,Class 7,TYPE-B,,Agent B2,Payment A,2025-12-28,Category C,CCY-1,Y,214.17,43.19,42.93,2.94,2.92,6.85,6.81,254.77,253.21,,TDX,253.21,4720,GXBBI7,Basis-002/BG,6.12,1.23,0.08,0.19,7.23
XA,2025-12-16,DOM,FN-117,XAFN-133,KSNJYN,KSN-JYN,1736292459897,,KSN-JYN,Class 4,TYPE-D,,Agent A2,Payment C,2025-12-17,Category B,CCY-1,N,57.91,13.48,12.59,6.37,5.95,2.24,2.09,79.64,74.36,,KSN,74.36,1791,8FKFFG,Basis-001/BG,1.65,0.36,0.17,0.06,2.12
XA,2025-12-06,DOM,FN-117,XAFN-119,YMLUMK,YML-UMK,5906270940144,,YML-UMK,Class 2,TYPE-B,,Agent B1,Payment B,2025-12-30,Category B,CCY-2,Y,226.54,32.23,37.75,7.59,8.89,4.83,5.66,228.43,267.52,,YML,267.52,1468,JNPAXX,Basis-001/BG,6.47,1.08,0.25,0.16,7.64
XA,2025-12-23,DOM,FN-508,XAFN-119,UBRPVS,UBR-PVS,3741535833878,Category D,UBR-PVS,Class 6,TYPE-A,,Agent C2,Payment C,2025-11-02,Category C,CCY-1,Y,148.22,16.91,19.67,9.47,11.02,1.78,2.07,151.98,176.84,,UBR,176.84,464,U0MRUC,Basis-001/BG,4.23,0.56,0.31,0.06,5.05
XA,2025-12-07,INT,FN-101,XAFN-101,KLCHGV,KLC-HGV,7086186948467,Category D,KLC-HGV,Class 3,TYPE-D,,Agent C2,Payment C,2025-12-19,Category C,CCY-2,Y,211.27,5.34,5.76,10.66,11.5,1.78,1.92,209.97,226.61,,KLC,226.61,1002,JINX5B,Basis-002/BG,6.04,0.16,0.33,0.05,6.47
XA,2025-12-05,DOM,FN-132,XAFN-118,NABKSN,NAB-KSN,1105562412667,,NAB-KSN,Class 8,TYPE-A,,Agent C2,Payment C,2025-12-23,Category C,CCY-1,Y,224.59,25.47,23.77,14.47,13.5,8.98,8.38,271.63,253.48,,NAB,253.48,2764,UKBH3G,Basis-002,6.42,0.68,0.39,0.24,7.24
XA,2025-12-24,INT,FN-119,XAFN-117,KLCVQR,KLC-VQR,6143403715243,,KLC-VQR,Class 3,TYPE-A,,Agent C1,Payment A,2025-11-22,Category D,CCY-1,Y,375.17,31.3,28.43,13.18,11.97,8.89,8.07,448.66,407.5,,KLC,407.5,447,W6N080,Basis-001/BG,10.72,0.81,0.34,0.23,11.64
XA,2025-12-18,DOM,FN-394,XAFN-101,JKSKSN,JKS-KSN,6764428630707,,JKS-KSN,Class 7,TYPE-A,,Agent C2,Payment A,2025-12-17,Category A,CCY-3,Y,90.96,35.85,32.72,13.48,12.3,2.93,2.67,146.06,133.31,,JKS,133.31,1307,K4K1NV,Basis-002,2.6,0.93,0.35,0.08,3.81
XA,2025-12-01,DOM,FN-101,XAFN-118,FUGUBR,FUG-UBR,4910072314920,Category D,FUG-UBR,Class 9,TYPE-B,,Agent A1,Payment C,2025-11-27,Category C,CCY-4,Y,165.59,14.21,14.7,10.66,11.03,2.46,2.55,182.46,188.77,,FUG,188.77,2370,DCQYJ8,Basis-001,4.73,0.42,0.32,0.07,5.39
XA,2025-12-17,DOM,FN-395,XAFN-394,KLCJKS,KLC-JKS,8506606751414,Category C,KLC-JKS,Class 6,TYPE-C,,Agent A1,Payment B,2025-11-26,Category A,CCY-1,N,266.98,38.84,36.73,15.66,14.81,3.07,2.9,333.72,315.62,,KLC,315.62,1186,JEQBFM,Basis-001/BG,7.63,1.05,0.42,0.08,9.02
XA,2025-12-14,INT,FN-117,XAFN-394,FUGLNR,FUG-LNR,1435934106165,,FUG-LNR,Class 6,TYPE-C,,Agent C2,Payment B,2025-11-12,Category C,CCY-1,N,131.04,35.47,41.25,9.8,11.4,0.66,0.77,157.3,182.92,,FUG,182.92,1964,EZRRCF,Basis-002/BG,3.74,1.18,0.33,0.02,5.23
XA,2025-12-06,DOM,FN-118,XAFN-101,JKSPVS,JKS-PVS,8860969253360,,JKS-PVS,Class 1,TYPE-A,,Agent C1,Payment C,2025-12-12,Category B,CCY-3,Y,73.93,31.91,34.78,4.62,5.04,1.09,1.19,103.28,112.56,,JKS,112.56,1005,7ZJC3W,Basis-003,2.11,0.99,0.14,0.03,3.22
XA,2025-12-22,DOM,FN-117,XAFN-395,KSNPVS,KSN-PVS,8741594925434,Category D,KSN-PVS,Class 8,TYPE-A,,Agent A2,Payment B,2025-11-28,Category C,CCY-1,Y,99.37,31.73,32.84,11.1,11.49,4.77,4.94,134.08,138.76,,KSN,138.76,4125,I7PVOP,Basis-002,2.84,0.94,0.33,0.14,3.96
XA,2025-12-21,DOM,FN-117,XAFN-394,FUGKEE,FUG-KEE,2430677798367,,FUG-KEE,Class 6,TYPE-A,,Agent A1,Payment B,2025-11-01,Category B,CCY-1,N,54.86,52.75,45.81,14.81,12.86,3.01,2.61,127.73,110.92,,FUG,110.92,640,S2WCZ5,Basis-001/BG,1.57,1.31,0.37,0.07,3.17
XA,2025-12-26,DOM,FN-133,XAFN-133,JKSJYN,JKS-JYN,1620172951266,,JKS-JYN,Class 3,TYPE-D,,Agent C1,Payment B,2025-12-20,Category A,CCY-1,Y,93.62,6.49,6.94,8.68,9.28,2.46,2.63,100.32,107.21,,JKS,107.21,363,TAIAUX,Basis-002/BG,2.67,0.2,0.27,0.08,3.06
XA,2025-12-29,INT,FN-119,XAFN-119,JYNVQR,JYN-VQR,9950666760550,,JYN-VQR,Class 7,TYPE-A,,Agent B1,Payment A,2025-12-14,Category A,CCY-1,Y,114.32,32.78,31.7,8.46,8.18,4.58,4.43,154.89,149.77,,JYN,149.77,552,OWMYVS,Basis-001,3.27,0.91,0.23,0.13,4.28
XA,2025-12-24,INT,FN-118,XAFN-105,JKSTPX,JKS-TPX,2436160502999,,JKS-TPX,Class 5,TYPE-D,,Agent B2,Payment A,2025-12-08,Category A,CCY-3,Y,10.6,23.37,24.17,8.19,8.47,0.41,0.42,41.41,42.82,,JKS,42.82,2743,WTOSVI,Basis-001,0.3,0.69,0.24,0.01,1.22
XA,2025-12-11,INT,FN-132,XAFN-101,JYNMBT,JYN-MBT,0437531575229,Category D,JYN-MBT,Class 2,TYPE-A,,Agent C2,Payment C,2025-11-16,Category D,CCY-1,Y,200.69,20.05,19.53,18.88,18.39,7.89,7.69,237.04,230.92,,JYN,230.92,1820,8CPKP4,Basis-002/BG,5.73,0.56,0.53,0.22,6.6
XA,2025-12-08,INT,FN-118,XAFN-394,JKSSZV,JKS-SZV,4392708120780,,JKS-SZV,Class 4,TYPE-B,,Agent B2,Payment C,2025-11-06,Category A,CCY-3,Y,2.93,42.99,49.67,7.69,8.88,0.12,0.14,53.09,61.34,,JKS,61.34,225,IF5S4J,Basis-001,0.08,1.42,0.25,0.0,1.75
XA,2025-12-18,INT,FN-132,XAFN-105,KEESUQ,KEE-SUQ,6619076444904,Category C,KEE-SUQ,Class 1,TYPE-C,,Agent C2,Payment C,2025-12-16,Category D,CCY-4,Y,218.77,28.84,31.2,14.51,15.7,3.51,3.8,242.09,261.87,,KEE,261.87,3756,8FY9Y5,Basis-001/BG,6.25,0.89,0.45,0.11,7.48
XA,2025-12-31,INT,FN-101,XAFN-117,FUGZYR,FUG-ZYR,6028465592189,Category D,FUG-ZYR,Class 6,TYPE-D,,Agent C1,Payment C,2025-12-22,Category D,CCY-3,N,119.01,12.11,13.52,15.31,17.1,4.16,4.64,129.84,144.99,,FUG,144.99,4919,64YQJG,Basis-003,3.4,0.39,0.49,0.13,4.14
XA,2025-12-14,DOM,FN-105,XAFN-118,UMKKEE,UMK-KEE,4433736090857,Category D,UMK-KEE,Class 3,TYPE-B,,Agent C2,Payment B,2025-12-09,Category C,CCY-2,N,140.92,32.58,33.32,15.81,16.17,3.73,3.81,182.48,186.6,,UMK,186.6,3414,1DZXGU,Basis-001,4.03,0.95,0.46,0.11,5.33
XA,2025-12-06,DOM,FN-119,XAFN-118,QFXTDX,QFX-TDX,6151216760896,,QFX-TDX,Class 3,TYPE-A,,Agent A1,Payment B,2025-12-31,Category D,CCY-4,N,67.44,34.81,38.93,6.3,7.05,1.62,1.81,99.79,111.61,,QFX,111.61,4342,5QYZEN,Basis-002/BG,1.93,1.11,0.2,0.05,3.19
XA,2025-12-02,INT,FN-118,XAFN-118,UMKGNP,UMK-GNP,5039863834669,,UMK-GNP,Class 4,TYPE-A,,Agent B1,Payment B,2025-12-09,Category D,CCY-3,Y,139.43,29.45,31.08,2.37,2.5,1.66,1.75,162.26,171.26,,UMK,171.26,1325,VOLIYZ,Basis-001/BG,3.98,0.89,0.07,0.05,4.89
XA,2025-12-20,DOM,FN-105,XAFN-508,JKSNAB,JKS-NAB,0487860150833,Category D,JKS-NAB,Class 4,TYPE-C,,Agent A1,Payment A,2025-12-09,Category B,CCY-1,N,87.69,50.96,50.27,14.63,14.43,2.13,2.1,152.34,150.29,,JKS,150.29,3043,JDH2UD,Basis-002/BG,2.51,1.44,0.41,0.06,4.29
XA,2025-12-17,INT,FN-117,XAFN-101,KSNRZP,KSN-RZP,3950078677550,,KSN-RZP,Class 1,TYPE-C,,Agent A2,Payment C,2025-11-21,Category D,CCY-4,N,144.99,36.44,33.65,9.24,8.53,6.3,5.82,196.39,181.35,,KSN,181.35,688,XOQHOJ,Basis-002,4.14,0.96,0.24,0.17,5.18
XA,2025-12-05,INT,FN-508,XAFN-132,QFXLNR,QFX-LNR,6614824364851,,QFX-LNR,Class 6,TYPE-B,,Agent C2,Payment B,2025-12-14,Category C,CCY-1,N,258.53,24.67,26.99,10.2,11.16,9.82,10.74,261.41,285.94,,QFX,285.94,4083,H1C5OC,Basis-002,7.39,0.77,0.32,0.31,8.17
XA,2025-12-27,DOM,FN-508,XAFN-117,TDXDRW,TDX-DRW,5683596278387,,TDX-DRW,Class 5,TYPE-D,,Agent B2,Payment B,2025-11-17,Category A,CCY-1,Y,241.68,22.26,18.34,21.59,17.79,13.17,10.85,323.95,266.96,,TDX,266.96,2038,K91KEG,Basis-002,6.91,0.52,0.51,0.31,7.63
XA,2025-12-27,DOM,FN-133,XAFN-132,KLCKSN,KLC-KSN,2936756275454,,KLC-KSN,Class 9,TYPE-B,,Agent B1,Payment C,2025-12-11,Category B,CCY-2,N,27.56,57.77,54.44,8.64,8.14,0.62,0.58,95.03,89.56,,KLC,89.56,3159,WLOK7G,Basis-001,0.79,1.56,0.23,0.02,2.56
XA,2025-12-13,INT,FN-132,XAFN-395,JYNZYR,JYN-ZYR,3901876927043,Category D,JYN-ZYR,Class 6,TYPE-B,,Agent C1,Payment B,2025-11-05,Category C,CCY-3,Y,130.58,1.65,1.65,7.75,7.73,5.79,5.78,134.46,134.18,,JYN,134.18,2423,XXJA3W,Basis-002/BG,3.73,0.05,0.22,0.17,3.83
XA,2025-12-09,DOM,FN-101,XAFN-117,UMKJKS,UMK-JKS,9480468869890,,UMK-JKS,Class 5,TYPE-D,,Agent A2,Payment B,2025-12-31,Category B,CCY-3,N,66.82,23.99,20.89,10.69,9.31,3.35,2.92,108.07,94.1,,UMK,94.1,1556,L2DMTG,Basis-003,1.91,0.6,0.27,0.08,2.69
XA,2025-12-07,DOM,FN-133,XAFN-394,JKSDRW,JKS-DRW,1387314031916,,JKS-DRW,Class 2,TYPE-D,,Agent C2,Payment A,2025-11-28,Category B,CCY-4,N,226.62,30.2,33.11,10.53,11.54,1.62,1.78,245.84,269.49,,JKS,269.49,3453,WT0XP5,Basis-002/BG,6.47,0.95,0.33,0.05,7.7
XA,2025-12-21,DOM,FN-117,XAFN-117,PVSFUG,PVS-FUG,4768670716714,Category D,PVS-FUG,Class 9,TYPE-D,,Agent C1,Payment A,2025-11-22,Category D,CCY-2,N,62.36,17.03,16.79,19.26,18.99,0.57,0.56,98.99,97.58,,PVS,97.58,1613,GLFS9A,Basis-003,1.78,0.48,0.54,0.02,2.79
XA,2025-12-11,DOM,FN-118,XAFN-117,QFXKLC,QFX-KLC,4711558221819,Category D,QFX-KLC,Class 2,TYPE-A,,Agent B2,Payment A,2025-12-21,Category A,CCY-2,N,91.18,61.23,54.84,9.8,8.78,3.95,3.54,168.88,151.26,,QFX,151.26,413,PQPYH5,Basis-001/BG,2.61,1.57,0.25,0.1,4.32
XA,2025-12-13,DOM,FN-118,XAFN-117,KLCDRW,KLC-DRW,5503533210125,Category D,KLC-DRW,Class 5,TYPE-D,,Agent B2,Payment B,2025-12-20,Category A,CCY-3,N,150.18,52.43,46.06,18.62,16.36,2.08,1.83,239.9,210.77,,KLC,210.77,4945,VV411Q,Basis-001/BG,4.29,1.32,0.47,0.05,6.02
XA,2025-12-24,DOM,FN-117,XAFN-132,PVSKLC,PVS-KLC,8320143545636,,PVS-KLC,Class 8,TYPE-B,,Agent B2,Payment C,2025-11-28,Category B,CCY-1,N,141.13,23.87,24.18,9.59,9.72,2.51,2.54,170.25,172.49,,PVS,172.49,2660,9LLU5B,Basis-002/BG,4.03,0.69,0.28,0.07,4.93
XA,2025-12-21,DOM,FN-101,XAFN-133,KLCKSN,KLC-KSN,0429429921192,Category D,KLC-KSN,Class 7,TYPE-D,,Agent B1,Payment A,2025-12-12,Category C,CCY-4,Y,177.04,42.28,43.37,9.77,10.02,6.57,6.74,218.06,223.69,,KLC,223.69,3729,VR6CUH,Basis-002/BG,5.06,1.24,0.29,0.19,6.39
XA,2025-12-05,DOM,FN-508,XAFN-508,UBRFUG,UBR-FUG,8399015059547,,UBR-FUG,Class 2,TYPE-A,,Agent B2,Payment C,2025-12-19,Category A,CCY-2,N,199.51,61.59,54.58,13.44,11.91,10.48,9.29,289.67,256.71,,UBR,256.71,4401,BIL8B5,Basis-002,5.7,1.56,0.34,0.27,7.33
XA,2025-12-07,INT,FN-105,XAFN-118,UBRTPX,UBR-TPX,3360574321115,Category D,UBR-TPX,Class 9,TYPE-C,,Agent C1,Payment C,2025-12-18,Category B,CCY-1,Y,174.93,6.68,7.22,2.92,3.15,0.64,0.69,170.89,184.61,,UBR,184.61,4082,V8V49W,Basis-001,5.0,0.21,0.09,0.02,5.27
XA,2025-12-31,DOM,FN-508,XAFN-117,YMLDRW,YML-DRW,0594836090168,,YML-DRW,Class 5,TYPE-A,,Agent A1,Payment B,2025-12-28,Category B,CCY-1,N,181.07,29.57,28.58,7.69,7.43,4.59,4.44,220.01,212.64,,YML,212.64,347,WKVN4H,Basis-002,5.17,0.82,0.21,0.13,6.08
XA,2025-12-31,INT,FN-105,XAFN-132,YMLGNP,YML-GNP,3530532562488,,YML-GNP,Class 1,TYPE-C,,Agent C1,Payment B,2025-11-03,Category C,CCY-1,N,169.48,30.13,29.09,16.2,15.64,7.47,7.21,214.37,207.0,,YML,207.0,2463,TZL9DO,Basis-001/BG,4.84,0.83,0.45,0.21,5.91
XA,2025-12-15,DOM,FN-118,XAFN-105,PVSQFX,PVS-QFX,1935391038916,,PVS-QFX,Class 1,TYPE-D,,Agent B2,Payment C,2025-11-02,Category C,CCY-3,Y,156.89,17.81,18.8,14.16,14.95,6.63,7.0,173.99,183.64,,PVS,183.64,793,96LS9T,Basis-001,4.48,0.54,0.43,0.2,5.25
XA,2025-12-26,INT,FN-395,XAFN-395,PVSVQR,PVS-VQR,9258578398037,,PVS-VQR,Class 5,TYPE-B,,Agent B2,Payment B,2025-11-14,Category A,CCY-2,Y,132.63,46.61,37.9,9.36,7.61,4.81,3.91,214.28,174.23,,PVS,174.23,623,NTTUYS,Basis-001/BG,3.79,1.08,0.22,0.11,4.98
XA,2025-12-07,DOM,FN-118,XAFN-101,JYNQFX,JYN-QFX,9514050181361,,JYN-QFX,Class 9,TYPE-A,,Agent A1,Payment A,2025-11-18,Category C,CCY-4,N,98.01,37.61,31.26,12.11,10.06,5.58,4.64,162.07,134.69,,JYN,134.69,1094,010YXS,Basis-001,2.8,0.89,0.29,0.13,3.85
XA,2025-12-08,DOM,FN-508,XAFN-133,UBRPVS,UBR-PVS,2556144129870,,UBR-PVS,Class 5,TYPE-A,,Agent C1,Payment A,2025-12-13,Category B,CCY-3,Y,188.39,27.9,25.97,0.88,0.82,1.68,1.56,229.52,213.62,,UBR,213.62,2930,FJRPD5,Basis-002,5.38,0.74,0.02,0.04,6.1
XA,2025-12-05,DOM,FN-133,XAFN-105,KSNQFX,KSN-QFX,2166948100112,Category C,KSN-QFX,Class 1,TYPE-B,,Agent C2,Payment A,2025-11-08,Category D,CCY-4,N,115.38,35.78,41.91,7.27,8.51,3.69,4.32,137.87,161.48,,KSN,161.48,4948,3MN9X6,Basis-001/BG,3.3,1.2,0.24,0.12,4.61
XA,2025-12-08,DOM,FN-118,XAFN-118,UMKPVS,UMK-PVS,6228074905389,,UMK-PVS,Class 4,TYPE-C,,Agent C2,Payment C,2025-11-24,Category A,CCY-4,N,130.29,53.35,44.8,7.67,6.44,3.92,3.29,212.25,178.24,,UMK,178.24,1525,SCTOLQ,Basis-001/BG,3.72,1.28,0.18,0.09,5.09
XA,2025-12-30,DOM,FN-105,XAFN-101,KEEPVS,KEE-PVS,5915798155518,Category D,KEE-PVS,Class 9,TYPE-C,,Agent C2,Payment B,2025-11-11,Category D,CCY-4,N,26.58,30.16,27.59,8.29,7.58,0.27,0.25,67.24,61.5,,KEE,61.5,2221,WFDHTF,Basis-003,0.76,0.79,0.22,0.01,1.76
XA,2025-12-05,INT,FN-508,XAFN-105,NABKUV,NAB-KUV,7265134204578,,NAB-KUV,Class 3,TYPE-B,,Agent A1,Payment B,2025-11-24,Category D,CCY-1,Y,72.7,33.83,27.37,15.4,12.46,2.98,2.41,136.12,110.12,,NAB,110.12,3254,IH5KCA,Basis-001,2.08,0.78,0.36,0.07,3.15
XA,2025-12-03,DOM,FN-118,XAFN-119,YMLFUG,YML-FUG,7780559227702,,YML-FUG,Class 5,TYPE-A,,Agent C2,Payment B,2025-12-07,Category D,CCY-4,N,149.26,37.49,34.6,20.66,19.07,2.45,2.26,217.42,200.67,,YML,200.67,4075,W0SQGO,Basis-003,4.26,0.99,0.54,0.06,5.73
XA,2025-12-28,INT,FN-394,XAFN-133,NABDPQ,NAB-DPQ,4996727633968,,NAB-DPQ,Class 5,TYPE-A,,Agent B2,Payment A,2025-12-29,Category A,CCY-1,N,122.57,36.4,34.18,7.93,7.45,0.42,0.39,174.44,163.81,,NAB,163.81,4288,LX2WED,Basis-001/BG,3.5,0.98,0.21,0.01,4.68
XA,2025-12-12,INT,FN-508,XAFN-119,UBRDPQ,UBR-DPQ,3238143316166,,UBR-DPQ,Class 1,TYPE-C,,Agent C2,Payment B,2025-12-29,Category D,CCY-3,N,82.29,17.95,21.23,6.44,7.61,0.5,0.59,93.48,110.54,,UBR,110.54,524,RE93U6,Basis-001,2.35,0.61,0.22,0.02,3.16
XA,2025-12-30,DOM,FN-119,XAFN-394,JKSJYN,JKS-JYN,1558602642362,Category D,JKS-JYN,Class 9,TYPE-C,,Agent C1,Payment C,2025-12-17,Category C,CCY-4,N,178.76,63.15,65.24,6.21,6.42,1.11,1.15,241.27,249.27,,JKS,249.27,4957,4Q3QTM,Basis-001,5.11,1.86,0.18,0.03,7.12
XA,2025-12-28,DOM,FN-394,XAFN-395,JKSNAB,JKS-NAB,4440027489424,Category D,JKS-NAB,Class 8,TYPE-B,,Agent B2,Payment C,2025-12-23,Category B,CCY-1,N,116.67,24.41,29.05,10.07,11.98,0.33,0.39,132.2,157.31,,JKS,157.31,3392,PBL120,Basis-001,3.33,0.83,0.34,0.01,4.49
XA,2025-12-16,DOM,FN-394,XAFN-119,UMKUBR,UMK-UBR,4774967845273,Category C,UMK-UBR,Class 2,TYPE-A,,Agent C2,Payment C,2025-12-24,Category A,CCY-4,N,171.08,56.78,49.26,2.46,2.13,0.67,0.58,255.78,221.89,,UMK,221.89,3602,R4EHMW,Basis-002,4.89,1.41,0.06,0.02,6.34
XA,2025-12-24,INT,FN-101,XAFN-394,NABHGV,NAB-HGV,7045530017314,,NAB-HGV,Class 8,TYPE-B,,Agent B2,Payment A,2025-11-23,Category B,CCY-1,Y,40.95,21.68,22.56,14.89,15.49,1.42,1.48,74.51,77.52,,NAB,77.52,1702,UTNYJN,Basis-002,1.17,0.64,0.44,0.04,2.21
XA,2025-12-14,DOM,FN-132,XAFN-117,JKSFUG,JKS-FUG,6424374282202,Category C,JKS-FUG,Class 8,TYPE-A,,Agent B1,Payment A,2025-11-01,Category D,CCY-4,N,24.75,14.92,15.11,12.7,12.86,0.36,0.36,51.7,52.36,,JKS,52.36,4876,OQNFC3,Basis-001,0.71,0.43,0.37,0.01,1.5
XA,2025-12-08,INT,FN-394,XAFN-117,UMKHGV,UMK-HGV,5009321956932,,UMK-HGV,Class 7,TYPE-C,,Agent C2,Payment A,2025-11-28,Category C,CCY-1,Y,169.49,13.92,13.65,5.17,5.07,5.38,5.28,186.56,182.93,,UMK,182.93,3451,6NWY1M,Basis-003,4.84,0.39,0.14,0.15,5.23
XA,2025-12-30,INT,FN-118,XAFN-105,QFXKUV,QFX-KUV,1002089676040,,QFX-KUV,Class 6,TYPE-B,,Agent A2,Payment A,2025-11-07,Category C,CCY-2,Y,72.42,35.18,31.66,7.63,6.87,0.88,0.79,122.4,110.16,,QFX,110.16,4019,LVR26O,Basis-002,2.07,0.9,0.2,0.02,3.15
XA,2025-12-29,INT,FN-117,XAFN-117,JKSVQR,JKS-VQR,0704310772228,,JKS-VQR,Class 2,TYPE-C,,Agent C1,Payment C,2025-12-26,Category C,CCY-3,Y,189.53,14.49,12.82,6.47,5.72,7.27,6.43,227.91,201.64,,JKS,201.64,3478,RKTOC1,Basis-002/BG,5.42,0.37,0.16,0.18,5.76
XA,2025-12-07,INT,FN-101,XAFN-132,YMLKHV,YML-KHV,2923835223775,,YML-KHV,Class 9,TYPE-C,,Agent B1,Payment C,2025-12-22,Category A,CCY-1,N,59.92,31.68,26.15,8.86,7.31,0.42,0.35,112.7,93.03,,YML,93.03,2183,WJTVTO,Basis-002,1.71,0.75,0.21,0.01,2.66
XA,2025-12-11,DOM,FN-118,XAFN-117,PVSKSN,PVS-KSN,7933997021461,,PVS-KSN,Class 7,TYPE-A,,Agent B1,Payment B,2025-12-13,Category D,CCY-1,Y,213.83,1.92,2.11,9.32,10.23,3.85,4.23,202.24,221.94,,PVS,221.94,613,FVP1XN,Basis-002,6.11,0.06,0.29,0.12,6.34
XA,2025-12-02,DOM,FN-117,XAFN-508,TDXPVS,TDX-PVS,6705035623724,,TDX-PVS,Class 1,TYPE-C,,Agent B1,Payment B,2025-11-01,Category C,CCY-3,N,194.67,58.67,57.85,7.7,7.59,1.96,1.93,261.85,258.18,,TDX,258.18,907,DV6LOI,Basis-001/BG,5.56,1.65,0.22,0.06,7.38
XA,2025-12-11,INT,FN-105,XAFN-117,JYNSUQ,JYN-SUQ,5927291694222,Category C,JYN-SUQ,Class 2,TYPE-C,,Agent A2,Payment C,2025-11-17,Category A,CCY-1,N,175.96,2.95,2.94,1.97,1.96,0.68,0.68,180.8,180.18,,JYN,180.18,2906,2R7DOY,Basis-001/BG,5.03,0.08,0.06,0.02,5.15
XA,2025-12-19,DOM,FN-395,XAFN-119,NABQFX,NAB-QFX,3408337836159,Category C,NAB-QFX,Class 6,TYPE-D,,Agent B2,Payment C,2025-11-26,Category D,CCY-2,Y,217.58,37.14,29.92,19.72,15.89,5.88,4.74,321.06,258.65,,NAB,258.65,4640,8RNMBB,Basis-001/BG,6.22,0.85,0.45,0.14,7.39
XA,2025-12-16,INT,FN-101,XAFN-508,JKSZYR,JKS-ZYR,2803371421374,,JKS-ZYR,Class 4,TYPE-B,,Agent B2,Payment C,2025-11-15,Category B,CCY-4,Y,40.13,46.88,37.8,23.99,19.34,1.64,1.32,119.0,95.95,,JKS,95.95,3539,9ZW5LF,Basis-002/BG,1.15,1.08,0.55,0.04,2.74
XA,2025-12-17,DOM,FN-119,XAFN-117,TDXYML,TDX-YML,4072819598161,,TDX-YML,Class 4,TYPE-A,,Agent C1,Payment C,2025-12-06,Category A,CCY-4,N,183.58,29.73,34.15,8.74,10.04,5.84,6.71,192.42,221.06,,TDX,221.06,359,WI0P91,Basis-002,5.25,0.98,0.29,0.19,6.32
XA,2025-12-26,DOM,FN-117,XAFN-394,KSNJYN,KSN-JYN,2221553250169,Category C,KSN-JYN,Class 6,TYPE-B,,Agent C1,Payment B,2025-11-17,Category C,CCY-3,Y,24.33,50.56,50.33,6.98,6.95,0.17,0.17,81.82,81.44,,KSN,81.44,899,ZO392P,Basis-003,0.7,1.44,0.2,0.0,2.33
XA,2025-12-19,INT,FN-133,XAFN-133,KSNDPQ,KSN-DPQ,0575296647118,,KSN-DPQ,Class 5,TYPE-B,,Agent A2,Payment C,2025-11-01,Category D,CCY-3,Y,190.36,7.36,6.55,4.61,4.1,9.39,8.36,216.49,192.65,,KSN,192.65,1783,0EZT9L,Basis-002,5.44,0.19,0.12,0.24,5.5
XA,2025-12-17,DOM,FN-132,XAFN-105,KLCDRW,KLC-DRW,6765599919669,,KLC-DRW,Class 4,TYPE-D,,Agent A1,Payment C,2025-11-12,Category B,CCY-4,Y,264.81,23.26,24.79,16.2,17.27,7.21,7.68,280.73,299.19,,KLC,299.19,3298,JLZ2MD,Basis-002,7.57,0.71,0.49,0.22,8.55
XA,2025-12-05,DOM,FN-118,XAFN-508,JYNNAB,JYN-NAB,1626317774422,Category C,JYN-NAB,Class 1,TYPE-A,,Agent A2,Payment C,2025-11-20,Category B,CCY-3,Y,143.74,2.21,2.37,13.49,14.46,1.32,1.42,148.47,159.15,,JYN,159.15,4128,GSY5YB,Basis-001/BG,4.11,0.07,0.41,0.04,4.55
XA,2025-12-06,INT,FN-508,XAFN-132,JYNVQR,JYN-VQR,8385083327104,Category D,JYN-VQR,Class 2,TYPE-B,,Agent C2,Payment B,2025-11-06,Category B,CCY-4,N,102.81,49.82,40.48,12.47,10.13,2.07,1.68,186.76,151.74,,JYN,151.74,3693,09Z9CP,Basis-001,2.94,1.16,0.29,0.05,4.34
XA,2025-12-23,DOM,FN-132,XAFN-118,DRWYML,DRW-YML,3382541768922,,DRW-YML,Class 4,TYPE-D,,Agent C1,Payment A,2025-12-07,Category C,CCY-3,N,26.55,30.88,32.46,19.96,20.98,0.33,0.35,75.75,79.64,,DRW,79.64,4714,YGSKQY,Basis-002/BG,0.76,0.93,0.6,0.01,2.28
XA,2025-12-31,DOM,FN-118,XAFN-508,KLCTDX,KLC-TDX,9314536513386,,KLC-TDX,Class 9,TYPE-B,,Agent B2,Payment B,2025-12-15,Category C,CCY-1,N,189.44,33.48,29.14,17.67,15.38,4.65,4.05,264.14,229.91,,KLC,229.91,869,PPAJIY,Basis-002/BG,5.41,0.83,0.44,0.12,6.57
XA,2025-12-01,DOM,FN-133,XAFN-508,DRWJYN,DRW-JYN,5312178940697,Category C,DRW-JYN,Class 2,TYPE-D,,Agent B2,Payment A,2025-12-25,Category A,CCY-2,N,166.85,36.66,33.14,5.02,4.54,4.6,4.16,221.68,200.37,,DRW,200.37,929,TGHW9X,Basis-002/BG,4.77,0.95,0.13,0.12,5.72
XA,2025-12-09,INT,FN-101,XAFN-105,JKSMFP,JKS-MFP,9255317550461,,JKS-MFP,Class 9,TYPE-A,,Agent B1,Payment C,2025-11-15,Category C,CCY-4,Y,168.71,45.69,45.53,5.84,5.82,5.84,5.82,214.98,214.24,,JKS,214.24,2057,VQ4RKP,Basis-003,4.82,1.3,0.17,0.17,6.12
XA,2025-12-25,DOM,FN-101,XAFN-508,TDXQFX,TDX-QFX,5636038552882,Category C,TDX-QFX,Class 2,TYPE-A,,Agent A2,Payment A,2025-12-10,Category D,CCY-3,N,263.96,24.39,28.62,4.74,5.56,1.46,1.71,252.6,296.43,,TDX,296.43,4392,H3L7TY,Basis-002,7.54,0.82,0.16,0.05,8.47
XA,2025-12-17,DOM,FN-133,XAFN-508,UBRTDX,UBR-TDX,2254376366287,,UBR-TDX,Class 8,TYPE-A,,Agent B2,Payment A,2025-12-22,Category D,CCY-4,N,229.81,25.57,25.7,13.73,13.8,4.68,4.7,263.32,264.61,,UBR,264.61,1938,8M1MHJ,Basis-002,6.57,0.73,0.39,0.13,7.56
XA,2025-12-20,DOM,FN-118,XAFN-395,DRWNAB,DRW-NAB,6309972855417,Category C,DRW-NAB,Class 9,TYPE-C,,Agent A2,Payment A,2025-11-20,Category A,CCY-3,N,126.66,27.38,29.1,11.73,12.47,2.99,3.18,155.28,165.05,,DRW,165.05,1501,6ML55U,Basis-002/BG,3.62,0.83,0.36,0.09,4.72
XA,2025-12-01,INT,FN-132,XAFN-117,KSNMBT,KSN-MBT,7703547663077,,KSN-MBT,Class 3,TYPE-C,,Agent A1,Payment C,2025-12-12,Category A,CCY-3,Y,173.27,0.09,0.07,5.4,4.39,5.28,4.29,213.28,173.44,,KSN,173.44,3437,ZM36WK,Basis-002/BG,4.95,0.0,0.13,0.12,4.96
XA,2025-12-12,DOM,FN-101,XAFN-118,UBRKLC,UBR-KLC,1170829220925,,UBR-KLC,Class 4,TYPE-B,,Agent C1,Payment A,2025-11-01,Category B,CCY-3,N,224.35,29.09,28.02,7.66,7.38,11.07,10.66,258.59,249.09,,UBR,249.09,566,C0KJY4,Basis-001/BG,6.41,0.8,0.21,0.3,7.12
XA,2025-12-07,DOM,FN-508,XAFN-101,PVSJKS,PVS-JKS,4975745684426,Category C,PVS-JKS,Class 6,TYPE-B,,Agent A2,Payment A,2025-12-20,Category C,CCY-3,N,41.31,13.9,13.8,0.11,0.11,0.26,0.26,55.37,54.96,,PVS,54.96,3006,C7HKHB,Basis-001/BG,1.18,0.39,0.0,0.01,1.57
XA,2025-12-22,INT,FN-118,XAFN-118,FUGVQR,FUG-VQR,9035934177334,Category C,FUG-VQR,Class 1,TYPE-A,,Agent C2,Payment B,2025-11-08,Category B,CCY-1,Y,141.9,25.65,21.02,6.31,5.17,3.66,3.0,201.42,165.09,,FUG,165.09,4552,F2Y5XU,Basis-001/BG,4.05,0.6,0.15,0.09,4.72
XA,2025-12-27,DOM,FN-101,XAFN-395,UMKDRW,UMK-DRW,0238836970257,Category D,UMK-DRW,Class 8,TYPE-B,,Agent B1,Payment B,2025-11-20,Category C,CCY-1,Y,144.55,33.31,35.46,19.23,20.47,4.58,4.88,183.74,195.6,,UMK,195.6,769,VYM6QG,Basis-002/BG,4.13,1.01,0.58,0.14,5.59
XA,2025-12-06,DOM,FN-119,XAFN-395,TDXUBR,TDX-UBR,4920317591450,,TDX-UBR,Class 7,TYPE-A,,Agent C2,Payment A,2025-12-10,Category C,CCY-2,N,29.05,58.75,47.39,18.43,14.87,0.55,0.44,112.65,90.87,,TDX,90.87,1334,SNIMUX,Basis-001,0.83,1.35,0.42,0.01,2.6
XA,2025-12-06,DOM,FN-394,XAFN-133,DRWPVS,DRW-PVS,5348024966899,Category C,DRW-PVS,Class 8,TYPE-B,,Agent C1,Payment B,2025-12-06,Category C,CCY-2,N,87.67,28.3,33.05,6.6,7.71,0.83,0.97,109.14,127.46,,DRW,127.46,1694,AA79Z6,Basis-002,2.5,0.94,0.22,0.03,3.64
XA,2025-12-15,INT,FN-118,XAFN-101,QFXDPQ,QFX-DPQ,5187032217759,,QFX-DPQ,Class 5,TYPE-B,,Agent B1,Payment B,2025-12-18,Category B,CCY-3,Y,164.86,61.46,52.64,15.21,13.03,4.73,4.05,264.43,226.48,,QFX,226.48,413,8HAJ0I,Basis-002/BG,4.71,1.5,0.37,0.12,6.47
XA,2025-12-29,DOM,FN-508,XAFN-394,UMKKLC,UMK-KLC,2957551263700,,UMK-KLC,Class 2,TYPE-D,,Agent C2,Payment C,2025-11-14,Category B,CCY-1,Y,190.69,20.24,23.55,2.22,2.58,8.09,9.41,178.24,207.41,,UMK,207.41,1680,FDNPTW,Basis-001,5.45,0.67,0.07,0.27,5.93
XA,2025-12-10,DOM,FN-132,XAFN-508,JYNQFX,JYN-QFX,5829565621929,Category D,JYN-QFX,Class 7,TYPE-A,,Agent C1,Payment C,2025-12-07,Category C,CCY-2,N,133.32,54.46,48.1,2.67,2.36,0.75,0.66,207.35,183.12,,JYN,183.12,815,1R71PH,Basis-002/BG,3.81,1.37,0.07,0.02,5.23
XA,2025-12-16,DOM,FN-133,XAFN-133,JKSDRW,JKS-DRW,9557705186506,,JKS-DRW,Class 5,TYPE-D,,Agent B1,Payment B,2025-11-05,Category A,CCY-3,N,65.59,27.4,31.89,4.36,5.08,1.53,1.78,86.59,100.78,,JKS,100.78,4999,XLE9LS,Basis-001,1.87,0.91,0.15,0.05,2.88
XA,2025-12-20,INT,FN-132,XAFN-101,UBRGNP,UBR-GNP,8046606382850,Category D,UBR-GNP,Class 7,TYPE-A,,Agent B2,Payment A,2025-12-19,Category D,CCY-3,N,86.6,22.65,23.65,3.04,3.17,1.57,1.64,107.05,111.78,,UBR,111.78,200,4WFXFM,Basis-001,2.47,0.68,0.09,0.05,3.19
XA,2025-12-24,DOM,FN-118,XAFN-118,KLCUBR,KLC-UBR,6276351487497,,KLC-UBR,Class 4,TYPE-C,,Agent C2,Payment A,2025-11-09,Category C,CCY-1,N,72.07,35.99,40.55,3.07,3.46,0.56,0.63,102.46,115.45,,KLC,115.45,3228,1UI9L6,Basis-001/BG,2.06,1.16,0.1,0.02,3.3
XA,2025-12-31,INT,FN-132,XAFN-508,UMKSZV,UMK-SZV,5228751209018,,UMK-SZV,Class 5,TYPE-D,,Agent C2,Payment B,2025-12-19,Category D,CCY-1,Y,22.17,21.89,20.55,14.55,13.66,0.51,0.48,59.53,55.9,,UMK,55.9,718,EKVIPA,Basis-003,0.63,0.59,0.39,0.01,1.6
XA,2025-12-11,DOM,FN-508,XAFN-133,UBRKEE,UBR-KEE,1974005975834,Category D,UBR-KEE,Class 6,TYPE-C,,Agent C1,Payment C,2025-11-18,Category B,CCY-1,Y,134.25,19.22,23.03,8.53,10.22,1.58,1.89,138.23,165.61,,UBR,165.61,334,ZFY635,Basis-001/BG,3.84,0.66,0.29,0.05,4.73
XA,2025-12-11,INT,FN-101,XAFN-132,JKSMBT,JKS-MBT,4151909375770,,JKS-MBT,Class 1,TYPE-D,,Agent C2,Payment A,2025-12-25,Category D,CCY-4,Y,10.34,43.03,37.42,13.71,11.92,0.32,0.28,68.31,59.4,,JKS,59.4,3671,VE13GT,Basis-003,0.3,1.07,0.34,0.01,1.7
XA,2025-12-06,DOM,FN-394,XAFN-394,DRWTDX,DRW-TDX,0699226915694,,DRW-TDX,Class 6,TYPE-D,,Agent A1,Payment C,2025-12-12,Category B,CCY-3,N,117.26,47.67,45.09,4.61,4.36,3.65,3.45,172.62,163.26,,DRW,163.26,3679,EAZMCE,Basis-003,3.35,1.29,0.12,0.1,4.66
XA,2025-12-07,INT,FN-118,XAFN-508,JKSSUQ,JKS-SUQ,4385633759849,,JKS-SUQ,Class 7,TYPE-B,,Agent C2,Payment C,2025-12-18,Category D,CCY-1,N,240.23,29.05,32.32,7.48,8.32,3.61,4.02,248.87,276.85,,JKS,276.85,222,ESWX4Y,Basis-001,6.86,0.92,0.24,0.11,7.91
XA,2025-12-07,DOM,FN-119,XAFN-105,YMLKLC,YML-KLC,4324170712787,,YML-KLC,Class 8,TYPE-B,,Agent A2,Payment C,2025-12-03,Category D,CCY-3,Y,148.41,24.17,28.39,13.71,16.1,5.54,6.51,158.7,186.39,,YML,186.39,4399,0G8GBS,Basis-001/BG,4.24,0.81,0.46,0.19,5.33
XA,2025-12-28,DOM,FN-132,XAFN-105,KEEQFX,KEE-QFX,9788164957104,Category C,KEE-QFX,Class 5,TYPE-C,,Agent C1,Payment C,2025-11-02,Category A,CCY-3,Y,63.87,17.08,18.56,13.97,15.18,1.93,2.1,87.9,95.51,,KEE,95.51,4387,KE1RZT,Basis-001/BG,1.82,0.53,0.43,0.06,2.73
XA,2025-12-29,DOM,FN-101,XAFN-132,YMLJYN,YML-JYN,7925173335813,,YML-JYN,Class 8,TYPE-B,,Agent A2,Payment A,2025-11-06,Category C,CCY-3,Y,102.36,53.45,43.51,22.73,18.5,1.31,1.07,200.62,163.3,,YML,163.3,4185,WT9OCN,Basis-002/BG,2.92,1.24,0.53,0.03,4.67
XA,2025-12-04,DOM,FN-117,XAFN-118,NABKEE,NAB-KEE,0766453629213,Category D,NAB-KEE,Class 7,TYPE-A,,Agent C2,Payment A,2025-11-07,Category B,CCY-2,N,117.86,47.05,40.22,4.95,4.23,0.3,0.26,189.59,162.05,,NAB,162.05,2299,7N795U,Basis-001,3.37,1.15,0.12,0.01,4.63
XA,2025-12-19,DOM,FN-118,XAFN-132,UBRTDX,UBR-TDX,4949725472047,Category D,UBR-TDX,Class 2,TYPE-C,,Agent A2,Payment C,2025-11-07,Category D,CCY-3,N,210.38,31.9,32.99,11.96,12.37,5.17,5.35,242.11,250.39,,UBR,250.39,3574,IJAJND,Basis-002,6.01,0.94,0.35,0.15,7.15
XA,2025-12-26,INT,FN-118,XAFN-132,QFXMBT,QFX-MBT,2528886465089,Category C,QFX-MBT,Class 7,TYPE-A,,Agent B1,Payment A,2025-11-06,Category D,CCY-3,N,98.35,5.05,5.08,12.44,12.52,2.36,2.38,112.81,113.57,,QFX,113.57,1471,C7D1ZW,Basis-002/BG,2.81,0.15,0.36,0.07,3.24
XA,2025-12-05,INT,FN-394,XAFN-105,QFXKHV,QFX-KHV,5422412503834,,QFX-KHV,Class 4,TYPE-B,,Agent B1,Payment B,2025-11-09,Category B,CCY-2,Y,15.07,25.41,25.24,14.81,14.71,0.37,0.37,55.01,54.65,,QFX,54.65,3929,6BKCRH,Basis-002/BG,0.43,0.72,0.42,0.01,1.56
XA,2025-12-30,DOM,FN-508,XAFN-395,NABKEE,NAB-KEE,8773352108583,,NAB-KEE,Class 7,TYPE-C,,Agent B1,Payment C,2025-12-30,Category B,CCY-2,N,165.35,57.04,59.23,14.57,15.13,1.28,1.33,229.59,238.38,,NAB,238.38,2054,FDV21N,Basis-001,4.72,1.69,0.43,0.04,6.81
XA,2025-12-26,DOM,FN-508,XAFN-508,UMKUBR,UMK-UBR,4281783420643,Category C,UMK-UBR,Class 6,TYPE-C,,Agent B1,Payment A,2025-12-22,Category C,CCY-1,Y,97.69,26.11,30.41,8.38,9.76,2.22,2.58,116.14,135.28,,UMK,135.28,1736,KYZ1QW,Basis-002,2.79,0.87,0.28,0.07,3.87
XA,2025-12-07,DOM,FN-101,XAFN-101,UBRTDX,UBR-TDX,9173163324308,,UBR-TDX,Class 4,TYPE-B,,Agent B1,Payment B,2025-12-01,Category B,CCY-2,Y,23.43,17.45,15.89,7.91,7.2,0.37,0.34,50.7,46.18,,UBR,46.18,4180,EE6GR3,Basis-003,0.67,0.45,0.21,0.01,1.32
XA,2025-12-17,INT,FN-117,XAFN-394,TDXLNR,TDX-LNR,2449520769915,Category C,TDX-LNR,Class 1,TYPE-B,,Agent A1,Payment A,2025-12-30,Category D,CCY-2,N,12.9,36.36,30.71,10.36,8.75,0.24,0.2,61.76,52.16,,TDX,52.16,4351,UDO4CD,Basis-003,0.37,0.88,0.25,0.01,1.49
XA,2025-12-15,DOM,FN-394,XAFN-133,KEEJKS,KEE-JKS,0123162575100,,KEE-JKS,Class 5,TYPE-B,,Agent B2,Payment B,2025-12-19,Category C,CCY-3,N,16.17,32.76,36.06,12.34,13.58,0.72,0.79,59.08,65.02,,KEE,65.02,2757,I299IJ,Basis-002/BG,0.46,1.03,0.39,0.02,1.86
XA,2025-12-03,DOM,FN-133,XAFN-119,PVSUBR,PVS-UBR,0212918236372,Category D,PVS-UBR,Class 9,TYPE-A,,Agent A1,Payment A,2025-12-09,Category A,CCY-3,Y,168.16,26.56,25.14,13.69,12.96,7.12,6.74,210.81,199.52,,PVS,199.52,908,BNIAB2,Basis-002,4.8,0.72,0.37,0.19,5.7
XA,2025-12-28,DOM,FN-133,XAFN-132,NABJKS,NAB-JKS,4763169145590,Category C,NAB-JKS,Class 3,TYPE-D,,Agent B1,Payment A,2025-11-23,Category C,CCY-2,Y,204.42,37.2,34.61,6.32,5.88,6.32,5.88,256.91,239.03,,NAB,239.03,1871,P9JP50,Basis-001/BG,5.84,0.99,0.17,0.17,6.83
XA,2025-12-15,DOM,FN-508,XAFN-101,DRWPVS,DRW-PVS,4552242059642,Category D,DRW-PVS,Class 8,TYPE-C,,Agent C1,Payment B,2025-12-05,Category A,CCY-4,N,172.13,52.0,47.93,7.62,7.02,0.69,0.64,245.69,226.44,,DRW,226.44,2426,IC487B,Basis-001/BG,4.92,1.37,0.2,0.02,6.47
XA,2025-12-04,INT,FN-133,XAFN-101,UBRDPQ,UBR-DPQ,1565399521154,Category C,UBR-DPQ,Class 9,TYPE-C,,Agent A1,Payment A,2025-11-23,Category A,CCY-4,N,317.84,24.89,22.12,11.43,10.16,16.31,14.5,377.59,335.62,,UBR,335.62,1950,4Q9CS4,Basis-001,9.08,0.63,0.29,0.41,9.59
XA,2025-12-31,DOM,FN-119,XAFN-133,JKSUMK,JKS-UMK,4548759799742,Category D,JKS-UMK,Class 6,TYPE-C,,Agent A2,Payment C,2025-12-08,Category A,CCY-3,N,96.2,31.52,33.35,1.22,1.29,4.48,4.74,119.19,126.1,,JKS,126.1,1944,NGROJ9,Basis-003,2.75,0.95,0.04,0.14,3.6
XA,2025-12-06,INT,FN-132,XAFN-119,KEEDPQ,KEE-DPQ,0815808678945,,KEE-DPQ,Class 8,TYPE-A,,Agent C1,Payment A,2025-12-14,Category B,CCY-4,N,106.32,13.72,13.62,10.76,10.68,4.86,4.82,126.75,125.8,,KEE,125.8,3581,RXXWFM,Basis-001/BG,3.04,0.39,0.31,0.14,3.59
XA,2025-12-26,INT,FN-132,XAFN-508,FUGZYR,FUG-ZYR,6351875705320,Category C,FUG-ZYR,Class 1,TYPE-D,,Agent A1,Payment A,2025-12-14,Category A,CCY-2,Y,229.56,37.83,39.69,1.77,1.86,7.97,8.36,250.46,262.75,,FUG,262.75,2563,LO2D8F,Basis-003,6.56,1.13,0.05,0.24,7.51
XA,2025-12-31,INT,FN-101,XAFN-133,FUGKUV,FUG-KUV,9328940117130,Category C,FUG-KUV,Class 1,TYPE-D,,Agent A1,Payment C,2025-11-30,Category A,CCY-2,N,313.37,36.97,34.43,6.57,6.12,7.19,6.7,372.86,347.22,,FUG,347.22,3575,4VTRZR,Basis-001,8.95,0.98,0.17,0.19,9.92
XA,2025-12-10,INT,FN-133,XAFN-101,KLCSUQ,KLC-SUQ,1006977400970,,KLC-SUQ,Class 3,TYPE-B,,Agent A2,Payment B,2025-12-11,Category D,CCY-4,N,162.57,37.61,32.64,7.69,6.67,3.23,2.8,229.42,199.08,,KLC,199.08,784,TNA623,Basis-001,4.64,0.93,0.19,0.08,5.69
XA,2025-12-05,DOM,FN-117,XAFN-105,JYNKEE,JYN-KEE,2683905101181,,JYN-KEE,Class 1,TYPE-B,,Agent B1,Payment C,2025-12-08,Category A,CCY-1,Y,165.83,24.29,20.89,9.28,7.98,0.06,0.05,226.37,194.65,,JYN,194.65,3329,6PSRC4,Basis-001,4.74,0.6,0.23,0.0,5.56
XA,2025-12-14,INT,FN-119,XAFN-117,TDXMBT,TDX-MBT,8225196429586,,TDX-MBT,Class 2,TYPE-D,,Agent B2,Payment A,2025-11-07,Category A,CCY-1,N,95.1,7.24,8.51,9.12,10.73,3.2,3.76,94.03,110.58,,TDX,110.58,361,5FL42V,Basis-002,2.72,0.24,0.31,0.11,3.16
XA,2025-12-17,INT,FN-117,XAFN-132,KEEGNP,KEE-GNP,4805759502424,Category C,KEE-GNP,Class 5,TYPE-D,,Agent A2,Payment A,2025-11-24,Category B,CCY-2,Y,196.82,45.26,37.72,16.92,14.1,10.64,8.87,287.68,239.77,,KEE,239.77,1145,XWKP74,Basis-001/BG,5.62,1.08,0.4,0.25,6.85
XA,2025-12-26,DOM,FN-117,XAFN-101,KEEKSN,KEE-KSN,3186767448228,,KEE-KSN,Class 1,TYPE-A,,Agent B2,Payment A,2025-12-10,Category A,CCY-4,Y,175.95,24.94,22.01,16.09,14.2,0.9,0.79,239.5,211.37,,KEE,211.37,2651,WIZ6P5,Basis-002/BG,5.03,0.63,0.41,0.02,6.04
XA,2025-12-28,DOM,FN-133,XAFN-118,TDXDRW,TDX-DRW,9910471649545,Category D,TDX-DRW,Class 1,TYPE-C,,Agent B2,Payment B,2025-11-30,Category D,CCY-2,Y,41.4,15.22,16.49,4.78,5.18,1.81,1.96,56.39,61.11,,TDX,61.11,2208,Y6QMJQ,Basis-003,1.18,0.47,0.15,0.06,1.75
XA,2025-12-26,DOM,FN-117,XAFN-394,NABKSN,NAB-KSN,6654842749464,Category D,NAB-KSN,Class 9,TYPE-C,,Agent C2,Payment A,2025-11-13,Category A,CCY-4,Y,236.4,51.42,44.14,14.49,12.44,10.6,9.1,330.7,283.88,,NAB,283.88,1472,X4IO16,Basis-003,6.75,1.26,0.36,0.26,8.11
XA,2025-12-08,INT,FN-118,XAFN-132,JKSVQR,JKS-VQR,3356682289657,Category D,JKS-VQR,Class 9,TYPE-C,,Agent C1,Payment C,2025-11-10,Category A,CCY-2,Y,235.75,18.97,16.81,13.25,11.74,13.08,11.59,285.22,252.71,,JKS,252.71,4682,AH3QO2,Basis-001,6.74,0.48,0.34,0.33,7.22
XA,2025-12-03,INT,FN-105,XAFN-105,NABHGV,NAB-HGV,5816231539428,,NAB-HGV,Class 8,TYPE-A,,Agent B1,Payment C,2025-11-30,Category D,CCY-1,N,139.99,46.2,42.7,10.19,9.42,0.76,0.7,207.09,191.41,,NAB,191.41,519,UCHV5N,Basis-002,4.0,1.22,0.27,0.02,5.47
XA,2025-12-02,INT,FN-508,XAFN-395,UBRMFP,UBR-MFP,1009443002773,Category C,UBR-MFP,Class 3,TYPE-A,,Agent C2,Payment B,2025-11-22,Category D,CCY-1,N,119.2,40.19,38.11,15.16,14.38,5.48,5.2,175.57,166.49,,UBR,166.49,1396,QOGAWG,Basis-001/BG,3.41,1.09,0.41,0.15,4.76
XA,2025-12-04,DOM,FN-105,XAFN-118,UBRDRW,UBR-DRW,3107539871414,Category C,UBR-DRW,Class 8,TYPE-D,,Agent C2,Payment B,2025-11-09,Category B,CCY-4,Y,96.53,26.98,29.08,4.37,4.71,3.3,3.56,117.59,126.76,,UBR,126.76,3283,Y205KH,Basis-001/BG,2.76,0.83,0.13,0.1,3.62
XA,2025-12-27,DOM,FN-132,XAFN-118,DRWJYN,DRW-JYN,0584743894752,,DRW-JYN,Class 5,TYPE-B,,Agent C2,Payment B,2025-11-22,Category D,CCY-2,Y,49.84,30.27,33.01,11.96,13.04,1.58,1.72,86.35,94.17,,DRW,94.17,1733,7KMK07,Basis-001/BG,1.42,0.94,0.37,0.05,2.69
XA,2025-12-04,DOM,FN-105,XAFN-394,KEEUBR,KEE-UBR,7854539057986,,KEE-UBR,Class 2,TYPE-B,,Agent C2,Payment B,2025-12-09,Category B,CCY-3,Y,170.97,0.73,0.76,7.9,8.25,5.21,5.44,167.11,174.54,,KEE,174.54,2140,U270A0,Basis-001/BG,4.88,0.02,0.24,0.16,4.99
XA,2025-12-21,INT,FN-132,XAFN-133,PVSRZP,PVS-RZP,3773125245870,,PVS-RZP,Class 4,TYPE-B,,Agent A1,Payment C,2025-12-23,Category A,CCY-3,Y,27.47,57.88,50.55,5.23,4.57,1.35,1.18,93.22,81.41,,PVS,81.41,3844,MRYNHF,Basis-002,0.78,1.44,0.13,0.03,2.33
XA,2025-12-08,DOM,FN-395,XAFN-394,FUGJKS,FUG-JKS,8717135935891,,FUG-JKS,Class 2,TYPE-C,,Agent B1,Payment C,2025-12-28,Category B,CCY-3,N,250.43,47.84,44.19,5.95,5.5,5.81,5.37,319.13,294.75,,FUG,294.75,3748,F6HPKY,Basis-001/BG,7.16,1.26,0.16,0.15,8.42
XA,2025-12-30,DOM,FN-395,XAFN-133,DRWFUG,DRW-FUG,8784277515367,Category C,DRW-FUG,Class 3,TYPE-A,,Agent C2,Payment C,2025-11-29,Category C,CCY-1,Y,59.38,33.69,35.26,5.52,5.78,1.83,1.91,94.13,98.51,,DRW,98.51,3344,NVYX9T,Basis-002/BG,1.7,1.01,0.17,0.05,2.81
XA,2025-12-19,INT,FN-119,XAFN-119,TDXSZV,TDX-SZV,1115685402621,,TDX-SZV,Class 5,TYPE-D,,Agent C2,Payment C,2025-12-13,Category A,CCY-3,Y,158.2,24.89,22.76,1.19,1.09,0.68,0.62,198.45,181.43,,TDX,181.43,3549,IINELG,Basis-003,4.52,0.65,0.03,0.02,5.18
XA,2025-12-27,DOM,FN-394,XAFN-119,DRWJKS,DRW-JKS,9871484544300,,DRW-JKS,Class 7,TYPE-C,,Agent B1,Payment C,2025-12-19,Category D,CCY-1,N,28.44,28.84,33.4,6.21,7.19,0.24,0.28,59.37,68.75,,DRW,68.75,4041,7E5630,Basis-002,0.81,0.95,0.21,0.01,1.96
XA,2025-12-29,DOM,FN-132,XAFN-119,UMKYML,UMK-YML,3630575786607,,UMK-YML,Class 2,TYPE-B,,Agent B1,Payment A,2025-11-30,Category D,CCY-4,N,105.75,36.66,40.44,14.39,15.87,1.17,1.29,145.74,160.77,,UMK,160.77,3695,BNXMSM,Basis-001/BG,3.02,1.16,0.45,0.04,4.59
XA,2025-12-24,INT,FN-119,XAFN-117,FUGZYR,FUG-ZYR,6474141240439,,FUG-ZYR,Class 7,TYPE-C,,Agent C1,Payment A,2025-11-21,Category D,CCY-4,Y,128.2,21.76,24.89,10.93,12.5,2.09,2.39,142.68,163.2,,FUG,163.2,258,ACXF6R,Basis-002/BG,3.66,0.71,0.36,0.07,4.66
XA,2025-12-21,DOM,FN-117,XAFN-394,UMKUBR,UMK-UBR,1918993819879,Category C,UMK-UBR,Class 2,TYPE-A,,Agent B2,Payment B,2025-11-01,Category A,CCY-2,Y,41.45,32.29,33.35,12.36,12.76,1.42,1.47,83.36,86.09,,UMK,86.09,4012,0Q0DBS,Basis-002/BG,1.18,0.95,0.36,0.04,2.46
XA,2025-12-03,INT,FN-132,XAFN-117,PVSGNP,PVS-GNP,8932816651773,,PVS-GNP,Class 3,TYPE-B,,Agent A1,Payment C,2025-12-20,Category D,CCY-4,N,204.42,0.91,0.95,5.96,6.19,1.29,1.34,202.36,210.22,,PVS,210.22,4864,IIE80Y,Basis-002/BG,5.84,0.03,0.18,0.04,6.01
XA,2025-12-14,DOM,FN-132,XAFN-105,KLCUBR,KLC-UBR,1825665163917,Category C,KLC-UBR,Class 6,TYPE-D,,Agent A1,Payment B,2025-11-17,Category B,CCY-3,N,79.74,26.67,31.5,10.5,12.4,2.08,2.46,102.61,121.18,,KLC,121.18,1610,T59HE2,Basis-001,2.28,0.9,0.35,0.07,3.46
XA,2025-12-19,DOM,FN-133,XAFN-395,YMLQFX,YML-QFX,7574465448218,,YML-QFX,Class 7,TYPE-B,,Agent C1,Payment C,2025-12-13,Category B,CCY-1,Y,269.74,24.42,22.58,8.12,7.51,10.41,9.62,313.92,290.21,,YML,290.21,1241,66S78K,Basis-001,7.71,0.65,0.21,0.27,8.29
XA,2025-12-22,INT,FN-133,XAFN-132,KEEVQR,KEE-VQR,0865699638744,,KEE-VQR,Class 2,TYPE-D,,Agent A1,Payment A,2025-11-20,Category A,CCY-3,Y,241.97,37.28,34.45,17.68,16.34,0.87,0.8,315.93,291.96,,KEE,291.96,2980,0XSZ6X,Basis-002,6.91,0.98,0.47,0.02,8.34
XA,2025-12-24,DOM,FN-508,XAFN-394,KEEDRW,KEE-DRW,6656206703933,,KEE-DRW,Class 6,TYPE-D,,Agent C2,Payment B,2025-11-30,Category C,CCY-4,N,173.1,14.8,12.64,3.9,3.33,8.38,7.16,212.98,181.91,,KEE,181.91,977,B09UHQ,Basis-001,4.95,0.36,0.1,0.2,5.2
XA,2025-12-09,DOM,FN-101,XAFN-508,UMKKSN,UMK-KSN,3582717320310,,UMK-KSN,Class 1,TYPE-D,,Agent B2,Payment B,2025-12-28,Category D,CCY-1,N,25.88,34.22,39.93,13.66,15.94,0.24,0.28,69.82,81.47,,UMK,81.47,990,4SJSSZ,Basis-003,0.74,1.14,0.46,0.01,2.33
XA,2025-12-23,INT,FN-394,XAFN-508,UMKKHV,UMK-KHV,5797114917946,,UMK-KHV,Class 9,TYPE-A,,Agent B2,Payment C,2025-12-16,Category B,CCY-3,Y,297.95,42.64,42.65,15.81,15.81,5.21,5.21,351.12,351.2,,UMK,351.2,4878,2DTX42,Basis-001/BG,8.51,1.22,0.45,0.15,10.03
XA,2025-12-18,DOM,FN-508,XAFN-508,KLCJYN,KLC-JYN,8420032650305,Category C,KLC-JYN,Class 9,TYPE-C,,Agent A1,Payment A,2025-11-18,Category B,CCY-4,Y,103.6,11.07,12.65,12.47,14.25,1.78,2.03,112.43,128.47,,KLC,128.47,3828,9ND3HG,Basis-003,2.96,0.36,0.41,0.06,3.67
XA,2025-12-21,INT,FN-508,XAFN-133,TDXRZP,TDX-RZP,1084929704538,,TDX-RZP,Class 8,TYPE-D,,Agent B2,Payment A,2025-11-10,Category D,CCY-4,N,183.41,29.14,31.61,11.01,11.94,0.45,0.49,208.77,226.47,,TDX,226.47,4221,NEW4MW,Basis-002/BG,5.24,0.9,0.34,0.01,6.47
XA,2025-12-22,DOM,FN-395,XAFN-119,QFXPVS,QFX-PVS,4899531200859,,QFX-PVS,Class 4,TYPE-C,,Agent A1,Payment A,2025-12-26,Category B,CCY-1,N,175.85,56.04,49.26,18.74,16.47,3.45,3.03,271.4,238.55,,QFX,238.55,1051,9QHZGI,Basis-002/BG,5.02,1.41,0.47,0.09,6.82
XA,2025-12-03,DOM,FN-118,XAFN-394,YMLFUG,YML-FUG,1897621779429,Category C,YML-FUG,Class 4,TYPE-A,,Agent A1,Payment A,2025-12-02,Category B,CCY-3,N,193.54,49.66,42.69,14.62,12.57,9.2,7.91,280.22,240.89,,YML,240.89,2391,TEZ661,Basis-001,5.53,1.22,0.36,0.23,6.88
XA,2025-12-22,INT,FN-101,XAFN-118,NABSUQ,NAB-SUQ,9619651966271,Category D,NAB-SUQ,Class 7,TYPE-C,,Agent B2,Payment A,2025-11-28,Category C,CCY-2,N,113.11,48.22,41.35,3.53,3.03,0.52,0.45,183.14,157.04,,NAB,157.04,4356,P47HSZ,Basis-002/BG,3.23,1.18,0.09,0.01,4.49
XA,2025-12-19,INT,FN-119,XAFN-508,FUGKUV,FUG-KUV,1767070022796,Category C,FUG-KUV,Class 8,TYPE-C,,Agent B1,Payment B,2025-11-12,Category D,CCY-1,N,234.31,11.73,12.08,11.1,11.43,2.02,2.08,248.27,255.74,,FUG,255.74,1805,A8HTS1,Basis-002/BG,6.69,0.35,0.33,0.06,7.31
XA,2025-12-14,INT,FN-395,XAFN-118,DRWRZP,DRW-RZP,9874932039226,,DRW-RZP,Class 5,TYPE-D,,Agent A1,Payment C,2025-12-14,Category B,CCY-1,N,82.39,33.53,38.3,8.61,9.83,2.37,2.71,111.9,127.81,,DRW,127.81,3206,N92T2K,Basis-002/BG,2.35,1.09,0.28,0.08,3.65
XA,2025-12-10,INT,FN-119,XAFN-101,JKSVQR,JKS-VQR,8132225750412,Category C,JKS-VQR,Class 1,TYPE-D,,Agent B2,Payment B,2025-12-19,Category B,CCY-2,N,22.42,30.74,36.31,6.02,7.11,0.25,0.29,55.49,65.55,,JKS,65.55,224,U4L8XP,Basis-001,0.64,1.04,0.2,0.01,1.87
XA,2025-12-22,INT,FN-118,XAFN-394,KLCSUQ,KLC-SUQ,7603828071002,Category D,KLC-SUQ,Class 3,TYPE-C,,Agent C1,Payment C,2025-12-04,Category D,CCY-4,N,220.49,34.98,30.02,13.96,11.98,5.42,4.65,300.44,257.84,,KLC,257.84,1127,WXIVOR,Basis-001/BG,6.3,0.86,0.34,0.13,7.37
XA,2025-12-17,DOM,FN-394,XAFN-133,KLCUBR,KLC-UBR,8838689825817,Category C,KLC-UBR,Class 4,TYPE-D,,Agent C1,Payment A,2025-12-29,Category D,CCY-2,N,73.39,19.42,21.16,7.07,7.71,1.7,1.85,92.14,100.41,,KLC,100.41,1678,0IB3W4,Basis-003,2.1,0.6,0.22,0.05,2.87
XA,2025-12-04,DOM,FN-508,XAFN-508,JYNUMK,JYN-UMK,8068496033429,Category D,JYN-UMK,Class 8,TYPE-A,,Agent C1,Payment B,2025-11-30,Category B,CCY-2,Y,218.54,58.43,55.16,6.32,5.97,8.49,8.01,287.79,271.66,,JYN,271.66,3545,XPT6QP,Basis-002/BG,6.24,1.58,0.17,0.23,7.76
XA,2025-12-20,INT,FN-101,XAFN-132,JYNKUV,JYN-KUV,9746899330537,Category D,JYN-KUV,Class 4,TYPE-A,,Agent C2,Payment B,2025-11-11,Category C,CCY-4,Y,236.15,2.13,2.55,3.36,4.03,0.74,0.89,201.81,241.84,,JYN,241.84,3377,EZIKUR,Basis-001/BG,6.75,0.07,0.12,0.03,6.91
XA,2025-12-18,INT,FN-133,XAFN-133,JKSLNR,JKS-LNR,1329406357247,,JKS-LNR,Class 9,TYPE-B,,Agent C1,Payment C,2025-11-23,Category D,CCY-3,Y,73.3,11.5,9.71,2.46,2.08,3.39,2.86,97.38,82.23,,JKS,82.23,3450,XSBQTY,Basis-002,2.09,0.28,0.06,0.08,2.35
XA,2025-12-19,DOM,FN-395,XAFN-133,UMKNAB,UMK-NAB,6924505149048,,UMK-NAB,Class 6,TYPE-B,,Agent B1,Payment C,2025-12-09,Category D,CCY-1,N,183.04,25.54,26.79,11.35,11.9,0.24,0.25,211.18,221.48,,UMK,221.48,2438,IK2INK,Basis-003,5.23,0.77,0.34,0.01,6.33
XA,2025-12-20,INT,FN-394,XAFN-394,FUGMFP,FUG-MFP,2222646153300,Category C,FUG-MFP,Class 1,TYPE-D,,Agent A1,Payment A,2025-11-30,Category C,CCY-4,Y,205.24,29.11,33.98,11.39,13.29,4.4,5.13,211.94,247.38,,FUG,247.38,4101,429W1Y,Basis-003,5.86,0.97,0.38,0.15,7.07
XA,2025-12-28,DOM,FN-395,XAFN-133,UBRUMK,UBR-UMK,9016812075000,,UBR-UMK,Class 1,TYPE-A,,Agent B1,Payment B,2025-12-04,Category C,CCY-3,Y,144.44,12.93,12.2,16.21,15.29,0.83,0.78,181.43,171.15,,UBR,171.15,4995,6FFJL7,Basis-002,4.13,0.35,0.44,0.02,4.89
XA,2025-12-20,DOM,FN-118,XAFN-118,YMLKSN,YML-KSN,1399951769933,,YML-KSN,Class 3,TYPE-B,,Agent C1,Payment A,2025-11-21,Category D,CCY-1,N,102.87,13.43,15.97,7.66,9.11,1.31,1.56,106.3,126.39,,YML,126.39,540,RMX1VZ,Basis-001,2.94,0.46,0.26,0.04,3.61
XA,2025-12-03,INT,FN-117,XAFN-395,UBRSZV,UBR-SZV,7408117306993,Category C,UBR-SZV,Class 4,TYPE-A,,Agent B1,Payment B,2025-11-09,Category D,CCY-4,N,76.98,22.39,23.74,11.05,11.72,3.28,3.48,102.76,108.96,,UBR,108.96,1305,S8I2GK,Basis-002,2.2,0.68,0.33,0.1,3.11
XA,2025-12-18,DOM,FN-119,XAFN-105,FUGUMK,FUG-UMK,9126048589654,,FUG-UMK,Class 6,TYPE-C,,Agent B1,Payment A,2025-12-09,Category B,CCY-1,N,177.87,14.43,16.53,6.6,7.56,2.49,2.85,173.78,199.11,,FUG,199.11,3093,9QWGR4,Basis-001,5.08,0.47,0.22,0.08,5.69
XA,2025-12-13,INT,FN-133,XAFN-117,QFXKHV,QFX-KHV,3005609446150,,QFX-KHV,Class 8,TYPE-B,,Agent C2,Payment C,2025-11-15,Category C,CCY-3,Y,235.95,45.96,37.45,25.01,20.38,7.67,6.25,352.9,287.53,,QFX,287.53,3616,ONN443,Basis-001,6.74,1.07,0.58,0.18,8.22
XA,2025-12-14,INT,FN-132,XAFN-394,TDXZYR,TDX-ZYR,8937939194743,,TDX-ZYR,Class 9,TYPE-B,,Agent C1,Payment C,2025-11-03,Category B,CCY-3,N,244.41,43.73,47.16,2.84,3.06,7.3,7.87,265.89,286.76,,TDX,286.76,1448,C21073,Basis-001,6.98,1.35,0.09,0.22,8.19
XA,2025-12-03,DOM,FN-118,XAFN-117,KEEKSN,KEE-KSN,4321119026623,,KEE-KSN,Class 8,TYPE-D,,Agent A2,Payment C,2025-12-30,Category A,CCY-4,Y,211.11,32.13,29.2,7.98,7.25,10.53,9.57,261.87,237.99,,KEE,237.99,2242,A6TDJ9,Basis-001/BG,6.03,0.83,0.21,0.27,6.8
XA,2025-12-07,INT,FN-117,XAFN-395,UMKDPQ,UMK-DPQ,7425656866805,,UMK-DPQ,Class 1,TYPE-A,,Agent A1,Payment C,2025-11-24,Category C,CCY-2,Y,163.44,49.82,44.18,14.1,12.5,2.84,2.52,245.39,217.6,,UMK,217.6,4660,EQN664,Basis-002,4.67,1.26,0.36,0.07,6.22
XA,2025-12-02,DOM,FN-394,XAFN-394,NABUMK,NAB-UMK,9491488151446,,NAB-UMK,Class 6,TYPE-A,,Agent C1,Payment C,2025-12-09,Category C,CCY-4,N,79.72,40.18,41.14,6.65,6.81,2.1,2.15,122.59,125.52,,NAB,125.52,1105,QB5ON4,Basis-002/BG,2.28,1.18,0.19,0.06,3.59
XA,2025-12-22,INT,FN-132,XAFN-119,DRWKHV,DRW-KHV,6377665995990,Category C,DRW-KHV,Class 9,TYPE-B,,Agent B1,Payment B,2025-12-30,Category B,CCY-3,Y,167.33,22.86,25.45,8.0,8.91,2.18,2.43,178.95,199.26,,DRW,199.26,4796,DPGPJ4,Basis-003,4.78,0.73,0.25,0.07,5.69
XA,2025-12-18,DOM,FN-395,XAFN-119,UMKNAB,UMK-NAB,6358053315131,Category C,UMK-NAB,Class 7,TYPE-C,,Agent B2,Payment A,2025-12-23,Category A,CCY-1,N,211.3,12.47,14.4,17.09,19.73,2.86,3.3,209.71,242.13,,UMK,242.13,239,FSRKQ3,Basis-001/BG,6.04,0.41,0.56,0.09,6.92
XA,2025-12-24,INT,FN-105,XAFN-394,KSNMFP,KSN-MFP,6196822588584,Category C,KSN-MFP,Class 3,TYPE-A,,Agent A2,Payment C,2025-12-16,Category C,CCY-2,N,4.31,18.2,21.03,10.25,11.85,0.15,0.17,32.04,37.02,,KSN,37.02,2693,AQQAQV,Basis-001/BG,0.12,0.6,0.34,0.0,1.06
XA,2025-12-19,INT,FN-508,XAFN-101,FUGMFP,FUG-MFP,6183442511809,Category D,FUG-MFP,Class 8,TYPE-C,,Agent B1,Payment B,2025-11-05,Category B,CCY-3,N,196.75,29.2,28.49,9.95,9.71,4.11,4.01,236.69,230.94,,FUG,230.94,1055,NE8ITA,Basis-002/BG,5.62,0.81,0.28,0.11,6.6
XA,2025-12-10,DOM,FN-118,XAFN-132,NABJYN,NAB-JYN,3375201569146,,NAB-JYN,Class 1,TYPE-D,,Agent C2,Payment B,2025-11-05,Category C,CCY-4,N,182.84,22.79,26.53,14.58,16.97,1.98,2.3,192.47,224.04,,NAB,224.04,2066,GP8J0D,Basis-002,5.22,0.76,0.48,0.07,6.4
XA,2025-12-04,DOM,FN-508,XAFN-132,NABJYN,NAB-JYN,7145149514955,Category C,NAB-JYN,Class 9,TYPE-D,,Agent A2,Payment B,2025-12-06,Category A,CCY-1,N,217.15,53.71,43.09,6.44,5.17,0.21,0.17,330.6,265.24,,NAB,265.24,1632,VPC5BJ,Basis-003,6.2,1.23,0.15,0.0,7.58
XA,2025-12-07,DOM,FN-101,XAFN-508,DRWUMK,DRW-UMK,9070464450300,,DRW-UMK,Class 5,TYPE-A,,Agent B1,Payment B,2025-12-16,Category A,CCY-2,Y,143.65,23.48,25.49,4.58,4.97,5.68,6.16,154.73,167.95,,DRW,167.95,4391,DSIBGW,Basis-002/BG,4.1,0.73,0.14,0.18,4.8
XA,2025-12-08,DOM,FN-133,XAFN-508,PVSKSN,PVS-KSN,5043260590473,Category D,PVS-KSN,Class 8,TYPE-B,,Agent B1,Payment A,2025-11-11,Category D,CCY-2,N,178.81,19.71,21.94,11.93,13.28,1.34,1.49,190.98,212.54,,PVS,212.54,2331,VB2158,Basis-003,5.11,0.63,0.38,0.04,6.07
XA,2025-12-12,INT,FN-508,XAFN-508,YMLDPQ,YML-DPQ,6426060098972,,YML-DPQ,Class 5,TYPE-C,,Agent A1,Payment C,2025-11-21,Category A,CCY-3,N,64.38,52.1,55.79,5.15,5.52,0.29,0.31,117.09,125.38,,YML,125.38,2185,E4K2V4,Basis-001/BG,1.84,1.59,0.16,0.01,3.58
XA,2025-12-06,INT,FN-132,XAFN-118,JKSTPX,JKS-TPX,2600628922384,Category C,JKS-TPX,Class 5,TYPE-C,,Agent B2,Payment C,2025-12-29,Category B,CCY-1,N,167.54,35.16,41.88,6.0,7.15,6.84,8.15,174.96,208.42,,JKS,208.42,4895,K5UGLX,Basis-002,4.79,1.2,0.2,0.23,5.95
XA,2025-12-11,INT,FN-105,XAFN-117,JKSGNP,JKS-GNP,8895638367665,,JKS-GNP,Class 5,TYPE-A,,Agent A2,Payment A,2025-12-18,Category A,CCY-4,Y,218.2,12.05,11.56,17.99,17.26,5.21,5.0,252.3,242.02,,JKS,242.02,1573,ECI1ZS,Basis-002,6.23,0.33,0.49,0.14,6.91
XA,2025-12-17,DOM,FN-119,XAFN-132,NABKLC,NAB-KLC,4574988396838,Category C,NAB-KLC,Class 5,TYPE-C,,Agent A2,Payment B,2025-12-26,Category C,CCY-2,Y,151.13,23.01,21.05,9.29,8.5,0.61,0.56,196.87,180.12,,NAB,180.12,494,WGMI1G,Basis-001,4.32,0.6,0.24,0.02,5.15
XA,2025-12-28,INT,FN-101,XAFN-133,FUGHGV,FUG-HGV,8992471575610,,FUG-HGV,Class 4,TYPE-A,,Agent A1,Payment A,2025-12-23,Category A,CCY-3,Y,214.71,21.93,21.23,6.46,6.25,8.76,8.48,241.44,233.71,,FUG,233.71,1670,6ZHMNG,Basis-002/BG,6.13,0.61,0.18,0.24,6.68
XA,2025-12-05,DOM,FN-117,XAFN-133,KSNYML,KSN-YML,3262144537150,Category D,KSN-YML,Class 3,TYPE-C,,Agent A1,Payment C,2025-11-26,Category D,CCY-3,N,132.28,14.71,12.35,22.75,19.1,7.18,6.03,187.85,157.7,,KSN,157.7,4244,T318YW,Basis-003,3.78,0.35,0.55,0.17,4.51
XA,2025-12-23,DOM,FN-133,XAFN-119,YMLKSN,YML-KSN,5546903369310,Category D,YML-KSN,Class 7,TYPE-D,,Agent A1,Payment C,2025-11-30,Category B,CCY-3,Y,104.69,36.53,42.47,9.5,11.05,0.83,0.97,135.25,157.24,,YML,157.24,1840,ZDKMQ9,Basis-003,2.99,1.21,0.32,0.03,4.49
XA,2025-12-07,INT,FN-132,XAFN-133,DRWKUV,DRW-KUV,4093099986891,Category D,DRW-KUV,Class 3,TYPE-A,,Agent B2,Payment C,2025-12-06,Category D,CCY-4,N,71.24,34.27,29.91,15.95,13.92,0.02,0.02,131.81,115.05,,DRW,115.05,4861,9UVHSD,Basis-003,2.04,0.85,0.4,0.0,3.29
XA,2025-12-08,DOM,FN-105,XAFN-508,NABTDX,NAB-TDX,0024155175863,,NAB-TDX,Class 5,TYPE-B,,Agent B1,Payment A,2025-11-13,Category B,CCY-4,N,134.94,56.55,47.9,17.84,15.11,2.17,1.84,231.51,196.11,,NAB,196.11,480,E1VO8S,Basis-003,3.86,1.37,0.43,0.05,5.6
XA,2025-12-30,INT,FN-105,XAFN-101,UBRKHV,UBR-KHV,6514947396543,,UBR-KHV,Class 5,TYPE-A,,Agent B1,Payment B,2025-11-29,Category D,CCY-2,Y,223.51,24.22,23.11,4.82,4.6,0.82,0.78,262.49,250.44,,UBR,250.44,570,7Y91QU,Basis-001,6.39,0.66,0.13,0.02,7.16
XA,2025-12-10,INT,FN-119,XAFN-118,UMKTPX,UMK-TPX,2314945212586,,UMK-TPX,Class 8,TYPE-D,,Agent A2,Payment C,2025-12-19,Category A,CCY-2,Y,100.91,28.72,32.94,11.1,12.73,4.35,4.99,123.44,141.59,,UMK,141.59,4718,BJX5Z0,Basis-003,2.88,0.94,0.36,0.14,4.05
XA,2025-12-02,DOM,FN-395,XAFN-132,JKSFUG,JKS-FUG,0134742963641,Category C,JKS-FUG,Class 5,TYPE-B,,Agent B2,Payment B,2025-11-29,Category B,CCY-1,N,23.73,31.68,29.88,11.44,10.79,0.37,0.35,67.9,64.05,,JKS,64.05,2386,YZ0GMV,Basis-002/BG,0.68,0.85,0.31,0.01,1.83
XA,2025-12-15,DOM,FN-118,XAFN-118,UBRQFX,UBR-QFX,2539685276820,,UBR-QFX,Class 3,TYPE-A,,Agent A2,Payment A,2025-11-20,Category D,CCY-3,N,127.8,41.78,49.37,10.25,12.11,0.14,0.17,160.03,189.11,,UBR,189.11,1207,752TVR,Basis-001/BG,3.65,1.41,0.35,0.0,5.4
XA,2025-12-12,DOM,FN-105,XAFN-132,TDXKLC,TDX-KLC,9117533170253,Category C,TDX-KLC,Class 8,TYPE-D,,Agent C1,Payment B,2025-11-01,Category D,CCY-1,Y,254.82,25.02,26.76,13.73,14.69,7.24,7.74,269.75,288.53,,TDX,288.53,2726,6I17TG,Basis-002,7.28,0.76,0.42,0.22,8.24
XA,2025-12-08,DOM,FN-119,XAFN-119,JYNFUG,JYN-FUG,0032569647413,Category C,JYN-FUG,Class 8,TYPE-A,,Agent A1,Payment B,2025-11-06,Category D,CCY-2,Y,280.81,58.73,49.68,5.37,4.54,0.59,0.5,395.45,334.53,,JYN,334.53,2581,91YFOP,Basis-001,8.02,1.42,0.13,0.01,9.56
XA,2025-12-21,INT,FN-118,XAFN-508,QFXVQR,QFX-VQR,1315653667136,Category D,QFX-VQR,Class 1,TYPE-D,,Agent C2,Payment A,2025-11-22,Category A,CCY-1,N,129.71,23.49,24.82,11.78,12.45,6.11,6.46,151.89,160.52,,QFX,160.52,2860,GSXH5Y,Basis-002,3.71,0.71,0.36,0.18,4.59
XA,2025-12-14,INT,FN-132,XAFN-394,PVSGNP,PVS-GNP,7583352197064,,PVS-GNP,Class 8,TYPE-D,,Agent B1,Payment A,2025-11-10,Category B,CCY-2,Y,204.91,16.78,17.42,9.96,10.34,7.03,7.3,217.03,225.37,,PVS,225.37,2849,KFJQH5,Basis-002/BG,5.85,0.5,0.3,0.21,6.44
XA,2025-12-31,INT,FN-119,XAFN-118,KEELNR,KEE-LNR,9141052696364,Category C,KEE-LNR,Class 7,TYPE-D,,Agent A2,Payment C,2025-11-05,Category B,CCY-2,N,11.59,49.0,51.63,7.06,7.44,0.08,0.08,66.98,70.58,,KEE,70.58,2342,Y7HRS7,Basis-002/BG,0.33,1.48,0.21,0.0,2.02
XA,2025-12-06,INT,FN-133,XAFN-508,JYNKUV,JYN-KUV,8630133327988,Category C,JYN-KUV,Class 5,TYPE-A,,Agent B2,Payment A,2025-11-11,Category D,CCY-4,N,154.47,22.2,25.36,13.77,15.73,3.24,3.7,167.97,191.86,,JYN,191.86,1188,VNKVW4,Basis-002,4.41,0.72,0.45,0.11,5.48
XA,2025-12-14,DOM,FN-101,XAFN-119,QFXPVS,QFX-PVS,8495260682287,Category D,QFX-PVS,Class 8,TYPE-D,,Agent A1,Payment B,2025-12-20,Category A,CCY-3,Y,77.0,35.03,29.75,11.15,9.47,1.92,1.63,134.93,114.59,,QFX,114.59,4833,6NYNG5,Basis-001/BG,2.2,0.85,0.27,0.05,3.27
XA,2025-12-19,INT,FN-101,XAFN-119,JYNKHV,JYN-KHV,0347112027302,Category C,JYN-KHV,Class 1,TYPE-C,,Agent C2,Payment C,2025-12-24,Category C,CCY-3,Y,113.71,68.38,55.89,6.8,5.56,5.54,4.53,208.77,170.63,,JYN,170.63,1341,VF8QFB,Basis-001/BG,3.25,1.6,0.16,0.13,4.88
XA,2025-12-20,DOM,FN-132,XAFN-105,JKSPVS,JKS-PVS,1139977387927,,JKS-PVS,Class 9,TYPE-D,,Agent B2,Payment C,2025-12-23,Category B,CCY-2,Y,211.74,34.29,35.34,15.83,16.31,2.29,2.36,253.29,261.03,,JKS,261.03,3407,ATKE13,Basis-002/BG,6.05,1.01,0.47,0.07,7.46
XA,2025-12-15,INT,FN-118,XAFN-119,FUGMBT,FUG-MBT,0620681484991,,FUG-MBT,Class 5,TYPE-B,,Agent A1,Payment A,2025-12-24,Category A,CCY-3,Y,96.62,20.0,19.01,16.28,15.48,4.05,3.85,133.86,127.26,,FUG,127.26,1907,AAJ7HE,Basis-002,2.76,0.54,0.44,0.11,3.64
XA,2025-12-31,DOM,FN-394,XAFN-508,TDXPVS,TDX-PVS,6330507495044,Category C,TDX-PVS,Class 9,TYPE-B,,Agent B2,Payment A,2025-12-23,Category B,CCY-1,Y,184.03,8.23,6.83,8.79,7.3,8.37,6.95,230.32,191.21,,TDX,191.21,1363,ZK8J72,Basis-002/BG,5.26,0.2,0.21,0.2,5.46
XA,2025-12-02,DOM,FN-395,XAFN-395,NABDRW,NAB-DRW,5163238137057,Category D,NAB-DRW,Class 4,TYPE-A,,Agent A1,Payment A,2025-12-01,Category D,CCY-4,Y,180.91,46.82,42.57,7.26,6.6,8.05,7.32,245.01,222.76,,NAB,222.76,1635,O0VELM,Basis-003,5.17,1.22,0.19,0.21,6.36
XA,2025-12-03,DOM,FN-105,XAFN-133,UMKJKS,UMK-JKS,4466847132901,,UMK-JKS,Class 2,TYPE-B,,Agent C1,Payment C,2025-11-07,Category C,CCY-4,N,83.14,37.96,37.85,3.91,3.9,0.97,0.97,124.26,123.92,,UMK,123.92,1189,4TS63B,Basis-002,2.38,1.08,0.11,0.03,3.54
XA,2025-12-26,INT,FN-508,XAFN-133,KEEGNP,KEE-GNP,8289014081235,,KEE-GNP,Class 4,TYPE-B,,Agent A1,Payment B,2025-12-02,Category D,CCY-3,N,11.39,13.35,12.48,15.05,14.07,0.15,0.14,40.42,37.8,,KEE,37.8,601,FDUGTW,Basis-003,0.33,0.36,0.4,0.0,1.08
XA,2025-12-28,INT,FN-508,XAFN-119,UBRHGV,UBR-HGV,8347705104730,,UBR-HGV,Class 9,TYPE-B,,Agent C1,Payment A,2025-12-31,Category A,CCY-4,Y,160.29,26.15,26.62,16.65,16.95,7.54,7.68,192.69,196.18,,UBR,196.18,1131,ZZ4GW4,Basis-002,4.58,0.76,0.48,0.22,5.61
XA,2025-12-21,DOM,FN-508,XAFN-118,KEEQFX,KEE-QFX,2596349001976,Category C,KEE-QFX,Class 5,TYPE-B,,Agent B1,Payment B,2025-11-01,Category A,CCY-3,N,200.99,55.02,54.24,3.08,3.04,3.9,3.84,258.1,254.43,,KEE,254.43,1051,WDDWHP,Basis-002/BG,5.74,1.55,0.09,0.11,7.27
XA,2025-12-22,INT,FN-133,XAFN-395,FUGHGV,FUG-HGV,4648209872848,,FUG-HGV,Class 1,TYPE-A,,Agent C1,Payment B,2025-12-07,Category D,CCY-4,Y,147.24,6.82,5.75,10.5,8.85,6.14,5.17,185.96,156.67,,FUG,156.67,2054,2JJLP4,Basis-002,4.21,0.16,0.25,0.15,4.48
XA,2025-12-14,INT,FN-119,XAFN-133,KLCHGV,KLC-HGV,2091604941723,,KLC-HGV,Class 3,TYPE-A,,Agent A1,Payment B,2025-11-04,Category D,CCY-1,N,130.11,35.42,39.4,9.2,10.23,4.63,5.15,156.98,174.59,,KLC,174.59,4517,7IPDTN,Basis-003,3.72,1.13,0.29,0.15,4.99
XA,2025-12-21,DOM,FN-101,XAFN-118,UBRJKS,UBR-JKS,7057126565641,,UBR-JKS,Class 9,TYPE-C,,Agent B2,Payment B,2025-11-27,Category D,CCY-3,Y,199.87,34.69,40.55,17.77,20.77,6.21,7.26,217.21,253.93,,UBR,253.93,2945,Q2ECEB,Basis-002/BG,5.71,1.16,0.59,0.21,7.26
XA,2025-12-07,DOM,FN-132,XAFN-508,FUGUMK,FUG-UMK,6792625525761,Category D,FUG-UMK,Class 1,TYPE-A,,Agent C2,Payment C,2025-12-29,Category B,CCY-3,Y,124.78,14.34,15.88,10.14,11.23,3.53,3.91,133.65,147.98,,FUG,147.98,3044,5VWXT4,Basis-002/BG,3.57,0.45,0.32,0.11,4.23
XA,2025-12-07,DOM,FN-118,XAFN-117,UMKDRW,UMK-DRW,2997853210133,Category C,UMK-DRW,Class 9,TYPE-A,,Agent C1,Payment A,2025-11-18,Category A,CCY-2,Y,85.82,46.32,52.23,7.61,8.58,2.86,3.23,127.17,143.4,,UMK,143.4,2225,R3PT47,Basis-003,2.45,1.49,0.25,0.09,4.1
XA,2025-12-05,DOM,FN-132,XAFN-394,FUGQFX,FUG-QFX,8709095902799,,FUG-QFX,Class 1,TYPE-C,,Agent B2,Payment A,2025-11-26,Category A,CCY-3,Y,104.75,20.95,22.93,12.42,13.59,2.07,2.27,127.02,139.0,,FUG,139.0,4429,11PJ1G,Basis-001/BG,2.99,0.66,0.39,0.06,3.97
XA,2025-12-15,INT,FN-394,XAFN-105,TDXTPX,TDX-TPX,7752969426915,Category D,TDX-TPX,Class 2,TYPE-D,,Agent C1,Payment C,2025-12-17,Category A,CCY-4,N,137.38,21.32,20.37,19.18,18.33,5.03,4.81,179.24,171.27,,TDX,171.27,988,YJ321R,Basis-002,3.93,0.58,0.52,0.14,4.89
XA,2025-12-14,DOM,FN-117,XAFN-118,KLCUMK,KLC-UMK,4818886789501,Category C,KLC-UMK,Class 8,TYPE-A,,Agent C1,Payment A,2025-12-04,Category D,CCY-3,Y,81.51,37.4,30.53,16.24,13.26,4.65,3.8,148.83,121.5,,KLC,121.5,3790,74C5AI,Basis-003,2.33,0.87,0.38,0.11,3.47
XA,2025-12-10,INT,FN-133,XAFN-117,YMLKHV,YML-KHV,4786357236273,Category C,YML-KHV,Class 3,TYPE-A,,Agent C1,Payment C,2025-12-07,Category A,CCY-1,Y,19.49,40.25,37.2,5.11,4.72,0.98,0.91,65.46,60.5,,YML,60.5,2705,LKOS2I,Basis-001/BG,0.56,1.06,0.13,0.03,1.73
XA,2025-12-14,DOM,FN-105,XAFN-394,PVSKEE,PVS-KEE,7307909919984,,PVS-KEE,Class 6,TYPE-D,,Agent B2,Payment A,2025-11-30,Category A,CCY-3,N,215.82,16.3,15.56,14.1,13.46,10.83,10.34,245.6,234.5,,PVS,234.5,1167,DBZM0F,Basis-002/BG,6.17,0.44,0.38,0.3,6.7
XA,2025-12-15,INT,FN-508,XAFN-132,KSNLNR,KSN-LNR,5000444156630,Category D,KSN-LNR,Class 1,TYPE-D,,Agent A2,Payment B,2025-11-24,Category D,CCY-1,Y,238.47,52.97,42.92,13.9,11.26,2.1,1.7,359.05,290.95,,KSN,290.95,1735,AELU3U,Basis-003,6.81,1.23,0.32,0.05,8.31
XA,2025-12-16,DOM,FN-133,XAFN-101,JKSYML,JKS-YML,7203248932377,Category D,JKS-YML,Class 8,TYPE-D,,Agent B2,Payment B,2025-12-10,Category C,CCY-1,N,131.5,23.97,21.35,19.49,17.36,0.86,0.77,190.23,169.44,,JKS,169.44,3378,5L3J8K,Basis-002,3.76,0.61,0.5,0.02,4.84
XA,2025-12-16,DOM,FN-118,XAFN-133,DRWNAB,DRW-NAB,5857856451924,Category C,DRW-NAB,Class 9,TYPE-D,,Agent C1,Payment A,2025-11-17,Category D,CCY-1,Y,94.04,14.79,14.44,13.65,13.33,4.27,4.17,120.47,117.64,,DRW,117.64,4783,8DMGS9,Basis-001/BG,2.69,0.41,0.38,0.12,3.36
XA,2025-12-09,INT,FN-105,XAFN-118,FUGLNR,FUG-LNR,4877747639710,Category C,FUG-LNR,Class 9,TYPE-A,,Agent C1,Payment C,2025-11-29,Category B,CCY-4,N,86.31,16.45,15.75,2.9,2.78,2.16,2.07,107.35,102.77,,FUG,102.77,4185,5885YS,Basis-003,2.47,0.45,0.08,0.06,2.94
XA,2025-12-23,INT,FN-101,XAFN-132,JYNKUV,JYN-KUV,7846221634651,,JYN-KUV,Class 5,TYPE-C,,Agent A1,Payment B,2025-11-15,Category A,CCY-2,Y,111.37,30.85,28.76,12.04,11.22,5.69,5.3,156.67,146.05,,JYN,146.05,721,KC4ZEW,Basis-002/BG,3.18,0.82,0.32,0.15,4.17
XA,2025-12-21,DOM,FN-118,XAFN-133,UMKPVS,UMK-PVS,6017059396701,Category D,UMK-PVS,Class 7,TYPE-C,,Agent C2,Payment A,2025-11-12,Category D,CCY-4,N,226.1,44.95,37.9,10.73,9.05,4.22,3.56,319.6,269.49,,UMK,269.49,837,0JN6MY,Basis-003,6.46,1.08,0.26,0.1,7.7
XA,2025-12-07,INT,FN-132,XAFN-105,PVSHGV,PVS-HGV,6832022711318,,PVS-HGV,Class 9,TYPE-A,,Agent A2,Payment A,2025-12-18,Category C,CCY-4,Y,134.14,31.71,37.65,13.78,16.36,5.46,6.48,153.02,181.67,,PVS,181.67,461,Z9J9L4,Basis-002,3.83,1.08,0.47,0.19,5.19
XA,2025-12-18,INT,FN-117,XAFN-119,NABHGV,NAB-HGV,9132183669498,Category C,NAB-HGV,Class 4,TYPE-C,,Agent C1,Payment C,2025-12-12,Category A,CCY-3,N,160.11,25.9,22.96,5.68,5.04,6.2,5.5,205.96,182.61,,NAB,182.61,3395,V3RE9Q,Basis-002,4.57,0.66,0.14,0.16,5.22
XA,2025-12-07,INT,FN-394,XAFN-101,KLCRZP,KLC-RZP,2446984598909,,KLC-RZP,Class 7,TYPE-D,,Agent B2,Payment A,2025-12-07,Category C,CCY-2,N,34.38,34.47,39.99,11.11,12.89,0.71,0.82,74.5,86.44,,KLC,86.44,4496,HBP7PO,Basis-002,0.98,1.14,0.37,0.02,2.47
XA,2025-12-08,INT,FN-105,XAFN-117,KSNMBT,KSN-MBT,8420927493909,,KSN-MBT,Class 5,TYPE-A,,Agent A2,Payment A,2025-11-03,Category B,CCY-3,Y,196.19,23.72,28.07,14.39,17.03,3.22,3.81,200.65,237.48,,KSN,237.48,2995,X9XSCN,Basis-002,5.61,0.8,0.49,0.11,6.79
XA,2025-12-08,DOM,FN-394,XAFN-101,JKSQFX,JKS-QFX,0877751900322,,JKS-QFX,Class 2,TYPE-A,,Agent B2,Payment A,2025-11-19,Category D,CCY-4,N,111.27,51.19,44.33,11.33,9.81,4.3,3.72,186.69,161.69,,JKS,161.69,2164,FQJTP9,Basis-001/BG,3.18,1.27,0.28,0.11,4.62
XA,2025-12-30,DOM,FN-132,XAFN-118,KLCKEE,KLC-KEE,3767305858219,,KLC-KEE,Class 4,TYPE-C,,Agent B1,Payment C,2025-12-10,Category D,CCY-2,Y,101.33,43.56,38.89,13.5,12.05,1.24,1.11,169.31,151.16,,KLC,151.16,1335,JDEXCM,Basis-002,2.9,1.11,0.34,0.03,4.32
XA,2025-12-09,DOM,FN-105,XAFN-117,PVSTDX,PVS-TDX,5706707792445,Category D,PVS-TDX,Class 3,TYPE-D,,Agent B1,Payment C,2025-12-09,Category D,CCY-2,Y,178.56,30.69,31.22,9.64,9.81,0.19,0.19,215.65,219.4,,PVS,219.4,1044,ID3YOS,Basis-002/BG,5.1,0.89,0.28,0.01,6.27
XA,2025-12-10,DOM,FN-132,XAFN-508,FUGNAB,FUG-NAB,6394684583109,,FUG-NAB,Class 1,TYPE-B,,Agent B1,Payment C,2025-12-14,Category C,CCY-2,N,341.07,50.02,47.76,14.25,13.61,5.33,5.09,416.12,397.35,,FUG,397.35,1307,NYZRBG,Basis-001,9.74,1.36,0.39,0.15,11.35
XA,2025-12-18,DOM,FN-394,XAFN-117,DRWQFX,DRW-QFX,8807366497069,Category D,DRW-QFX,Class 3,TYPE-A,,Agent C2,Payment C,2025-12-14,Category A,CCY-1,N,158.94,51.9,45.11,14.48,12.59,6.82,5.93,242.42,210.71,,DRW,210.71,2388,HXZMFU,Basis-001,4.54,1.29,0.36,0.17,6.02
XA,2025-12-01,DOM,FN-101,XAFN-395,FUGUBR,FUG-UBR,2220532208939,Category D,FUG-UBR,Class 2,TYPE-D,,Agent A1,Payment C,2025-12-07,Category A,CCY-4,N,152.1,31.13,25.45,11.74,9.6,0.05,0.04,228.84,187.11,,FUG,187.11,3678,N4E45K,Basis-003,4.35,0.73,0.27,0.0,5.35
XA,2025-12-04,DOM,FN-105,XAFN-394,QFXKLC,QFX-KLC,3906650688857,,QFX-KLC,Class 8,TYPE-A,,Agent A2,Payment B,2025-12-31,Category B,CCY-3,Y,103.63,31.72,33.16,7.23,7.56,4.45,4.65,133.62,139.7,,QFX,139.7,3679,A3MFK5,Basis-001,2.96,0.95,0.22,0.13,3.99
XA,2025-12-30,INT,FN-132,XAFN-117,UBRVQR,UBR-VQR,4169456468667,,UBR-VQR,Class 3,TYPE-C,,Agent B2,Payment C,2025-12-25,Category A,CCY-4,N,277.41,25.66,30.29,3.44,4.06,9.22,10.88,254.88,300.88,,UBR,300.88,1558,ZKA744,Basis-001,7.93,0.87,0.12,0.31,8.6
XA,2025-12-24,DOM,FN-105,XAFN-101,KLCJYN,KLC-JYN,7382322583376,Category C,KLC-JYN,Class 5,TYPE-B,,Agent A2,Payment C,2025-11-16,Category C,CCY-2,N,146.01,15.75,14.31,13.62,12.37,3.6,3.27,186.49,169.42,,KLC,169.42,563,EJQOQ9,Basis-002/BG,4.17,0.41,0.35,0.09,4.84
XA,2025-12-03,DOM,FN-105,XAFN-395,KEEPVS,KEE-PVS,6247939334891,Category D,KEE-PVS,Class 1,TYPE-A,,Agent A2,Payment B,2025-12-08,Category D,CCY-1,Y,173.28,47.17,44.37,6.43,6.05,0.17,0.16,237.66,223.54,,KEE,223.54,906,88MMSX,Basis-003,4.95,1.27,0.17,0.0,6.39
XA,2025-12-07,INT,FN-105,XAFN-395,JKSHGV,JKS-HGV,3823708444685,,JKS-HGV,Class 6,TYPE-A,,Agent C2,Payment A,2025-12-11,Category A,CCY-4,Y,152.72,8.08,9.52,11.46,13.51,2.13,2.51,146.97,173.24,,JKS,173.24,4349,N9Y4TL,Basis-003,4.36,0.27,0.39,0.07,4.95
XA,2025-12-28,DOM,FN-394,XAFN-119,KSNDRW,KSN-DRW,3701065360549,,KSN-DRW,Class 5,TYPE-A,,Agent A2,Payment B,2025-12-07,Category B,CCY-3,Y,191.51,45.31,37.44,12.11,10.01,5.25,4.34,283.94,234.62,,KSN,234.62,511,T5FXQP,Basis-003,5.47,1.07,0.29,0.12,6.7
XA,2025-12-27,DOM,FN-133,XAFN-101,DRWPVS,DRW-PVS,9566118289210,,DRW-PVS,Class 1,TYPE-C,,Agent C1,Payment B,2025-11-20,Category B,CCY-3,N,183.18,55.54,54.07,8.8,8.57,1.09,1.06,251.43,244.76,,DRW,244.76,4804,3ARIHN,Basis-001,5.23,1.54,0.24,0.03,6.99
XA,2025-12-22,INT,FN-133,XAFN-105,TDXSZV,TDX-SZV,7568634549642,Category C,TDX-SZV,Class 3,TYPE-A,,Agent B2,Payment C,2025-12-28,Category B,CCY-4,N,161.09,16.36,13.71,6.76,5.66,9.5,7.96,205.9,172.5,,TDX,172.5,3010,TIA2MC,Basis-003,4.6,0.39,0.16,0.23,4.93
XA,2025-12-24,INT,FN-101,XAFN-395,JKSTPX,JKS-TPX,8534883192727,,JKS-TPX,Class 4,TYPE-B,,Agent B1,Payment A,2025-12-02,Category B,CCY-3,Y,157.83,44.48,46.56,8.33,8.72,5.62,5.88,197.96,207.23,,JKS,207.23,4311,CUNR6R,Basis-001,4.51,1.33,0.25,0.17,5.92
XA,2025-12-16,DOM,FN-119,XAFN-133,KEEYML,KEE-YML,1745741791848,,KEE-YML,Class 5,TYPE-A,,Agent A1,Payment A,2025-12-19,Category A,CCY-1,Y,131.13,20.16,23.9,6.18,7.33,0.96,1.14,135.97,161.22,,KEE,161.22,2065,I4YGE3,Basis-003,3.75,0.68,0.21,0.03,4.61
XA,2025-12-27,DOM,FN-508,XAFN-117,QFXKEE,QFX-KEE,1581927724437,,QFX-KEE,Class 2,TYPE-C,,Agent B1,Payment B,2025-11-05,Category C,CCY-1,N,173.6,6.51,7.54,14.15,16.4,5.44,6.31,165.01,191.23,,QFX,191.23,4794,UD6W0H,Basis-002/BG,4.96,0.22,0.47,0.18,5.46
XA,2025-12-21,INT,FN-508,XAFN-105,TDXDPQ,TDX-DPQ,4871929083382,,TDX-DPQ,Class 8,TYPE-C,,Agent B2,Payment A,2025-12-07,Category D,CCY-3,N,96.77,49.93,40.83,4.46,3.65,2.89,2.36,169.83,138.89,,TDX,138.89,4651,5EOYUN,Basis-003,2.76,1.17,0.1,0.07,3.97
XA,2025-12-17,DOM,FN-133,XAFN-133,PVSUBR,PVS-UBR,5748659775977,,PVS-UBR,Class 8,TYPE-D,,Agent A2,Payment C,2025-12-13,Category A,CCY-4,Y,203.51,37.46,40.08,11.14,11.92,6.41,6.86,232.38,248.65,,PVS,248.65,3987,L0OEXI,Basis-002/BG,5.81,1.15,0.34,0.2,7.1
XA,2025-12-03,DOM,FN-117,XAFN-133,UBRYML,UBR-YML,7886570738546,,UBR-YML,Class 4,TYPE-C,,Agent A2,Payment A,2025-11-30,Category B,CCY-3,Y,70.45,36.95,33.74,4.47,4.08,1.81,1.65,116.78,106.62,,UBR,106.62,746,IAL2YV,Basis-003,2.01,0.96,0.12,0.05,3.05
XA,2025-12-27,DOM,FN-394,XAFN-133,KSNPVS,KSN-PVS,9308883707991,,KSN-PVS,Class 3,TYPE-D,,Agent A2,Payment A,2025-12-14,Category A,CCY-3,N,129.78,41.28,45.44,12.7,13.98,1.97,2.17,169.91,187.03,,KSN,187.03,2510,ILWUR6,Basis-002/BG,3.71,1.3,0.4,0.06,5.34
XA,2025-12-15,DOM,FN-117,XAFN-118,NABUMK,NAB-UMK,9859634365094,,NAB-UMK,Class 5,TYPE-D,,Agent A2,Payment C,2025-12-15,Category D,CCY-4,N,151.21,18.21,15.38,15.66,13.23,4.37,3.69,208.51,176.13,,NAB,176.13,1662,JSNURD,Basis-001/BG,4.32,0.44,0.38,0.11,5.03
XA,2025-12-22,DOM,FN-508,XAFN-105,UBRFUG,UBR-FUG,8717104599920,,UBR-FUG,Class 6,TYPE-A,,Agent C1,Payment C,2025-12-06,Category A,CCY-4,Y,151.55,5.82,4.8,16.87,13.91,3.89,3.21,202.55,167.05,,UBR,167.05,1612,CDTXBB,Basis-002,4.33,0.14,0.4,0.09,4.77
XA,2025-12-16,INT,FN-118,XAFN-105,FUGSZV,FUG-SZV,4655451233559,,FUG-SZV,Class 2,TYPE-D,,Agent B1,Payment C,2025-12-10,Category A,CCY-4,N,148.06,57.47,48.04,5.41,4.52,2.11,1.76,237.88,198.86,,FUG,198.86,3564,OAHHSZ,Basis-003,4.23,1.37,0.13,0.05,5.68
XA,2025-12-11,INT,FN-117,XAFN-132,JKSZYR,JKS-ZYR,0191653647066,,JKS-ZYR,Class 1,TYPE-D,,Agent B2,Payment C,2025-12-11,Category A,CCY-4,Y,104.14,37.79,34.19,12.67,11.46,5.39,4.88,160.16,144.91,,JKS,144.91,2368,C2F8J7,Basis-002,2.98,0.98,0.33,0.14,4.14
XA,2025-12-22,DOM,FN-118,XAFN-119,NABJKS,NAB-JKS,5184063929465,,NAB-JKS,Class 4,TYPE-B,,Agent A2,Payment B,2025-11-06,Category A,CCY-3,Y,14.75,14.9,15.32,23.13,23.78,0.66,0.68,51.71,53.17,,NAB,53.17,2651,WU5P86,Basis-002,0.42,0.44,0.68,0.02,1.52
XA,2025-12-19,DOM,FN-117,XAFN-101,UMKQFX,UMK-QFX,5091633923625,Category C,UMK-QFX,Class 8,TYPE-B,,Agent C1,Payment B,2025-11-24,Category D,CCY-1,Y,125.55,39.99,40.96,6.59,6.75,4.49,4.6,164.65,168.66,,UMK,168.66,1110,95VZ90,Basis-001/BG,3.59,1.17,0.19,0.13,4.82
XA,2025-12-04,DOM,FN-395,XAFN-119,KEEUBR,KEE-UBR,9245167917761,,KEE-UBR,Class 7,TYPE-A,,Agent B2,Payment C,2025-12-22,Category A,CCY-2,Y,17.22,24.88,27.45,7.86,8.67,0.68,0.75,47.67,52.59,,KEE,52.59,4069,F85I8Z,Basis-003,0.49,0.78,0.25,0.02,1.5
XA,2025-12-08,DOM,FN-132,XAFN-133,YMLPVS,YML-PVS,2872450409414,,YML-PVS,Class 4,TYPE-D,,Agent A1,Payment B,2025-12-06,Category B,CCY-3,Y,118.01,24.33,28.28,9.74,11.32,1.05,1.22,134.55,156.39,,YML,156.39,835,TEKT3D,Basis-001/BG,3.37,0.81,0.32,0.03,4.47
XA,2025-12-21,INT,FN-118,XAFN-394,KSNSUQ,KSN-SUQ,3223224263783,,KSN-SUQ,Class 8,TYPE-A,,Agent A2,Payment B,2025-11-17,Category A,CCY-1,N,137.99,11.35,11.04,12.78,12.43,1.5,1.46,164.52,160.0,,KSN,160.0,3004,9727TR,Basis-003,3.94,0.32,0.36,0.04,4.57
XA,2025-12-10,DOM,FN-119,XAFN-118,QFXUBR,QFX-UBR,4105794065253,Category C,QFX-UBR,Class 8,TYPE-B,,Agent C2,Payment A,2025-11-18,Category C,CCY-3,N,5.95,0.78,0.76,14.02,13.7,0.21,0.21,20.67,20.2,,QFX,20.2,4604,1JNUVL,Basis-001,0.17,0.02,0.39,0.01,0.58
XA,2025-12-04,INT,FN-132,XAFN-394,JYNRZP,JYN-RZP,0662501622043,,JYN-RZP,Class 5,TYPE-D,,Agent A1,Payment B,2025-12-10,Category C,CCY-4,N,190.56,28.64,29.14,2.97,3.02,1.28,1.3,217.61,221.42,,JYN,221.42,1551,KJ8PM7,Basis-001/BG,5.44,0.83,0.09,0.04,6.33
XA,2025-12-18,DOM,FN-101,XAFN-395,JKSKLC,JKS-KLC,2078098822092,Category D,JKS-KLC,Class 7,TYPE-B,,Agent C2,Payment A,2025-11-01,Category C,CCY-2,Y,93.37,22.78,26.06,1.77,2.02,2.97,3.4,103.19,118.05,,JKS,118.05,1801,WYRCBF,Basis-003,2.67,0.74,0.06,0.1,3.37
XA,2025-12-26,DOM,FN-117,XAFN-117,TDXUBR,TDX-UBR,7982579988359,Category D,TDX-UBR,Class 1,TYPE-B,,Agent A2,Payment B,2025-12-21,Category A,CCY-2,Y,90.88,49.17,39.78,21.18,17.14,1.77,1.43,180.9,146.37,,TDX,146.37,1659,4KT4QX,Basis-001,2.6,1.14,0.49,0.04,4.18
XA,2025-12-02,DOM,FN-133,XAFN-395,JYNKLC,JYN-KLC,5246088895920,Category D,JYN-KLC,Class 9,TYPE-A,,Agent B1,Payment A,2025-12-20,Category B,CCY-1,Y,116.45,37.09,41.35,0.39,0.43,2.57,2.86,139.37,155.37,,JYN,155.37,4379,ONB8VZ,Basis-002,3.33,1.18,0.01,0.08,4.44
XA,2025-12-02,INT,FN-119,XAFN-133,FUGLNR,FUG-LNR,4873725901259,,FUG-LNR,Class 8,TYPE-C,,Agent C1,Payment C,2025-11-14,Category C,CCY-1,Y,202.76,17.37,17.94,11.17,11.54,3.66,3.78,221.14,228.46,,FUG,228.46,1308,97YTXW,Basis-001,5.79,0.51,0.33,0.11,6.53
XA,2025-12-20,INT,FN-132,XAFN-394,QFXKUV,QFX-KUV,1947700719103,Category D,QFX-KUV,Class 3,TYPE-B,,Agent A2,Payment B,2025-12-23,Category B,CCY-3,N,130.18,42.6,49.81,4.82,5.63,3.75,4.38,155.01,181.24,,QFX,181.24,1416,E7GJ81,Basis-001,3.72,1.42,0.16,0.13,5.18
XA,2025-12-04,INT,FN-118,XAFN-119,JKSKHV,JKS-KHV,8706115421188,Category D,JKS-KHV,Class 9,TYPE-C,,Agent C1,Payment C,2025-12-28,Category A,CCY-4,Y,200.21,22.9,25.81,8.17,9.21,3.73,4.21,204.95,231.02,,JKS,231.02,3365,LUEHOO,Basis-002,5.72,0.74,0.26,0.12,6.6
XA,2025-12-01,DOM,FN-101,XAFN-105,QFXYML,QFX-YML,9801106382244,Category C,QFX-YML,Class 2,TYPE-B,,Agent B2,Payment B,2025-12-20,Category C,CCY-2,N,135.29,14.92,17.31,8.56,9.93,4.6,5.34,135.45,157.19,,QFX,157.19,857,XVXEUS,Basis-002,3.87,0.49,0.28,0.15,4.49
XA,2025-12-19,INT,FN-395,XAFN-101,FUGHGV,FUG-HGV,3459489304940,,FUG-HGV,Class 2,TYPE-A,,Agent A1,Payment A,2025-11-27,Category C,CCY-3,N,144.99,37.55,33.62,11.64,10.42,2.31,2.07,208.81,186.96,,FUG,186.96,4631,DTH79G,Basis-002/BG,4.14,0.96,0.3,0.06,5.34
XA,2025-12-25,INT,FN-119,XAFN-101,TDXDPQ,TDX-DPQ,7505999064081,,TDX-DPQ,Class 3,TYPE-D,,Agent B2,Payment A,2025-11-04,Category A,CCY-4,N,213.84,47.91,43.85,5.19,4.75,9.34,8.55,277.41,253.89,,TDX,253.89,3278,NA2LF4,Basis-003,6.11,1.25,0.14,0.24,7.25
XA,2025-12-12,INT,FN-395,XAFN-119,JKSVQR,JKS-VQR,9318566549347,,JKS-VQR,Class 8,TYPE-B,,Agent B2,Payment C,2025-12-06,Category A,CCY-3,Y,219.5,12.96,12.2,13.74,12.94,6.75,6.36,253.07,238.28,,JKS,238.28,4041,W2059Z,Basis-001/BG,6.27,0.35,0.37,0.18,6.81
XA,2025-12-16,DOM,FN-395,XAFN-105,KEEFUG,KEE-FUG,7623255881191,Category C,KEE-FUG,Class 8,TYPE-D,,Agent B2,Payment B,2025-11-07,Category C,CCY-1,Y,199.58,1.5,1.33,11.79,10.46,7.07,6.27,231.18,205.1,,KEE,205.1,4668,B94LJQ,Basis-001,5.7,0.04,0.3,0.18,5.86
XA,2025-12-11,DOM,FN-394,XAFN-105,QFXNAB,QFX-NAB,2544584795196,,QFX-NAB,Class 3,TYPE-C,,Agent C1,Payment C,2025-11-02,Category A,CCY-3,N,112.52,16.15,18.62,14.53,16.75,2.97,3.42,125.33,144.47,,QFX,144.47,429,YVAKXL,Basis-003,3.21,0.53,0.48,0.1,4.13
XA,2025-12-08,INT,FN-395,XAFN-508,KSNKUV,KSN-KUV,7390766675244,Category C,KSN-KUV,Class 6,TYPE-A,,Agent A2,Payment A,2025-12-24,Category C,CCY-2,N,97.71,18.48,17.9,10.72,10.38,4.18,4.05,125.92,121.94,,KSN,121.94,4245,A7MUDE,Basis-002,2.79,0.51,0.3,0.12,3.48
XA,2025-12-22,DOM,FN-508,XAFN-133,KLCJYN,KLC-JYN,8019227166239,Category C,KLC-JYN,Class 8,TYPE-C,,Agent A2,Payment B,2025-11-01,Category A,CCY-2,N,204.85,29.95,27.88,17.0,15.83,4.79,4.46,262.21,244.1,,KLC,244.1,3865,GOMC6E,Basis-002/BG,5.85,0.8,0.45,0.13,6.97
XA,2025-12-29,DOM,FN-101,XAFN-105,YMLJKS,YML-JKS,8233200253046,,YML-JKS,Class 5,TYPE-C,,Agent A1,Payment B,2025-11-07,Category C,CCY-2,Y,192.48,2.29,2.67,6.29,7.35,6.8,7.94,166.55,194.56,,YML,194.56,2104,ECOZH4,Basis-001/BG,5.5,0.08,0.21,0.23,5.56
XA,2025-12-08,INT,FN-119,XAFN-133,JKSVQR,JKS-VQR,4921529645871,,JKS-VQR,Class 2,TYPE-D,,Agent A2,Payment C,2025-12-10,Category B,CCY-3,Y,105.05,31.7,37.19,2.66,3.12,2.43,2.85,121.46,142.51,,JKS,142.51,1899,9FP9ZS,Basis-002/BG,3.0,1.06,0.09,0.08,4.07
XA,2025-12-29,DOM,FN-132,XAFN-132,FUGUMK,FUG-UMK,7412512188334,,FUG-UMK,Class 3,TYPE-A,,Agent B2,Payment C,2025-12-16,Category A,CCY-1,N,353.92,33.62,37.97,9.51,10.74,13.03,14.72,343.45,387.91,,FUG,387.91,2380,9ZW560,Basis-003,10.11,1.08,0.31,0.42,11.08
XA,2025-12-16,INT,FN-105,XAFN-117,KSNRZP,KSN-RZP,0345741756592,Category C,KSN-RZP,Class 4,TYPE-A,,Agent A1,Payment A,2025-11-12,Category C,CCY-4,Y,244.53,77.44,65.15,17.06,14.35,6.56,5.52,378.59,318.51,,KSN,318.51,1257,I8D9L9,Basis-001/BG,6.99,1.86,0.41,0.16,9.1
XA,2025-12-11,INT,FN-117,XAFN-508,FUGDPQ,FUG-DPQ,2709930676420,,FUG-DPQ,Class 8,TYPE-A,,Agent B2,Payment C,2025-12-26,Category B,CCY-2,Y,225.91,38.67,31.96,11.24,9.29,12.55,10.37,310.72,256.79,,FUG,256.79,528,CWE81O,Basis-001,6.45,0.91,0.27,0.3,7.34
XA,2025-12-29,INT,FN-133,XAFN-395,KSNKUV,KSN-KUV,6510389537227,Category C,KSN-KUV,Class 1,TYPE-B,,Agent C2,Payment C,2025-11-01,Category B,CCY-3,N,111.94,15.57,17.61,5.8,6.56,2.9,3.28,117.42,132.83,,KSN,132.83,1956,GJT5A1,Basis-002/BG,3.2,0.5,0.19,0.09,3.8
XA,2025-12-12,INT,FN-508,XAFN-117,JKSHGV,JKS-HGV,8914631245347,Category D,JKS-HGV,Class 8,TYPE-A,,Agent A1,Payment B,2025-11-03,Category C,CCY-4,N,41.96,32.6,28.86,1.78,1.58,0.75,0.66,81.03,71.74,,JKS,71.74,4657,YEFFXJ,Basis-002,1.2,0.82,0.05,0.02,2.05
XA,2025-12-13,INT,FN-508,XAFN-118,QFXHGV,QFX-HGV,4514215729914,Category C,QFX-HGV,Class 5,TYPE-D,,Agent C2,Payment A,2025-12-01,Category A,CCY-3,Y,165.27,26.44,29.46,9.63,10.73,3.9,4.34,180.53,201.12,,QFX,201.12,1862,2DITP2,Basis-002/BG,4.72,0.84,0.31,0.12,5.75
XA,2025-12-30,DOM,FN-117,XAFN-132,KLCKSN,KLC-KSN,9137206773097,,KLC-KSN,Class 4,TYPE-B,,Agent C1,Payment C,2025-12-17,Category B,CCY-3,N,108.23,80.43,76.15,17.74,16.8,1.85,1.75,210.64,199.43,,KLC,199.43,3479,UFZM8H,Basis-001,3.09,2.18,0.48,0.05,5.7
XA,2025-12-27,DOM,FN-105,XAFN-395,KLCNAB,KLC-NAB,3507398485505,,KLC-NAB,Class 4,TYPE-D,,Agent C1,Payment A,2025-11-23,Category A,CCY-2,Y,50.44,31.19,33.49,6.48,6.96,1.21,1.3,83.45,89.59,,KLC,89.59,2371,OQSO9O,Basis-001,1.44,0.96,0.2,0.04,2.56
XA,2025-12-06,INT,FN-118,XAFN-119,PVSDPQ,PVS-DPQ,8144565149975,Category C,PVS-DPQ,Class 7,TYPE-A,,Agent A1,Payment B,2025-11-17,Category D,CCY-2,Y,68.84,8.61,9.9,10.57,12.16,2.02,2.32,77.01,88.58,,PVS,88.58,2199,TLK2DX,Basis-001/BG,1.97,0.28,0.35,0.07,2.53
XA,2025-12-05,DOM,FN-101,XAFN-132,TDXNAB,TDX-NAB,9308989309222,,TDX-NAB,Class 9,TYPE-B,,Agent C2,Payment B,2025-12-27,Category A,CCY-3,N,95.49,50.49,44.52,16.98,14.97,3.03,2.67,172.73,152.31,,TDX,152.31,3695,O2P36Y,Basis-003,2.73,1.27,0.43,0.08,4.35
XA,2025-12-10,DOM,FN-101,XAFN-101,PVSUMK,PVS-UMK,0977354962595,,PVS-UMK,Class 3,TYPE-A,,Agent A2,Payment A,2025-11-14,Category C,CCY-2,N,259.91,17.86,17.21,12.85,12.38,5.1,4.91,295.37,284.59,,PVS,284.59,1747,BFHYH0,Basis-002/BG,7.43,0.49,0.35,0.14,8.13
XA,2025-12-30,INT,FN-133,XAFN-118,TDXVQR,TDX-VQR,4031482211945,,TDX-VQR,Class 8,TYPE-B,,Agent A1,Payment B,2025-11-24,Category C,CCY-1,Y,200.6,21.72,22.89,5.83,6.14,4.05,4.27,213.84,225.36,,TDX,225.36,1533,D37062,Basis-003,5.73,0.65,0.18,0.12,6.44
XA,2025-12-20,INT,FN-118,XAFN-132,UBRRZP,UBR-RZP,0583607228849,Category C,UBR-RZP,Class 6,TYPE-B,,Agent C2,Payment C,2025-12-11,Category D,CCY-1,N,278.76,29.58,33.41,11.67,13.18,1.9,2.15,286.14,323.2,,UBR,323.2,4340,UABWM1,Basis-001/BG,7.96,0.95,0.38,0.06,9.23
XA,2025-12-24,INT,FN-133,XAFN-105,QFXMBT,QFX-MBT,4163707274200,Category D,QFX-MBT,Class 4,TYPE-A,,Agent A2,Payment C,2025-12-10,Category C,CCY-1,Y,84.23,11.0,11.71,6.72,7.15,1.24,1.32,95.64,101.77,,QFX,101.77,3825,U9VP0S,Basis-001,2.41,0.33,0.2,0.04,2.91
XA,2025-12-01,DOM,FN-132,XAFN-118,QFXUMK,QFX-UMK,2487840414714,,QFX-UMK,Class 6,TYPE-D,,Agent B2,Payment C,2025-12-19,Category C,CCY-1,Y,140.08,12.66,14.04,8.97,9.95,5.92,6.57,142.03,157.5,,QFX,157.5,2848,ZOVFV7,Basis-001/BG,4.0,0.4,0.28,0.19,4.5
XA,2025-12-22,INT,FN-101,XAFN-118,NABDPQ,NAB-DPQ,7633099479141,Category D,NAB-DPQ,Class 1,TYPE-B,,Agent C1,Payment B,2025-11-09,Category D,CCY-1,N,14.92,13.08,13.2,13.23,13.35,0.3,0.3,40.79,41.17,,NAB,41.17,4216,3QDM2K,Basis-002/BG,0.43,0.38,0.38,0.01,1.18
XA,2025-12-15,INT,FN-105,XAFN-133,KLCHGV,KLC-HGV,4361116859524,,KLC-HGV,Class 9,TYPE-D,,Agent A1,Payment B,2025-12-04,Category D,CCY-3,N,198.3,27.33,24.12,5.56,4.91,9.29,8.2,248.34,219.13,,KLC,219.13,4219,TLWJ0G,Basis-001,5.67,0.69,0.14,0.23,6.26
XA,2025-12-18,DOM,FN-395,XAFN-119,FUGUBR,FUG-UBR,1491410112017,Category D,FUG-UBR,Class 1,TYPE-D,,Agent B1,Payment C,2025-12-06,Category A,CCY-2,N,67.81,21.76,24.4,11.79,13.22,1.99,2.23,92.02,103.2,,FUG,103.2,4091,UDV35G,Basis-003,1.94,0.7,0.38,0.06,2.95
XA,2025-12-18,DOM,FN-117,XAFN-118,KSNPVS,KSN-PVS,7080709278574,Category C,KSN-PVS,Class 2,TYPE-D,,Agent C2,Payment B,2025-11-11,Category C,CCY-2,N,224.26,20.11,22.55,3.77,4.23,2.58,2.89,221.27,248.15,,KSN,248.15,1661,YYCGWD,Basis-002,6.41,0.64,0.12,0.08,7.09
XA,2025-12-25,INT,FN-117,XAFN-508,DRWTPX,DRW-TPX,7223187086334,Category D,DRW-TPX,Class 7,TYPE-C,,Agent A2,Payment C,2025-11-29,Category C,CCY-2,Y,171.43,22.05,17.65,9.26,7.41,9.87,7.9,235.56,188.59,,DRW,188.59,4696,G6AHS9,Basis-002/BG,4.9,0.5,0.21,0.23,5.39
XA,2025-12-15,DOM,FN-395,XAFN-119,KSNUMK,KSN-UMK,6268494147904,Category D,KSN-UMK,Class 5,TYPE-D,,Agent B1,Payment A,2025-11-23,Category B,CCY-3,N,256.02,36.27,42.41,9.23,10.79,0.02,0.02,264.44,309.2,,KSN,309.2,1565,OW4P61,Basis-001/BG,7.31,1.21,0.31,0.0,8.83
XA,2025-12-22,DOM,FN-117,XAFN-508,NABUMK,NAB-UMK,7806782465530,Category C,NAB-UMK,Class 3,TYPE-B,,Agent A2,Payment A,2025-11-08,Category B,CCY-1,Y,48.25,41.13,33.17,18.98,15.31,2.86,2.31,117.07,94.42,,NAB,94.42,3466,WH8331,Basis-001/BG,1.38,0.95,0.44,0.07,2.7
XA,2025-12-09,DOM,FN-105,XAFN-133,YMLKSN,YML-KSN,0838814899482,Category C,YML-KSN,Class 8,TYPE-B,,Agent C2,Payment A,2025-11-09,Category B,CCY-2,N,119.95,55.63,50.27,18.22,16.46,1.49,1.35,205.1,185.33,,YML,185.33,3681,19EVQB,Basis-001,3.43,1.44,0.47,0.04,5.3
XA,2025-12-25,INT,FN-132,XAFN-117,YMLGNP,YML-GNP,1455447227004,,YML-GNP,Class 2,TYPE-C,,Agent B1,Payment A,2025-12-29,Category B,CCY-2,N,283.1,35.34,34.58,13.23,12.94,9.3,9.1,328.61,321.52,,YML,321.52,3906,HHJ4NB,Basis-001/BG,8.09,0.99,0.37,0.26,9.19
XA,2025-12-29,INT,FN-101,XAFN-133,UBRMBT,UBR-MBT,0830773667585,,UBR-MBT,Class 4,TYPE-D,,Agent A1,Payment C,2025-12-17,Category C,CCY-2,N,263.13,33.35,36.71,6.8,7.49,8.78,9.66,270.44,297.67,,UBR,297.67,2119,ILIH1V,Basis-001,7.52,1.05,0.21,0.28,8.5
XA,2025-12-10,DOM,FN-394,XAFN-133,YMLUMK,YML-UMK,1927812079624,,YML-UMK,Class 5,TYPE-C,,Agent A2,Payment A,2025-11-17,Category B,CCY-1,N,114.12,32.36,33.58,3.42,3.55,1.79,1.86,143.97,149.39,,YML,149.39,2884,P5Z6QB,Basis-002/BG,3.26,0.96,0.1,0.05,4.27
XA,2025-12-13,DOM,FN-394,XAFN-394,FUGUBR,FUG-UBR,4735106744499,,FUG-UBR,Class 8,TYPE-D,,Agent A1,Payment C,2025-11-26,Category D,CCY-3,N,138.54,49.78,46.45,1.03,0.96,4.74,4.42,194.53,181.53,,FUG,181.53,4454,60SI39,Basis-003,3.96,1.33,0.03,0.13,5.19
XA,2025-12-04,DOM,FN-395,XAFN-394,YMLNAB,YML-NAB,1550393038035,Category D,YML-NAB,Class 1,TYPE-B,,Agent A1,Payment A,2025-11-29,Category B,CCY-1,Y,272.76,52.64,46.84,8.65,7.7,8.59,7.64,359.27,319.66,,YML,319.66,1437,7U2B1T,Basis-003,7.79,1.34,0.22,0.22,9.13
XA,2025-12-19,DOM,FN-394,XAFN-119,KLCTDX,KLC-TDX,2292780992839,,KLC-TDX,Class 9,TYPE-B,,Agent C1,Payment A,2025-12-11,Category A,CCY-4,N,193.47,29.29,30.05,15.74,16.15,6.62,6.79,226.97,232.88,,KLC,232.88,1662,B83U66,Basis-001/BG,5.53,0.86,0.46,0.19,6.65
XA,2025-12-15,DOM,FN-133,XAFN-508,UBRDRW,UBR-DRW,8644491185101,Category D,UBR-DRW,Class 2,TYPE-C,,Agent C2,Payment A,2025-11-29,Category B,CCY-3,N,228.61,9.07,9.0,13.05,12.94,6.28,6.23,246.32,244.32,,UBR,244.32,2938,5I090S,Basis-001/BG,6.53,0.26,0.37,0.18,6.98
XA,2025-12-24,INT,FN-394,XAFN-117,UMKMBT,UMK-MBT,7521527231143,Category D,UMK-MBT,Class 3,TYPE-A,,Agent C2,Payment B,2025-11-25,Category B,CCY-2,Y,133.55,36.13,31.24,7.36,6.36,0.13,0.11,197.84,171.04,,UMK,171.04,3623,Q12PQQ,Basis-003,3.82,0.89,0.18,0.0,4.89
XA,2025-12-13,INT,FN-132,XAFN-394,DRWZYR,DRW-ZYR,4096834869871,,DRW-ZYR,Class 6,TYPE-C,,Agent B2,Payment A,2025-12-10,Category B,CCY-2,Y,289.85,49.54,45.6,6.84,6.3,11.06,10.18,360.21,331.57,,DRW,331.57,4275,RG1L1V,Basis-003,8.28,1.3,0.18,0.29,9.47
XA,2025-12-16,DOM,FN-395,XAFN-119,FUGKLC,FUG-KLC,1826374198703,Category C,FUG-KLC,Class 1,TYPE-B,,Agent B1,Payment A,2025-12-17,Category A,CCY-1,Y,43.23,21.24,24.21,10.68,12.17,0.06,0.07,69.78,79.54,,FUG,79.54,2091,WFR5X5,Basis-002,1.24,0.69,0.35,0.0,2.27
XA,2025-12-30,INT,FN-394,XAFN-508,PVSMBT,PVS-MBT,2447717406686,,PVS-MBT,Class 5,TYPE-C,,Agent A2,Payment A,2025-12-14,Category D,CCY-4,Y,169.22,49.92,48.8,14.27,13.95,8.19,8.01,229.12,223.96,,PVS,223.96,1991,RVTFQD,Basis-003,4.83,1.39,0.4,0.23,6.4
XA,2025-12-25,DOM,FN-394,XAFN-508,JKSPVS,JKS-PVS,0912812126358,,JKS-PVS,Class 4,TYPE-C,,Agent B2,Payment B,2025-11-05,Category A,CCY-1,Y,227.57,34.65,34.9,3.03,3.05,6.16,6.2,257.49,259.32,,JKS,259.32,3384,GZ10VG,Basis-002/BG,6.5,1.0,0.09,0.18,7.41
XA,2025-12-06,DOM,FN-395,XAFN-117,KLCUBR,KLC-UBR,8401252004320,,KLC-UBR,Class 9,TYPE-B,,Agent C1,Payment C,2025-11-08,Category B,CCY-3,N,134.34,46.13,45.9,9.79,9.74,1.96,1.95,188.99,188.03,,KLC,188.03,4144,6OP6XS,Basis-001,3.84,1.31,0.28,0.06,5.37
XA,2025-12-29,DOM,FN-394,XAFN-132,FUGJYN,FUG-JYN,1376848141967,,FUG-JYN,Class 3,TYPE-C,,Agent B1,Payment A,2025-12-10,Category B,CCY-3,Y,190.25,24.16,25.22,4.65,4.85,0.46,0.48,210.62,219.84,,FUG,219.84,4367,ZJWPIS,Basis-001,5.44,0.72,0.14,0.01,6.28
XA,2025-12-26,INT,FN-508,XAFN-119,KEERZP,KEE-RZP,4010752879972,Category C,KEE-RZP,Class 7,TYPE-C,,Agent B2,Payment C,2025-12-13,Category C,CCY-3,Y,140.13,36.9,34.64,7.16,6.72,5.62,5.28,187.7,176.21,,KEE,176.21,1254,6MIZEF,Basis-001/BG,4.0,0.99,0.19,0.15,5.03
XA,2025-12-12,INT,FN-132,XAFN-101,KSNRZP,KSN-RZP,3079582546772,Category C,KSN-RZP,Class 5,TYPE-D,,Agent B2,Payment C,2025-12-02,Category B,CCY-3,Y,131.14,15.48,15.91,15.17,15.6,4.32,4.44,153.89,158.21,,KSN,158.21,3835,LCHAPO,Basis-002/BG,3.75,0.45,0.45,0.13,4.52
XA,2025-12-06,INT,FN-508,XAFN-105,KEESUQ,KEE-SUQ,7648036145440,Category C,KEE-SUQ,Class 1,TYPE-A,,Agent C1,Payment B,2025-11-25,Category C,CCY-4,Y,126.44,47.6,51.79,16.21,17.64,1.21,1.32,178.8,194.55,,KEE,194.55,2861,0KK9JG,Basis-001/BG,3.61,1.48,0.5,0.04,5.56
XA,2025-12-19,DOM,FN-119,XAFN-132,UBRJKS,UBR-JKS,1174863693805,Category D,UBR-JKS,Class 7,TYPE-D,,Agent A1,Payment B,2025-11-01,Category C,CCY-1,Y,143.52,17.41,14.87,0.5,0.43,5.96,5.09,180.03,153.73,,UBR,153.73,2963,YDNGPP,Basis-001,4.1,0.42,0.01,0.15,4.39
XA,2025-12-03,DOM,FN-118,XAFN-394,UMKNAB,UMK-NAB,9612650889975,Category D,UMK-NAB,Class 5,TYPE-C,,Agent A2,Payment B,2025-12-08,Category D,CCY-3,Y,32.24,8.03,9.39,14.44,16.89,0.55,0.64,49.48,57.88,,UMK,57.88,3688,ZSBOCU,Basis-003,0.92,0.27,0.48,0.02,1.65
XA,2025-12-16,INT,FN-394,XAFN-395,QFXKUV,QFX-KUV,5457477060855,Category C,QFX-KUV,Class 5,TYPE-C,,Agent C1,Payment B,2025-12-26,Category D,CCY-4,N,159.27,41.09,35.84,1.26,1.1,1.78,1.55,223.16,194.66,,QFX,194.66,2097,74ZL9C,Basis-002,4.55,1.02,0.03,0.04,5.56
XA,2025-12-21,INT,FN-132,XAFN-133,JKSGNP,JKS-GNP,2669981805279,Category C,JKS-GNP,Class 8,TYPE-A,,Agent A1,Payment C,2025-11-21,Category C,CCY-4,N,54.16,51.94,43.31,13.71,11.43,0.17,0.14,130.44,108.76,,JKS,108.76,2151,3P1JZO,Basis-002/BG,1.55,1.24,0.33,0.0,3.11
XA,2025-12-23,INT,FN-395,XAFN-119,NABMBT,NAB-MBT,8833314932548,Category D,NAB-MBT,Class 4,TYPE-B,,Agent C1,Payment C,2025-11-12,Category A,CCY-2,N,138.22,41.19,38.47,19.47,18.18,1.77,1.65,206.9,193.22,,NAB,193.22,3719,PHRQZD,Basis-003,3.95,1.1,0.52,0.05,5.52
XA,2025-12-29,DOM,FN-117,XAFN-133,KEEKSN,KEE-KSN,6617808864499,,KEE-KSN,Class 9,TYPE-D,,Agent A2,Payment B,2025-12-15,Category D,CCY-1,N,132.32,38.42,31.04,13.57,10.96,0.0,0.0,215.79,174.32,,KEE,174.32,3031,A5VK1M,Basis-001,3.78,0.89,0.31,0.0,4.98
XA,2025-12-15,DOM,FN-132,XAFN-508,KSNTDX,KSN-TDX,2719766162429,Category C,KSN-TDX,Class 2,TYPE-B,,Agent C1,Payment A,2025-11-08,Category A,CCY-3,N,341.37,1.57,1.49,14.17,13.42,17.24,16.33,358.84,339.95,,KSN,339.95,564,EQ7KOT,Basis-002,9.75,0.04,0.38,0.47,9.71
XA,2025-12-18,INT,FN-119,XAFN-105,QFXSUQ,QFX-SUQ,2331534976217,Category D,QFX-SUQ,Class 2,TYPE-A,,Agent C2,Payment A,2025-12-24,Category B,CCY-4,N,140.82,47.9,38.5,8.35,6.71,6.51,5.23,224.93,180.8,,QFX,180.8,3054,DDK0ON,Basis-003,4.02,1.1,0.19,0.15,5.17
XA,2025-12-17,DOM,FN-133,XAFN-101,YMLTDX,YML-TDX,2849635550121,,YML-TDX,Class 8,TYPE-C,,Agent C2,Payment C,2025-12-16,Category C,CCY-2,Y,146.08,47.72,40.67,29.99,25.56,8.17,6.96,240.95,205.35,,YML,205.35,2834,G6UIA1,Basis-002/BG,4.17,1.16,0.73,0.2,5.87
XA,2025-12-28,INT,FN-118,XAFN-118,QFXSUQ,QFX-SUQ,5991452102038,,QFX-SUQ,Class 8,TYPE-A,,Agent C2,Payment B,2025-11-05,Category B,CCY-1,N,214.64,14.58,17.28,6.65,7.88,3.05,3.61,199.28,236.19,,QFX,236.19,381,47C8D5,Basis-001,6.13,0.49,0.23,0.1,6.75
XA,2025-12-29,INT,FN-101,XAFN-395,DRWKHV,DRW-KHV,4865425568622,Category C,DRW-KHV,Class 8,TYPE-A,,Agent C2,Payment C,2025-11-21,Category C,CCY-4,N,113.73,3.69,3.07,10.03,8.35,2.41,2.01,147.94,123.14,,DRW,123.14,975,QA8NH0,Basis-003,3.25,0.09,0.24,0.06,3.52
XA,2025-12-13,DOM,FN-118,XAFN-395,PVSKLC,PVS-KLC,7235838951752,,PVS-KLC,Class 7,TYPE-C,,Agent B2,Payment B,2025-11-02,Category A,CCY-1,N,208.63,13.55,10.89,18.96,15.24,6.05,4.86,286.06,229.9,,PVS,229.9,4468,HA8OQI,Basis-001/BG,5.96,0.31,0.44,0.14,6.57
XA,2025-12-07,INT,FN-395,XAFN-119,JKSVQR,JKS-VQR,2622506348373,Category C,JKS-VQR,Class 9,TYPE-B,,Agent A1,Payment A,2025-11-17,Category D,CCY-2,N,189.02,17.39,18.99,8.51,9.29,3.98,4.35,195.02,212.95,,JKS,212.95,3673,R78ICV,Basis-002,5.4,0.54,0.27,0.12,6.08
XA,2025-12-04,INT,FN-101,XAFN-105,FUGKHV,FUG-KHV,0443305098099,Category C,FUG-KHV,Class 6,TYPE-C,,Agent A1,Payment C,2025-12-08,Category D,CCY-2,Y,277.87,39.65,41.0,9.71,10.04,0.83,0.86,317.28,328.05,,FUG,328.05,649,075OKS,Basis-002,7.94,1.17,0.29,0.02,9.37
XA,2025-12-15,INT,FN-394,XAFN-133,UMKKUV,UMK-KUV,8575564429277,Category D,UMK-KUV,Class 5,TYPE-A,,Agent A1,Payment C,2025-11-14,Category B,CCY-2,N,130.99,35.64,31.15,8.51,7.44,1.22,1.07,192.8,168.51,,UMK,168.51,1268,Z3LK41,Basis-001/BG,3.74,0.89,0.21,0.03,4.81
XA,2025-12-04,DOM,FN-118,XAFN-508,DRWUBR,DRW-UBR,8714203577793,,DRW-UBR,Class 1,TYPE-B,,Agent B1,Payment A,2025-11-19,Category B,CCY-3,N,18.38,60.41,60.63,10.74,10.78,0.16,0.16,89.3,89.63,,DRW,89.63,1946,N197MM,Basis-001/BG,0.53,1.73,0.31,0.0,2.56
XA,2025-12-07,INT,FN-101,XAFN-133,YMLKUV,YML-KUV,5858276546991,Category D,YML-KUV,Class 5,TYPE-D,,Agent A2,Payment C,2025-11-02,Category B,CCY-4,N,181.85,27.48,29.13,5.96,6.32,8.43,8.94,196.55,208.36,,YML,208.36,4379,7977YY,Basis-002,5.2,0.83,0.18,0.26,5.95
XA,2025-12-20,DOM,FN-101,XAFN-394,TDXUMK,TDX-UMK,5056115551074,,TDX-UMK,Class 4,TYPE-D,,Agent C1,Payment B,2025-12-27,Category A,CCY-4,Y,135.13,6.23,6.01,22.19,21.39,3.73,3.6,164.88,158.93,,TDX,158.93,3249,TVCCS4,Basis-003,3.86,0.17,0.61,0.1,4.54
XA,2025-12-21,INT,FN-105,XAFN-132,KEESZV,KEE-SZV,6242060511697,,KEE-SZV,Class 2,TYPE-A,,Agent B1,Payment B,2025-11-16,Category C,CCY-2,Y,51.24,14.48,14.52,7.78,7.8,2.25,2.26,71.1,71.3,,KEE,71.3,3521,5201V5,Basis-002/BG,1.46,0.41,0.22,0.06,2.04
XA,2025-12-23,DOM,FN-105,XAFN-101,TDXPVS,TDX-PVS,7325759212303,Category D,TDX-PVS,Class 1,TYPE-A,,Agent B1,Payment B,2025-12-16,Category C,CCY-2,Y,253.05,34.77,30.22,4.39,3.82,9.7,8.43,320.58,278.66,,TDX,278.66,868,P1CCX4,Basis-002/BG,7.23,0.86,0.11,0.24,7.96
XA,2025-12-28,DOM,FN-101,XAFN-105,KLCFUG,KLC-FUG,9878350544593,,KLC-FUG,Class 2,TYPE-A,,Agent A2,Payment A,2025-11-10,Category C,CCY-4,N,250.35,37.51,40.97,11.62,12.69,8.74,9.54,269.63,294.47,,KLC,294.47,3831,A7UG3I,Basis-001,7.15,1.17,0.36,0.27,8.41
XA,2025-12-25,INT,FN-394,XAFN-105,QFXMFP,QFX-MFP,8629436813145,Category C,QFX-MFP,Class 1,TYPE-C,,Agent C1,Payment C,2025-11-01,Category D,CCY-4,Y,207.26,68.33,65.92,21.7,20.93,9.65,9.31,295.22,284.8,,QFX,284.8,384,3PTJ5X,Basis-003,5.92,1.88,0.6,0.27,8.14
XA,2025-12-24,INT,FN-394,XAFN-133,JKSKHV,JKS-KHV,0218066725279,Category C,JKS-KHV,Class 5,TYPE-C,,Agent B1,Payment B,2025-11-23,Category A,CCY-1,Y,95.06,62.87,54.36,13.79,11.92,0.97,0.84,185.63,160.5,,JKS,160.5,3522,PKF0A1,Basis-003,2.72,1.55,0.34,0.02,4.59
XA,2025-12-16,DOM,FN-105,XAFN-101,KEEDRW,KEE-DRW,8425754237353,Category D,KEE-DRW,Class 4,TYPE-D,,Agent A2,Payment B,2025-12-04,Category D,CCY-3,Y,189.93,4.08,4.62,8.07,9.15,2.47,2.8,177.2,200.9,,KEE,200.9,1558,FL42MG,Basis-001/BG,5.43,0.13,0.26,0.08,5.74
XA,2025-12-16,INT,FN-105,XAFN-119,JYNMBT,JYN-MBT,7058775222120,,JYN-MBT,Class 7,TYPE-C,,Agent A1,Payment C,2025-11-10,Category B,CCY-1,N,84.97,42.12,42.42,15.25,15.36,0.81,0.82,140.93,141.93,,JYN,141.93,1288,89GYTX,Basis-003,2.43,1.21,0.44,0.02,4.06
XA,2025-12-05,INT,FN-105,XAFN-132,JKSDPQ,JKS-DPQ,6383666943658,,JKS-DPQ,Class 4,TYPE-C,,Agent C1,Payment A,2025-12-09,Category D,CCY-3,N,15.96,26.55,29.67,13.97,15.61,0.6,0.67,54.2,60.57,,JKS,60.57,1135,4Z6KLL,Basis-001/BG,0.46,0.85,0.45,0.02,1.73
XA,2025-12-28,INT,FN-117,XAFN-395,JYNHGV,JYN-HGV,3188861666334,Category C,JYN-HGV,Class 4,TYPE-A,,Agent C1,Payment A,2025-11-07,Category C,CCY-4,N,135.07,39.65,40.94,11.39,11.76,5.58,5.76,176.26,182.01,,JYN,182.01,1120,NGVQAM,Basis-002,3.86,1.17,0.34,0.16,5.2
XA,2025-12-21,DOM,FN-118,XAFN-394,FUGNAB,FUG-NAB,6512674907535,,FUG-NAB,Class 5,TYPE-B,,Agent C1,Payment A,2025-11-17,Category C,CCY-1,N,177.33,26.69,25.93,4.04,3.92,8.62,8.37,204.65,198.81,,FUG,198.81,1545,3HKVPL,Basis-002,5.07,0.74,0.11,0.24,5.68
XA,2025-12-16,DOM,FN-133,XAFN-101,KSNPVS,KSN-PVS,5967656124983,Category C,KSN-PVS,Class 4,TYPE-C,,Agent B1,Payment A,2025-11-20,Category D,CCY-1,N,60.28,34.0,40.64,8.45,10.1,1.5,1.79,91.4,109.23,,KSN,109.23,4951,4U0HVN,Basis-001/BG,1.72,1.16,0.29,0.05,3.12
XA,2025-12-21,DOM,FN-117,XAFN-508,KLCQFX,KLC-QFX,0831168674478,,KLC-QFX,Class 4,TYPE-D,,Agent A2,Payment A,2025-11-01,Category D,CCY-4,Y,138.92,21.46,23.64,7.69,8.47,6.03,6.64,149.25,164.39,,KLC,164.39,4557,DDWJET,Basis-001/BG,3.97,0.68,0.24,0.19,4.7
XA,2025-12-22,INT,FN-101,XAFN-105,KLCSUQ,KLC-SUQ,5398740541919,Category D,KLC-SUQ,Class 8,TYPE-C,,Agent C2,Payment A,2025-12-25,Category A,CCY-1,N,233.75,22.6,24.97,2.98,3.29,5.33,5.89,231.78,256.12,,KLC,256.12,2564,GCE6LK,Basis-001,6.68,0.71,0.09,0.17,7.32
XA,2025-12-17,DOM,FN-508,XAFN-119,UBRKSN,UBR-KSN,7081035743189,,UBR-KSN,Class 9,TYPE-A,,Agent A1,Payment B,2025-12-12,Category B,CCY-3,N,209.49,23.65,26.93,8.92,10.16,7.84,8.93,208.71,237.65,,UBR,237.65,3493,B168TM,Basis-003,5.99,0.77,0.29,0.26,6.79
XA,2025-12-03,INT,FN-101,XAFN-395,KSNTPX,KSN-TPX,6670429579035,Category D,KSN-TPX,Class 4,TYPE-A,,Agent B2,Payment B,2025-11-10,Category B,CCY-1,Y,278.61,36.16,29.69,13.95,11.45,11.07,9.09,378.38,310.66,,KSN,310.66,3148,US3SR8,Basis-001,7.96,0.85,0.33,0.26,8.88
XA,2025-12-05,INT,FN-119,XAFN-118,QFXDPQ,QFX-DPQ,9605937062723,Category D,QFX-DPQ,Class 9,TYPE-B,,Agent B2,Payment B,2025-12-16,Category B,CCY-3,N,55.69,30.68,26.7,15.0,13.05,0.24,0.21,109.42,95.23,,QFX,95.23,930,D492TC,Basis-002,1.59,0.76,0.37,0.01,2.72
XA,2025-12-16,INT,FN-132,XAFN-118,FUGSZV,FUG-SZV,8700964614699,Category D,FUG-SZV,Class 7,TYPE-B,,Agent C1,Payment C,2025-11-23,Category D,CCY-2,Y,25.57,32.92,33.01,10.47,10.5,1.07,1.07,67.82,68.01,,FUG,68.01,1202,PPM7O9,Basis-002/BG,0.73,0.94,0.3,0.03,1.94
XA,2025-12-26,INT,FN-119,XAFN-508,YMLMFP,YML-MFP,3036199932603,,YML-MFP,Class 3,TYPE-A,,Agent C2,Payment B,2025-12-17,Category D,CCY-3,N,153.3,41.18,45.56,10.55,11.67,4.28,4.74,185.98,205.79,,YML,205.79,1285,5405TQ,Basis-003,4.38,1.3,0.33,0.14,5.88
XA,2025-12-11,DOM,FN-395,XAFN-395,NABYML,NAB-YML,0746120465456,Category D,NAB-YML,Class 8,TYPE-D,,Agent B2,Payment A,2025-12-15,Category D,CCY-1,Y,268.25,14.8,15.1,10.47,10.68,6.15,6.27,282.13,287.76,,NAB,287.76,3400,HZYE6F,Basis-001/BG,7.66,0.43,0.31,0.18,8.22
XA,2025-12-20,DOM,FN-508,XAFN-395,YMLKEE,YML-KEE,2048793701233,Category D,YML-KEE,Class 5,TYPE-D,,Agent C2,Payment C,2025-12-22,Category B,CCY-2,N,156.76,15.64,13.96,16.56,14.78,0.85,0.76,207.02,184.74,,YML,184.74,4059,ZMAGE3,Basis-003,4.48,0.4,0.42,0.02,5.28
XA,2025-12-24,DOM,FN-118,XAFN-132,TDXKSN,TDX-KSN,7408507491139,Category C,TDX-KSN,Class 1,TYPE-B,,Agent A2,Payment B,2025-12-08,Category D,CCY-1,N,335.97,30.42,29.74,12.82,12.53,4.03,3.94,382.89,374.3,,TDX,374.3,2162,TFPIIA,Basis-001,9.6,0.85,0.36,0.11,10.69
XA,2025-12-24,DOM,FN-119,XAFN-133,YMLUMK,YML-UMK,1404761945615,,YML-UMK,Class 4,TYPE-A,,Agent C2,Payment A,2025-11-01,Category D,CCY-2,N,156.76,17.55,19.3,0.82,0.9,6.54,7.19,154.36,169.77,,YML,169.77,1438,26UFI0,Basis-002/BG,4.48,0.55,0.03,0.21,4.85
XA,2025-12-03,INT,FN-101,XAFN-395,PVSKUV,PVS-KUV,9810723227478,Category C,PVS-KUV,Class 9,TYPE-A,,Agent A1,Payment C,2025-12-27,Category C,CCY-2,N,93.54,10.62,9.12,21.56,18.52,3.5,3.01,137.59,118.17,,PVS,118.17,1212,A8H1JF,Basis-001/BG,2.67,0.26,0.53,0.09,3.38
XA,2025-12-11,INT,FN-395,XAFN-118,QFXGNP,QFX-GNP,7702392831091,Category D,QFX-GNP,Class 5,TYPE-D,,Agent A1,Payment C,2025-12-26,Category A,CCY-3,Y,140.79,24.85,24.81,14.47,14.45,0.65,0.65,179.69,179.4,,QFX,179.4,2593,X0QU37,Basis-001/BG,4.02,0.71,0.41,0.02,5.13
XA,2025-12-20,INT,FN-133,XAFN-119,FUGZYR,FUG-ZYR,1062684418776,,FUG-ZYR,Class 3,TYPE-A,,Agent C2,Payment B,2025-12-30,Category D,CCY-3,N,60.26,22.6,18.5,12.63,10.34,0.53,0.43,108.34,88.67,,FUG,88.67,1731,UP0AGV,Basis-002,1.72,0.53,0.3,0.01,2.53
XA,2025-12-24,DOM,FN-117,XAFN-132,KEEFUG,KEE-FUG,9230651176825,,KEE-FUG,Class 5,TYPE-C,,Agent A2,Payment C,2025-12-03,Category A,CCY-1,Y,232.3,46.24,37.53,13.85,11.24,0.68,0.55,345.63,280.52,,KEE,280.52,2739,VOANPA,Basis-001,6.64,1.07,0.32,0.02,8.01
XA,2025-12-30,INT,FN-118,XAFN-117,NABKUV,NAB-KUV,0473087887526,Category C,NAB-KUV,Class 6,TYPE-B,,Agent A2,Payment C,2025-12-04,Category C,CCY-1,N,156.25,30.86,36.0,9.44,11.01,3.18,3.71,171.05,199.55,,NAB,199.55,1147,IYLX5Y,Basis-001,4.46,1.03,0.31,0.11,5.7
XA,2025-12-07,DOM,FN-132,XAFN-395,YMLJYN,YML-JYN,2350627415708,Category C,YML-JYN,Class 8,TYPE-B,,Agent C1,Payment B,2025-12-25,Category A,CCY-1,N,67.6,34.27,30.69,5.17,4.63,0.1,0.09,114.83,102.83,,YML,102.83,984,NLMK3K,Basis-001,1.93,0.88,0.13,0.0,2.94
XA,2025-12-14,DOM,FN-118,XAFN-119,UBRQFX,UBR-QFX,3304030581815,Category D,UBR-QFX,Class 6,TYPE-B,,Agent B1,Payment A,2025-12-25,Category D,CCY-3,Y,156.49,24.92,22.79,24.82,22.7,3.87,3.54,216.98,198.44,,UBR,198.44,1445,M4X0VV,Basis-003,4.47,0.65,0.65,0.1,5.67
XA,2025-12-07,DOM,FN-105,XAFN-117,TDXNAB,TDX-NAB,9386556850220,,TDX-NAB,Class 5,TYPE-C,,Agent A2,Payment C,2025-12-16,Category C,CCY-2,N,146.81,10.18,8.94,10.62,9.33,3.7,3.25,184.25,161.83,,TDX,161.83,4923,5FVC48,Basis-002,4.19,0.26,0.27,0.09,4.62
XA,2025-12-20,INT,FN-105,XAFN-118,JKSLNR,JKS-LNR,6120140798340,,JKS-LNR,Class 9,TYPE-D,,Agent B2,Payment A,2025-12-22,Category D,CCY-2,Y,191.55,47.86,55.1,6.12,7.05,5.68,6.54,214.66,247.16,,JKS,247.16,1019,0U2HD7,Basis-001/BG,5.47,1.57,0.2,0.19,7.06
XA,2025-12-08,INT,FN-119,XAFN-508,UBRSUQ,UBR-SUQ,7531752861224,,UBR-SUQ,Class 7,TYPE-A,,Agent A1,Payment A,2025-11-21,Category B,CCY-2,N,23.41,44.6,42.25,3.27,3.1,0.21,0.2,72.38,68.56,,UBR,68.56,2937,4DIBBF,Basis-002/BG,0.67,1.21,0.09,0.01,1.96
XA,2025-12-23,INT,FN-395,XAFN-118,KEEKUV,KEE-KUV,2351802642149,Category C,KEE-KUV,Class 9,TYPE-C,,Agent A1,Payment B,2025-12-17,Category B,CCY-4,N,115.11,24.71,26.14,9.12,9.65,2.02,2.14,140.6,148.76,,KEE,148.76,2538,RX7RWW,Basis-001/BG,3.29,0.75,0.28,0.06,4.25
XA,2025-12-24,DOM,FN-394,XAFN-101,KEEJKS,KEE-JKS,4533043494815,Category C,KEE-JKS,Class 6,TYPE-D,,Agent C1,Payment B,2025-11-19,Category C,CCY-1,Y,205.13,17.63,19.75,7.7,8.63,7.65,8.57,200.78,224.94,,KEE,224.94,2158,Y6H9WA,Basis-003,5.86,0.56,0.25,0.24,6.43
XA,2025-12-08,DOM,FN-508,XAFN-105,YMLKEE,YML-KEE,1140755978621,,YML-KEE,Class 1,TYPE-B,,Agent B1,Payment C,2025-11-20,Category C,CCY-1,Y,148.86,28.82,32.24,9.38,10.49,5.27,5.89,166.03,185.7,,YML,185.7,686,MKJ169,Basis-002,4.25,0.92,0.3,0.17,5.31
XA,2025-12-18,DOM,FN-395,XAFN-105,KLCUMK,KLC-UMK,6137195880732,,KLC-UMK,Class 3,TYPE-A,,Agent B1,Payment B,2025-11-15,Category C,CCY-2,N,184.88,42.18,42.66,11.83,11.96,5.07,5.13,231.75,234.37,,KLC,234.37,2610,FK33H6,Basis-003,5.28,1.22,0.34,0.15,6.7
XA,2025-12-05,INT,FN-117,XAFN-394,KSNZYR,KSN-ZYR,0494327402655,Category D,KSN-ZYR,Class 4,TYPE-B,,Agent B1,Payment B,2025-12-06,Category A,CCY-2,Y,186.29,7.05,6.27,11.53,10.25,2.09,1.86,226.0,200.95,,KSN,200.95,2130,ZIBDMK,Basis-003,5.32,0.18,0.29,0.05,5.74
XA,2025-12-23,DOM,FN-117,XAFN-394,UBRJKS,UBR-JKS,3749099447181,Category C,UBR-JKS,Class 2,TYPE-B,,Agent B1,Payment A,2025-11-27,Category B,CCY-3,Y,188.36,40.67,40.93,6.5,6.54,2.21,2.22,232.11,233.61,,UBR,233.61,2534,8DHJG0,Basis-002/BG,5.38,1.17,0.19,0.06,6.67
XA,2025-12-23,DOM,FN-133,XAFN-119,KSNKLC,KSN-KLC,4814157718074,Category C,KSN-KLC,Class 6,TYPE-B,,Agent C2,Payment C,2025-12-30,Category B,CCY-3,N,97.28,18.95,21.39,11.23,12.68,1.5,1.69,114.87,129.66,,KSN,129.66,3592,MTNDJV,Basis-003,2.78,0.61,0.36,0.05,3.7
XA,2025-12-14,DOM,FN-132,XAFN-508,KLCJYN,KLC-JYN,9250763373643,Category D,KLC-JYN,Class 5,TYPE-B,,Agent B2,Payment A,2025-11-12,Category A,CCY-3,N,232.71,26.25,23.89,15.98,14.54,8.41,7.65,289.53,263.49,,KLC,263.49,3428,IRXC9T,Basis-001,6.65,0.68,0.42,0.22,7.53
XA,2025-12-02,INT,FN-117,XAFN-133,KSNDPQ,KSN-DPQ,5574744936673,Category D,KSN-DPQ,Class 9,TYPE-B,,Agent A1,Payment B,2025-11-02,Category B,CCY-4,N,159.88,31.41,28.14,9.98,8.94,1.93,1.73,217.92,195.23,,KSN,195.23,578,G3V22W,Basis-003,4.57,0.8,0.26,0.05,5.58
XA,2025-12-30,DOM,FN-119,XAFN-132,QFXTDX,QFX-TDX,3956215426267,,QFX-TDX,Class 7,TYPE-B,,Agent B2,Payment C,2025-12-01,Category A,CCY-3,Y,209.73,31.26,34.88,19.16,21.38,4.47,4.99,233.95,261.0,,QFX,261.0,1908,PUOPGF,Basis-002/BG,5.99,1.0,0.61,0.14,7.46
XA,2025-12-24,INT,FN-117,XAFN-101,JKSSUQ,JKS-SUQ,4533769791627,,JKS-SUQ,Class 5,TYPE-B,,Agent B1,Payment A,2025-12-07,Category D,CCY-1,Y,81.82,37.97,37.77,7.39,7.35,1.23,1.22,126.4,125.72,,JKS,125.72,3484,HBQT8H,Basis-001/BG,2.34,1.08,0.21,0.03,3.59
XA,2025-12-14,DOM,FN-119,XAFN-508,JYNUMK,JYN-UMK,2118781626987,,JYN-UMK,Class 8,TYPE-B,,Agent B1,Payment C,2025-12-14,Category A,CCY-2,Y,80.46,31.54,29.84,11.3,10.69,2.82,2.67,125.07,118.32,,JYN,118.32,3093,42WQK2,Basis-002/BG,2.3,0.85,0.31,0.08,3.38
XA,2025-12-15,INT,FN-508,XAFN-117,KLCZYR,KLC-ZYR,9361662908792,,KLC-ZYR,Class 1,TYPE-D,,Agent A2,Payment C,2025-12-22,Category D,CCY-3,N,383.45,25.44,27.24,4.06,4.35,8.03,8.6,379.65,406.44,,KLC,406.44,3910,3ININR,Basis-002/BG,10.96,0.78,0.12,0.25,11.61
XA,2025-12-21,DOM,FN-395,XAFN-118,KEEKLC,KEE-KLC,1383890117528,Category C,KEE-KLC,Class 8,TYPE-A,,Agent C2,Payment B,2025-12-09,Category A,CCY-3,N,171.84,1.24,1.12,10.57,9.54,3.5,3.16,198.66,179.34,,KEE,179.34,4159,47X0TO,Basis-003,4.91,0.03,0.27,0.09,5.12
XA,2025-12-06,DOM,FN-395,XAFN-101,JKSDRW,JKS-DRW,2802224466165,,JKS-DRW,Class 2,TYPE-D,,Agent C2,Payment B,2025-12-06,Category D,CCY-4,N,151.28,51.37,41.92,18.22,14.87,3.96,3.23,251.01,204.84,,JKS,204.84,3552,94MRB6,Basis-003,4.32,1.2,0.42,0.09,5.85
XA,2025-12-17,DOM,FN-118,XAFN-101,YMLKLC,YML-KLC,9912691764985,,YML-KLC,Class 3,TYPE-D,,Agent B1,Payment A,2025-11-29,Category B,CCY-2,N,109.71,25.94,27.74,5.77,6.17,5.06,5.41,129.24,138.21,,YML,138.21,4852,TJBY6Q,Basis-002,3.13,0.79,0.18,0.15,3.95
XA,2025-12-13,INT,FN-132,XAFN-117,JYNGNP,JYN-GNP,9679471891668,,JYN-GNP,Class 1,TYPE-D,,Agent A2,Payment C,2025-11-08,Category A,CCY-2,Y,59.75,30.42,34.65,3.19,3.63,1.13,1.29,84.92,96.74,,JYN,96.74,848,7UQNYB,Basis-001/BG,1.71,0.99,0.1,0.04,2.76
XA,2025-12-17,DOM,FN-117,XAFN-117,KEENAB,KEE-NAB,3552209412456,Category C,KEE-NAB,Class 4,TYPE-A,,Agent A2,Payment C,2025-12-27,Category A,CCY-4,Y,116.83,17.68,15.07,14.96,12.75,2.11,1.8,167.61,142.85,,KEE,142.85,3157,J33UD5,Basis-003,3.34,0.43,0.36,0.05,4.08
XA,2025-12-15,INT,FN-133,XAFN-132,JKSMBT,JKS-MBT,6983649509262,,JKS-MBT,Class 6,TYPE-C,,Agent C2,Payment B,2025-11-10,Category A,CCY-2,Y,294.11,11.33,10.48,0.79,0.73,5.23,4.84,324.75,300.48,,JKS,300.48,1013,KHADIG,Basis-003,8.4,0.3,0.02,0.14,8.59
XA,2025-12-27,INT,FN-101,XAFN-133,UMKSUQ,UMK-SUQ,9981892371044,,UMK-SUQ,Class 5,TYPE-D,,Agent A1,Payment C,2025-11-07,Category B,CCY-4,N,140.01,28.43,30.24,10.43,11.09,0.25,0.27,170.25,181.07,,UMK,181.07,2279,P8B8Z6,Basis-002/BG,4.0,0.86,0.32,0.01,5.17
XA,2025-12-26,INT,FN-394,XAFN-508,UMKZYR,UMK-ZYR,0538751895342,,UMK-ZYR,Class 4,TYPE-A,,Agent A2,Payment C,2025-12-18,Category D,CCY-1,N,114.29,24.08,26.99,10.56,11.84,0.72,0.81,135.88,152.31,,UMK,152.31,1863,IS5JDY,Basis-001/BG,3.27,0.77,0.34,0.02,4.35
XA,2025-12-01,DOM,FN-118,XAFN-117,NABKLC,NAB-KLC,3200865862334,,NAB-KLC,Class 7,TYPE-A,,Agent C1,Payment A,2025-11-20,Category B,CCY-3,Y,233.23,0.79,0.67,9.61,8.16,8.73,7.41,276.3,234.65,,NAB,234.65,721,6PKQ4R,Basis-001/BG,6.66,0.02,0.23,0.21,6.7
XA,2025-12-15,INT,FN-119,XAFN-105,FUGMFP,FUG-MFP,2432197924761,,FUG-MFP,Class 5,TYPE-C,,Agent A1,Payment A,2025-11-21,Category B,CCY-1,Y,167.1,16.77,16.23,19.28,18.66,2.88,2.79,205.81,199.2,,FUG,199.2,520,16SJ4F,Basis-001/BG,4.77,0.46,0.53,0.08,5.69
XA,2025-12-25,INT,FN-117,XAFN-133,KEETPX,KEE-TPX,3015089229830,Category C,KEE-TPX,Class 8,TYPE-B,,Agent A1,Payment A,2025-11-14,Category D,CCY-3,Y,99.17,32.98,29.38,14.35,12.78,1.46,1.3,157.18,140.03,,KEE,140.03,2272,Y2BXS8,Basis-002/BG,2.83,0.84,0.37,0.04,4.0
XA,2025-12-07,DOM,FN-118,XAFN-132,TDXQFX,TDX-QFX,1295197285586,,TDX-QFX,Class 4,TYPE-B,,Agent A1,Payment B,2025-12-28,Category A,CCY-1,Y,102.7,2.3,2.3,7.85,7.86,2.11,2.11,110.58,110.75,,TDX,110.75,4073,SH0K73,Basis-002,2.93,0.07,0.22,0.06,3.16
XA,2025-12-20,INT,FN-132,XAFN-132,PVSLNR,PVS-LNR,2110953161566,,PVS-LNR,Class 3,TYPE-C,,Agent C1,Payment B,2025-12-19,Category A,CCY-1,Y,232.36,21.26,24.95,4.92,5.77,9.82,11.53,214.31,251.55,,PVS,251.55,2396,C93VWY,Basis-003,6.64,0.71,0.16,0.33,7.19
XA,2025-12-21,DOM,FN-117,XAFN-118,KEEQFX,KEE-QFX,7965545085548,Category D,KEE-QFX,Class 3,TYPE-A,,Agent B2,Payment C,2025-11-04,Category C,CCY-2,Y,224.05,23.44,25.04,6.97,7.45,5.78,6.17,234.4,250.37,,KEE,250.37,4947,2RT8UK,Basis-003,6.4,0.72,0.21,0.18,7.15
XA,2025-12-19,INT,FN-101,XAFN-508,KLCMBT,KLC-MBT,5940521989902,,KLC-MBT,Class 1,TYPE-D,,Agent B2,Payment B,2025-11-13,Category A,CCY-4,Y,161.96,37.26,41.56,19.64,21.91,0.28,0.31,201.84,225.12,,KLC,225.12,2901,IFUH82,Basis-002/BG,4.63,1.19,0.63,0.01,6.43
XA,2025-12-18,INT,FN-118,XAFN-105,KEERZP,KEE-RZP,2791325332588,Category D,KEE-RZP,Class 3,TYPE-A,,Agent B1,Payment A,2025-11-28,Category B,CCY-4,N,216.18,50.35,47.4,7.94,7.47,6.64,6.25,281.29,264.8,,KEE,264.8,2454,GDYE01,Basis-002,6.18,1.35,0.21,0.18,7.57
XA,2025-12-25,INT,FN-133,XAFN-105,NABMBT,NAB-MBT,0168107137797,Category C,NAB-MBT,Class 5,TYPE-A,,Agent C1,Payment C,2025-12-11,Category C,CCY-3,Y,67.93,28.88,30.93,9.84,10.54,0.05,0.05,102.11,109.35,,NAB,109.35,2686,W2AGRC,Basis-001,1.94,0.88,0.3,0.0,3.12
XA,2025-12-04,DOM,FN-117,XAFN-105,NABKSN,NAB-KSN,7856343614550,,NAB-KSN,Class 5,TYPE-B,,Agent C1,Payment A,2025-11-17,Category B,CCY-1,Y,63.72,23.4,27.37,10.26,12.0,0.77,0.9,87.36,102.19,,NAB,102.19,1506,TP5PPN,Basis-002/BG,1.82,0.78,0.34,0.03,2.92
XA,2025-12-24,DOM,FN-105,XAFN-133,DRWYML,DRW-YML,8531999087014,,DRW-YML,Class 4,TYPE-A,,Agent C1,Payment B,2025-12-27,Category A,CCY-2,Y,178.83,41.14,37.56,12.54,11.45,0.34,0.31,249.24,227.53,,DRW,227.53,4102,ZIWJOT,Basis-001/BG,5.11,1.07,0.33,0.01,6.5
XA,2025-12-17,DOM,FN-395,XAFN-117,QFXPVS,QFX-PVS,3243969647732,Category C,QFX-PVS,Class 7,TYPE-D,,Agent A2,Payment B,2025-12-26,Category B,CCY-3,Y,109.44,20.11,22.29,3.62,4.01,0.78,0.86,121.66,134.88,,QFX,134.88,910,IE87CO,Basis-003,3.13,0.64,0.11,0.02,3.85
XA,2025-12-30,INT,FN-394,XAFN-118,DRWZYR,DRW-ZYR,5056958261691,Category C,DRW-ZYR,Class 6,TYPE-C,,Agent A2,Payment C,2025-12-19,Category A,CCY-4,Y,292.78,25.93,30.2,7.63,8.88,7.39,8.61,277.59,323.25,,DRW,323.25,2976,UBLODP,Basis-002/BG,8.37,0.86,0.25,0.25,9.24
XA,2025-12-10,INT,FN-117,XAFN-133,KEEMBT,KEE-MBT,5626160464300,,KEE-MBT,Class 5,TYPE-B,,Agent B1,Payment B,2025-12-28,Category D,CCY-1,N,75.7,81.66,74.03,5.11,4.63,1.25,1.13,169.03,153.23,,KEE,153.23,283,8MZCHZ,Basis-003,2.16,2.12,0.13,0.03,4.38
XA,2025-12-26,DOM,FN-119,XAFN-394,JYNQFX,JYN-QFX,7724242784128,,JYN-QFX,Class 8,TYPE-D,,Agent A1,Payment A,2025-12-19,Category B,CCY-4,N,115.69,33.29,36.24,11.94,13.0,2.02,2.2,149.47,162.73,,JYN,162.73,1065,F4U5TQ,Basis-003,3.31,1.04,0.37,0.06,4.65
XA,2025-12-02,INT,FN-133,XAFN-395,NABSZV,NAB-SZV,1275610408673,Category C,NAB-SZV,Class 9,TYPE-C,,Agent C1,Payment B,2025-12-03,Category C,CCY-1,Y,226.63,53.02,57.11,11.63,12.53,6.13,6.6,268.91,289.67,,NAB,289.67,447,NFQ7N6,Basis-003,6.48,1.63,0.36,0.19,8.28
XA,2025-12-06,DOM,FN-101,XAFN-132,NABKLC,NAB-KLC,4152807864770,,NAB-KLC,Class 9,TYPE-D,,Agent C1,Payment B,2025-11-09,Category A,CCY-4,Y,65.52,31.59,26.15,13.94,11.54,3.53,2.92,121.15,100.29,,NAB,100.29,2161,GE9O1Y,Basis-001,1.87,0.75,0.33,0.08,2.87
XA,2025-12-30,DOM,FN-119,XAFN-132,KLCJYN,KLC-JYN,4351290458963,Category D,KLC-JYN,Class 9,TYPE-C,,Agent A2,Payment B,2025-12-23,Category A,CCY-3,N,315.46,8.39,9.03,14.88,16.01,13.86,14.91,302.64,325.59,,KLC,325.59,520,C32080,Basis-002/BG,9.01,0.26,0.46,0.43,9.3
XA,2025-12-21,INT,FN-118,XAFN-119,KEERZP,KEE-RZP,9815883225702,,KEE-RZP,Class 9,TYPE-A,,Agent B2,Payment C,2025-12-18,Category D,CCY-1,N,164.39,41.43,42.57,9.24,9.49,4.63,4.76,206.02,211.69,,KEE,211.69,554,FTYZS4,Basis-002,4.7,1.22,0.27,0.14,6.05
XA,2025-12-30,INT,FN-132,XAFN-118,JKSTPX,JKS-TPX,8361153833664,Category D,JKS-TPX,Class 2,TYPE-B,,Agent B1,Payment B,2025-12-15,Category C,CCY-4,Y,82.61,34.91,41.26,11.23,13.27,1.93,2.28,114.11,134.86,,JKS,134.86,629,IXP7T1,Basis-002,2.36,1.18,0.38,0.07,3.85
XA,2025-12-13,INT,FN-395,XAFN-105,DRWMFP,DRW-MFP,6096405787660,,DRW-MFP,Class 2,TYPE-D,,Agent C1,Payment A,2025-12-14,Category D,CCY-1,Y,227.76,25.4,29.8,5.97,7.0,7.45,8.74,218.02,255.82,,DRW,255.82,2528,0QAKTB,Basis-002/BG,6.51,0.85,0.2,0.25,7.31
XA,2025-12-19,INT,FN-508,XAFN-133,PVSMFP,PVS-MFP,9946521745658,Category D,PVS-MFP,Class 3,TYPE-B,,Agent C1,Payment B,2025-12-06,Category C,CCY-4,N,25.3,50.06,42.29,14.35,12.12,0.31,0.26,94.05,79.45,,PVS,79.45,2054,YAOSDK,Basis-002/BG,0.72,1.21,0.35,0.01,2.27
XA,2025-12-21,INT,FN-133,XAFN-394,JKSMFP,JKS-MFP,9972815613023,Category C,JKS-MFP,Class 8,TYPE-D,,Agent B2,Payment A,2025-12-09,Category A,CCY-2,N,72.74,26.53,21.92,9.28,7.67,2.43,2.01,121.42,100.32,,JKS,100.32,2527,2R83QS,Basis-002/BG,2.08,0.63,0.22,0.06,2.87
XA,2025-12-03,INT,FN-394,XAFN-132,TDXTPX,TDX-TPX,3409619975117,Category D,TDX-TPX,Class 5,TYPE-D,,Agent A2,Payment B,2025-12-23,Category C,CCY-4,Y,31.36,15.89,17.73,3.88,4.33,0.15,0.17,47.71,53.25,,TDX,53.25,3578,BEV535,Basis-002/BG,0.9,0.51,0.12,0.0,1.52
XA,2025-12-17,INT,FN-119,XAFN-119,TDXTPX,TDX-TPX,2263731968243,,TDX-TPX,Class 8,TYPE-A,,Agent A2,Payment A,2025-11-03,Category D,CCY-2,N,117.0,19.27,18.92,1.89,1.86,4.6,4.52,135.71,133.26,,TDX,133.26,4757,YQPENP,Basis-001,3.34,0.54,0.05,0.13,3.81
XA,2025-12-31,INT,FN-395,XAFN-119,PVSMFP,PVS-MFP,9454164607150,,PVS-MFP,Class 8,TYPE-D,,Agent C2,Payment C,2025-12-14,Category D,CCY-1,N,311.81,46.58,48.79,5.82,6.1,1.09,1.14,349.0,365.56,,PVS,365.56,1558,T6BJNZ,Basis-003,8.91,1.39,0.17,0.03,10.44
XA,2025-12-28,INT,FN-101,XAFN-101,UMKSZV,UMK-SZV,6597741442018,,UMK-SZV,Class 6,TYPE-B,,Agent B1,Payment A,2025-11-01,Category D,CCY-2,N,171.79,31.67,36.26,13.94,15.96,1.13,1.29,194.53,222.72,,UMK,222.72,1617,CRK0P9,Basis-001,4.91,1.04,0.46,0.04,6.36
XA,2025-12-16,DOM,FN-105,XAFN-117,KLCJYN,KLC-JYN,3046583659980,,KLC-JYN,Class 7,TYPE-D,,Agent C2,Payment B,2025-11-23,Category A,CCY-2,Y,84.51,39.23,46.38,6.14,7.26,0.45,0.53,116.4,137.62,,KLC,137.62,3656,2ZG884,Basis-001,2.41,1.33,0.21,0.02,3.93
XA,2025-12-23,INT,FN-132,XAFN-101,UBRLNR,UBR-LNR,9639947834881,Category D,UBR-LNR,Class 1,TYPE-D,,Agent A1,Payment C,2025-12-19,Category B,CCY-2,N,43.13,35.74,40.86,14.39,16.45,0.19,0.22,87.67,100.22,,UBR,100.22,3836,K9QYKH,Basis-002,1.23,1.17,0.47,0.01,2.86
XA,2025-12-03,INT,FN-508,XAFN-133,KLCLNR,KLC-LNR,2132392950197,,KLC-LNR,Class 8,TYPE-A,,Agent A1,Payment A,2025-11-09,Category A,CCY-3,N,357.03,10.53,12.0,11.84,13.49,5.9,6.72,329.91,375.8,,KLC,375.8,2982,4SAUFY,Basis-001,10.2,0.34,0.39,0.19,10.74
XA,2025-12-30,INT,FN-101,XAFN-508,NABLNR,NAB-LNR,0458167291930,Category D,NAB-LNR,Class 2,TYPE-B,,Agent A1,Payment A,2025-12-06,Category C,CCY-2,Y,117.22,41.17,41.75,2.61,2.65,4.88,4.95,154.5,156.67,,NAB,156.67,3065,FICT5M,Basis-002/BG,3.35,1.19,0.08,0.14,4.48
XA,2025-12-11,INT,FN-101,XAFN-119,KSNGNP,KSN-GNP,8410195992224,Category C,KSN-GNP,Class 5,TYPE-C,,Agent B1,Payment B,2025-11-02,Category D,CCY-1,N,48.98,19.21,18.36,10.87,10.39,0.4,0.38,80.92,77.35,,KSN,77.35,902,4UGEBV,Basis-002/BG,1.4,0.52,0.3,0.01,2.21
XA,2025-12-18,INT,FN-117,XAFN-132,UBRKHV,UBR-KHV,5914321172456,,UBR-KHV,Class 7,TYPE-C,,Agent A1,Payment C,2025-11-12,Category A,CCY-1,Y,98.71,36.28,39.89,13.76,15.13,2.47,2.72,137.35,151.01,,UBR,151.01,4725,O3QSS7,Basis-001/BG,2.82,1.14,0.43,0.08,4.31
XA,2025-12-09,INT,FN-117,XAFN-101,YMLKHV,YML-KHV,5703659592570,,YML-KHV,Class 5,TYPE-B,,Agent B2,Payment C,2025-12-18,Category B,CCY-4,Y,197.97,63.13,54.28,14.05,12.08,9.92,8.53,297.5,255.8,,YML,255.8,2344,Z08W13,Basis-001,5.66,1.55,0.35,0.24,7.31
XA,2025-12-02,DOM,FN-117,XAFN-133,PVSJYN,PVS-JYN,1671672702241,,PVS-JYN,Class 3,TYPE-B,,Agent B2,Payment A,2025-11-07,Category A,CCY-1,Y,52.65,56.61,50.45,7.82,6.97,1.92,1.71,121.59,108.36,,PVS,108.36,308,T4A27D,Basis-001/BG,1.5,1.44,0.2,0.05,3.1
XA,2025-12-26,DOM,FN-119,XAFN-105,UBRTDX,UBR-TDX,1892307313972,,UBR-TDX,Class 4,TYPE-B,,Agent C1,Payment B,2025-12-30,Category D,CCY-3,Y,222.83,48.17,53.61,11.04,12.28,8.45,9.4,251.0,279.32,,UBR,279.32,1923,69BFIQ,Basis-002/BG,6.37,1.53,0.35,0.27,7.98
XA,2025-12-22,DOM,FN-394,XAFN-508,PVSTDX,PVS-TDX,6427709785253,,PVS-TDX,Class 1,TYPE-B,,Agent C1,Payment B,2025-12-25,Category C,CCY-1,Y,30.31,16.33,16.23,16.72,16.61,1.13,1.12,62.43,62.03,,PVS,62.03,2049,EZWJTX,Basis-001,0.87,0.46,0.47,0.03,1.77
XA,2025-12-06,INT,FN-132,XAFN-395,QFXMBT,QFX-MBT,8551088921710,,QFX-MBT,Class 3,TYPE-C,,Agent C1,Payment B,2025-11-16,Category A,CCY-2,N,136.47,34.57,31.19,15.28,13.79,1.55,1.4,199.57,180.05,,QFX,180.05,3750,K3ZUQE,Basis-002,3.9,0.89,0.39,0.04,5.14
XA,2025-12-25,INT,FN-395,XAFN-105,JYNSZV,JYN-SZV,7683532478110,,JYN-SZV,Class 8,TYPE-D,,Agent A2,Payment A,2025-12-09,Category D,CCY-4,N,205.71,29.01,34.18,7.6,8.96,2.89,3.4,208.29,245.45,,JYN,245.45,2534,P1HPY3,Basis-002,5.88,0.98,0.26,0.1,7.01
XA,2025-12-29,DOM,FN-118,XAFN-132,DRWQFX,DRW-QFX,1964923066190,,DRW-QFX,Class 2,TYPE-D,,Agent C2,Payment B,2025-12-21,Category C,CCY-1,Y,124.99,40.72,42.87,12.13,12.77,2.93,3.08,168.63,177.55,,DRW,177.55,2822,F447EH,Basis-002/BG,3.57,1.22,0.36,0.09,5.07
XA,2025-12-07,INT,FN-132,XAFN-395,UBRHGV,UBR-HGV,9832435951333,,UBR-HGV,Class 4,TYPE-D,,Agent C2,Payment C,2025-11-24,Category C,CCY-1,Y,129.42,46.62,46.23,9.43,9.35,5.03,4.99,181.51,180.01,,UBR,180.01,1292,IJUMEW,Basis-003,3.7,1.32,0.27,0.14,5.14
XA,2025-12-10,DOM,FN-119,XAFN-508,NABJYN,NAB-JYN,7188842716965,,NAB-JYN,Class 8,TYPE-C,,Agent B1,Payment B,2025-12-17,Category B,CCY-4,Y,81.87,16.87,18.62,4.63,5.11,2.95,3.26,92.7,102.34,,NAB,102.34,4467,J57R7O,Basis-002,2.34,0.53,0.15,0.09,2.92
XA,2025-12-19,INT,FN-118,XAFN-117,UBRMBT,UBR-MBT,5328369308011,,UBR-MBT,Class 1,TYPE-B,,Agent A1,Payment C,2025-11-13,Category B,CCY-4,Y,128.21,41.04,48.51,5.05,5.97,2.13,2.52,152.41,180.17,,UBR,180.17,1546,BBMPXQ,Basis-001/BG,3.66,1.39,0.17,0.07,5.15
XA,2025-12-27,DOM,FN-133,XAFN-105,UMKDRW,UMK-DRW,9136406958051,Category D,UMK-DRW,Class 2,TYPE-A,,Agent B1,Payment C,2025-12-02,Category D,CCY-4,Y,165.08,24.26,20.15,10.48,8.7,7.3,6.06,226.22,187.87,,UMK,187.87,3101,B3STV3,Basis-001,4.72,0.58,0.25,0.17,5.37
XA,2025-12-30,INT,FN-119,XAFN-119,YMLGNP,YML-GNP,6602352179211,Category C,YML-GNP,Class 3,TYPE-A,,Agent A2,Payment A,2025-12-23,Category C,CCY-3,Y,29.2,23.35,26.69,7.9,9.03,0.45,0.52,56.35,64.4,,YML,64.4,366,FDA6SJ,Basis-003,0.83,0.76,0.26,0.01,1.84
XA,2025-12-07,INT,FN-101,XAFN-508,NABZYR,NAB-ZYR,4797688543464,Category D,NAB-ZYR,Class 6,TYPE-B,,Agent C1,Payment B,2025-11-17,Category D,CCY-4,Y,193.22,28.01,33.35,3.37,4.01,1.14,1.36,192.5,229.22,,NAB,229.22,4106,HHAIAQ,Basis-002/BG,5.52,0.95,0.11,0.04,6.55
XA,2025-12-08,INT,FN-101,XAFN-105,KLCGNP,KLC-GNP,2819400112952,,KLC-GNP,Class 4,TYPE-D,,Agent C2,Payment C,2025-12-03,Category A,CCY-3,N,236.74,38.08,33.15,12.62,10.99,13.56,11.81,309.05,269.07,,KLC,269.07,2592,DNOPIB,Basis-001,6.76,0.95,0.31,0.34,7.69
XA,2025-12-23,INT,FN-132,XAFN-105,KLCMFP,KLC-MFP,4353554622284,,KLC-MFP,Class 4,TYPE-D,,Agent B2,Payment A,2025-11-04,Category D,CCY-4,N,149.27,19.0,22.23,9.48,11.09,1.25,1.46,154.8,181.13,,KLC,181.13,4928,A87XNV,Basis-002,4.26,0.64,0.32,0.04,5.18
XA,2025-12-20,DOM,FN-118,XAFN-101,JKSFUG,JKS-FUG,0489656084695,Category D,JKS-FUG,Class 5,TYPE-C,,Agent C1,Payment B,2025-12-28,Category D,CCY-1,N,188.05,3.31,3.8,6.37,7.31,4.46,5.12,169.12,194.04,,JKS,194.04,3987,MP5CIA,Basis-001,5.37,0.11,0.21,0.15,5.54
XA,2025-12-01,INT,FN-394,XAFN-133,KSNGNP,KSN-GNP,2942012172209,Category D,KSN-GNP,Class 1,TYPE-B,,Agent B1,Payment A,2025-11-12,Category A,CCY-3,Y,129.6,40.49,33.84,19.11,15.97,0.19,0.16,214.46,179.25,,KSN,179.25,2633,89YTMQ,Basis-003,3.7,0.97,0.46,0.0,5.12
XA,2025-12-02,INT,FN-394,XAFN-119,YMLMBT,YML-MBT,5713618774978,Category D,YML-MBT,Class 2,TYPE-B,,Agent C2,Payment C,2025-11-24,Category B,CCY-2,N,88.26,26.21,22.53,8.65,7.44,4.93,4.24,132.61,113.99,,YML,113.99,4570,LILWWM,Basis-002,2.52,0.64,0.21,0.12,3.26
XA,2025-12-18,INT,FN-394,XAFN-117,FUGMBT,FUG-MBT,4308848606414,Category D,FUG-MBT,Class 4,TYPE-B,,Agent B1,Payment C,2025-12-22,Category A,CCY-4,N,85.88,27.08,24.79,15.13,13.85,4.36,3.99,131.64,120.53,,FUG,120.53,4943,G2LRYD,Basis-002,2.45,0.71,0.4,0.11,3.44
XA,2025-12-10,DOM,FN-132,XAFN-118,UMKUBR,UMK-UBR,5052965370476,,UMK-UBR,Class 1,TYPE-C,,Agent B2,Payment C,2025-11-16,Category C,CCY-4,Y,65.69,38.91,36.42,1.59,1.49,0.71,0.66,109.99,102.94,,UMK,102.94,3111,DSJ9GN,Basis-002,1.88,1.04,0.04,0.02,2.94
XA,2025-12-11,INT,FN-101,XAFN-119,NABZYR,NAB-ZYR,3693683402110,Category D,NAB-ZYR,Class 2,TYPE-C,,Agent B1,Payment C,2025-12-04,Category A,CCY-3,N,105.09,21.46,25.06,15.73,18.37,0.8,0.93,126.41,147.59,,NAB,147.59,3386,AM6WHW,Basis-002/BG,3.0,0.72,0.52,0.03,4.22
XA,2025-12-24,INT,FN-132,XAFN-394,YMLMBT,YML-MBT,7390455436233,,YML-MBT,Class 2,TYPE-B,,Agent A1,Payment C,2025-11-10,Category A,CCY-4,Y,128.02,3.68,3.02,0.01,0.01,2.93,2.41,156.58,128.64,,YML,128.64,4749,EY9HRG,Basis-003,3.66,0.09,0.0,0.07,3.68
XA,2025-12-18,DOM,FN-394,XAFN-101,KEEJYN,KEE-JYN,6668843316509,Category C,KEE-JYN,Class 8,TYPE-B,,Agent C1,Payment A,2025-12-13,Category B,CCY-1,N,152.72,36.42,39.21,11.04,11.88,6.09,6.56,183.23,197.25,,KEE,197.25,1349,2VB4JM,Basis-001/BG,4.36,1.12,0.34,0.19,5.64
XA,2025-12-29,DOM,FN-118,XAFN-119,QFXDRW,QFX-DRW,9537258015358,Category D,QFX-DRW,Class 9,TYPE-D,,Agent A2,Payment A,2025-11-03,Category B,CCY-3,Y,163.41,52.81,47.43,8.13,7.3,4.35,3.91,238.54,214.23,,QFX,214.23,2040,BA6VNT,Basis-002/BG,4.67,1.36,0.21,0.11,6.12
XA,2025-12-12,DOM,FN-132,XAFN-132,UBRFUG,UBR-FUG,0518176142662,Category D,UBR-FUG,Class 8,TYPE-C,,Agent A2,Payment B,2025-12-02,Category D,CCY-2,Y,221.59,5.94,5.52,5.9,5.48,6.05,5.62,244.23,226.97,,UBR,226.97,2306,WZDSB5,Basis-002/BG,6.33,0.16,0.16,0.16,6.48
XA,2025-12-28,INT,FN-395,XAFN-508,TDXLNR,TDX-LNR,5642527531779,,TDX-LNR,Class 4,TYPE-A,,Agent B1,Payment A,2025-11-29,Category B,CCY-3,N,5.44,26.12,25.88,9.86,9.77,0.18,0.18,41.3,40.91,,TDX,40.91,3559,MIHHJ4,Basis-003,0.16,0.74,0.28,0.01,1.17
XA,2025-12-06,DOM,FN-101,XAFN-105,TDXKEE,TDX-KEE,2776066259578,,TDX-KEE,Class 1,TYPE-C,,Agent B1,Payment A,2025-11-07,Category B,CCY-1,N,159.13,35.66,30.93,6.18,5.36,8.47,7.35,216.82,188.07,,TDX,188.07,4306,KD9G2J,Basis-001/BG,4.55,0.88,0.15,0.21,5.37
XA,2025-12-28,DOM,FN-394,XAFN-395,PVSTDX,PVS-TDX,9136716168498,,PVS-TDX,Class 5,TYPE-B,,Agent B2,Payment A,2025-12-15,Category B,CCY-1,N,134.78,6.53,7.54,14.57,16.82,3.85,4.44,133.98,154.7,,PVS,154.7,2727,DM6MVI,Basis-001/BG,3.85,0.22,0.48,0.13,4.42
XA,2025-12-17,DOM,FN-117,XAFN-118,KEETDX,KEE-TDX,2985270497344,Category D,KEE-TDX,Class 9,TYPE-D,,Agent A2,Payment C,2025-11-19,Category D,CCY-4,N,125.71,19.85,22.67,15.71,17.94,0.25,0.29,145.39,166.03,,KEE,166.03,4139,JPMEDA,Basis-002,3.59,0.65,0.51,0.01,4.74
XA,2025-12-12,DOM,FN-395,XAFN-395,UBRKSN,UBR-KSN,1236886608823,Category C,UBR-KSN,Class 2,TYPE-B,,Agent B1,Payment A,2025-11-05,Category B,CCY-1,N,50.62,11.9,13.12,4.1,4.52,0.81,0.89,61.12,67.37,,UBR,67.37,1552,GZU2NA,Basis-001,1.45,0.37,0.13,0.03,1.92
XA,2025-12-25,INT,FN-119,XAFN-117,DRWKHV,DRW-KHV,4707308141423,,DRW-KHV,Class 2,TYPE-C,,Agent B2,Payment B,2025-12-16,Category C,CCY-1,N,144.57,32.33,36.47,12.15,13.7,5.25,5.92,167.39,188.82,,DRW,188.82,3264,5E71IX,Basis-001,4.13,1.04,0.39,0.17,5.39
XA,2025-12-03,DOM,FN-132,XAFN-508,DRWJKS,DRW-JKS,1665517286421,Category C,DRW-JKS,Class 5,TYPE-D,,Agent A1,Payment A,2025-12-01,Category A,CCY-4,N,355.76,3.82,3.74,13.31,13.04,7.12,6.97,373.23,365.57,,DRW,365.57,4162,6F83E8,Basis-002,10.16,0.11,0.37,0.2,10.44
XA,2025-12-10,INT,FN-105,XAFN-395,YMLLNR,YML-LNR,0540085380942,,YML-LNR,Class 7,TYPE-D,,Agent C1,Payment B,2025-12-15,Category A,CCY-3,Y,105.43,23.22,21.2,7.56,6.9,0.47,0.43,145.81,133.1,,YML,133.1,3993,V2P0ZI,Basis-001,3.01,0.61,0.2,0.01,3.8
XA,2025-12-15,INT,FN-118,XAFN-508,KEESZV,KEE-SZV,1671656709866,,KEE-SZV,Class 9,TYPE-C,,Agent A1,Payment C,2025-11-28,Category B,CCY-4,Y,77.3,66.54,55.27,17.11,14.21,2.42,2.01,174.3,144.77,,KEE,144.77,1849,893FSQ,Basis-002,2.21,1.58,0.41,0.06,4.14
XA,2025-12-13,DOM,FN-395,XAFN-508,FUGJKS,FUG-JKS,8511881167873,Category D,FUG-JKS,Class 5,TYPE-A,,Agent C1,Payment B,2025-11-08,Category C,CCY-1,N,151.86,42.74,50.27,2.07,2.44,4.3,5.06,169.64,199.51,,FUG,199.51,3569,QQD8UK,Basis-001/BG,4.34,1.44,0.07,0.14,5.7
XA,2025-12-18,DOM,FN-119,XAFN-508,FUGKLC,FUG-KLC,6995713957001,,FUG-KLC,Class 4,TYPE-C,,Agent B1,Payment A,2025-12-11,Category B,CCY-3,Y,43.54,2.48,2.67,6.05,6.5,1.95,2.1,47.1,50.61,,FUG,50.61,2419,57GSQ7,Basis-003,1.24,0.08,0.19,0.06,1.45
XA,2025-12-13,DOM,FN-101,XAFN-118,KEEYML,KEE-YML,0962629225953,,KEE-YML,Class 9,TYPE-D,,Agent A2,Payment A,2025-12-25,Category A,CCY-1,N,162.94,28.88,31.54,9.84,10.75,6.73,7.35,181.18,197.88,,KEE,197.88,1832,GQPE8P,Basis-002/BG,4.66,0.9,0.31,0.21,5.65
XA,2025-12-31,INT,FN-101,XAFN-119,QFXSUQ,QFX-SUQ,7537450883068,Category C,QFX-SUQ,Class 1,TYPE-C,,Agent C1,Payment A,2025-12-25,Category D,CCY-3,Y,37.12,42.09,42.05,11.21,11.2,1.74,1.74,88.71,88.63,,QFX,88.63,2479,7YRVEZ,Basis-001,1.06,1.2,0.32,0.05,2.53
XA,2025-12-15,DOM,FN-117,XAFN-101,DRWYML,DRW-YML,2888239797087,,DRW-YML,Class 8,TYPE-A,,Agent A1,Payment B,2025-12-13,Category B,CCY-1,N,208.64,1.46,1.61,10.49,11.56,0.34,0.37,200.93,221.44,,DRW,221.44,1616,9KD7EU,Basis-001/BG,5.96,0.05,0.33,0.01,6.33
XA,2025-12-02,DOM,FN-101,XAFN-508,KEEYML,KEE-YML,2542709831818,,KEE-YML,Class 7,TYPE-B,,Agent B1,Payment A,2025-11-02,Category D,CCY-4,Y,54.98,26.55,24.04,13.99,12.67,1.99,1.8,99.26,89.89,,KEE,89.89,2672,32X570,Basis-002,1.57,0.69,0.36,0.05,2.57
XA,2025-12-22,INT,FN-508,XAFN-395,KEEDPQ,KEE-DPQ,6858197488467,Category D,KEE-DPQ,Class 9,TYPE-B,,Agent A2,Payment A,2025-11-11,Category D,CCY-2,N,157.29,16.34,17.23,9.51,10.03,6.89,7.27,168.07,177.28,,KEE,177.28,1552,3AO8DZ,Basis-002/BG,4.49,0.49,0.29,0.21,5.07
XA,2025-12-14,INT,FN-133,XAFN-105,KSNTPX,KSN-TPX,2450116012418,,KSN-TPX,Class 6,TYPE-A,,Agent C2,Payment B,2025-11-04,Category D,CCY-3,N,27.48,39.8,47.25,7.56,8.97,1.06,1.26,69.45,82.44,,KSN,82.44,1663,0A7OXZ,Basis-002/BG,0.79,1.35,0.26,0.04,2.36
XA,2025-12-06,DOM,FN-101,XAFN-133,FUGDRW,FUG-DRW,3141092443295,Category D,FUG-DRW,Class 9,TYPE-A,,Agent C2,Payment B,2025-12-22,Category D,CCY-3,N,239.48,20.23,22.1,6.76,7.38,5.14,5.62,241.05,263.34,,FUG,263.34,2537,FUOE7G,Basis-002,6.84,0.63,0.21,0.16,7.52
XA,2025-12-19,INT,FN-394,XAFN-101,KLCGNP,KLC-GNP,6044620374457,,KLC-GNP,Class 8,TYPE-A,,Agent C2,Payment B,2025-12-14,Category D,CCY-2,Y,88.87,37.69,43.14,5.64,6.45,0.26,0.3,120.71,138.16,,KLC,138.16,2506,Z4CFDK,Basis-002/BG,2.54,1.23,0.18,0.01,3.95
XA,2025-12-27,DOM,FN-508,XAFN-101,UBRYML,UBR-YML,7038394271342,Category D,UBR-YML,Class 7,TYPE-D,,Agent A1,Payment B,2025-12-13,Category C,CCY-4,Y,201.57,23.35,24.26,0.12,0.12,7.97,8.28,209.5,217.67,,UBR,217.67,1250,3LQ3D0,Basis-002,5.76,0.69,0.0,0.24,6.22
XA,2025-12-09,DOM,FN-119,XAFN-118,KLCKEE,KLC-KEE,5646639718012,,KLC-KEE,Class 5,TYPE-D,,Agent A2,Payment A,2025-11-23,Category D,CCY-3,N,104.37,13.6,12.31,11.23,10.17,4.74,4.29,135.36,122.56,,KLC,122.56,4937,WRJQ6Q,Basis-002/BG,2.98,0.35,0.29,0.12,3.5
XA,2025-12-26,INT,FN-118,XAFN-508,DRWKUV,DRW-KUV,1348169403242,Category C,DRW-KUV,Class 7,TYPE-A,,Agent B2,Payment C,2025-11-17,Category C,CCY-4,Y,54.77,37.38,43.89,8.12,9.54,0.88,1.03,91.27,107.17,,DRW,107.17,1312,5K9YEL,Basis-001,1.56,1.25,0.27,0.03,3.06
XA,2025-12-27,DOM,FN-101,XAFN-132,KEEQFX,KEE-QFX,8198365146905,,KEE-QFX,Class 9,TYPE-B,,Agent B2,Payment B,2025-11-23,Category B,CCY-2,N,135.79,38.0,39.84,14.14,14.82,2.04,2.14,179.62,188.31,,KEE,188.31,4923,1BQT1D,Basis-003,3.88,1.14,0.42,0.06,5.38
XA,2025-12-07,DOM,FN-132,XAFN-118,JYNJKS,JYN-JKS,5136402942208,Category D,JYN-JKS,Class 1,TYPE-C,,Agent A1,Payment A,2025-12-21,Category A,CCY-3,Y,148.39,15.71,18.43,0.96,1.13,0.38,0.44,142.77,167.51,,JYN,167.51,992,M6MW6N,Basis-001/BG,4.24,0.53,0.03,0.01,4.79
XA,2025-12-30,INT,FN-119,XAFN-133,FUGSUQ,FUG-SUQ,0181170328032,Category D,FUG-SUQ,Class 8,TYPE-B,,Agent C1,Payment A,2025-11-26,Category A,CCY-1,N,95.12,22.18,20.74,11.27,10.54,2.2,2.06,132.95,124.34,,FUG,124.34,2391,9ZWQFC,Basis-002/BG,2.72,0.59,0.3,0.06,3.55
XA,2025-12-31,INT,FN-118,XAFN-133,FUGMBT,FUG-MBT,8726117370215,Category C,FUG-MBT,Class 9,TYPE-C,,Agent B1,Payment A,2025-12-26,Category B,CCY-1,N,122.39,48.01,40.32,8.26,6.94,6.37,5.35,195.64,164.3,,FUG,164.3,2868,WV7IHD,Basis-001,3.5,1.15,0.2,0.15,4.69
XA,2025-12-22,DOM,FN-133,XAFN-133,KLCUBR,KLC-UBR,6291362153944,,KLC-UBR,Class 2,TYPE-D,,Agent A1,Payment A,2025-12-24,Category C,CCY-2,N,145.44,52.95,47.76,12.98,11.71,2.51,2.26,224.65,202.65,,KLC,202.65,1124,ZAZTVK,Basis-002/BG,4.16,1.36,0.33,0.06,5.79
XA,2025-12-10,INT,FN-395,XAFN-105,YMLSUQ,YML-SUQ,3353336941751,,YML-SUQ,Class 4,TYPE-A,,Agent B2,Payment C,2025-11-23,Category D,CCY-4,N,145.2,25.85,20.97,8.42,6.83,8.12,6.59,205.16,166.41,,YML,166.41,4585,F8J0SU,Basis-002/BG,4.15,0.6,0.2,0.19,4.75
XA,2025-12-01,DOM,FN-394,XAFN-119,KSNYML,KSN-YML,0907294856366,,KSN-YML,Class 6,TYPE-D,,Agent A2,Payment A,2025-12-29,Category B,CCY-4,N,81.95,18.72,21.88,11.79,13.78,2.14,2.5,98.47,115.11,,KSN,115.11,1662,YOHUMR,Basis-001,2.34,0.63,0.39,0.07,3.29
XA,2025-12-27,DOM,FN-119,XAFN-508,KSNFUG,KSN-FUG,3942728288156,Category D,KSN-FUG,Class 5,TYPE-D,,Agent A1,Payment B,2025-11-04,Category B,CCY-2,N,132.25,10.33,9.75,19.97,18.84,5.95,5.61,164.54,155.23,,KSN,155.23,2506,KQAKCI,Basis-002/BG,3.78,0.28,0.54,0.16,4.44
XA,2025-12-05,DOM,FN-119,XAFN-132,TDXUBR,TDX-UBR,0688439393960,,TDX-UBR,Class 3,TYPE-B,,Agent B2,Payment A,2025-12-05,Category B,CCY-3,Y,175.6,9.74,8.9,8.53,7.79,8.32,7.6,202.16,184.69,,TDX,184.69,1098,VVQZSX,Basis-002,5.02,0.25,0.22,0.22,5.28
XA,2025-12-01,INT,FN-119,XAFN-105,KLCMBT,KLC-MBT,8686592799481,Category C,KLC-MBT,Class 6,TYPE-D,,Agent B1,Payment B,2025-12-29,Category C,CCY-4,Y,158.87,51.27,55.57,4.11,4.46,5.25,5.69,196.71,213.21,,KLC,213.21,3973,RU0V8E,Basis-003,4.54,1.59,0.13,0.16,6.09
XA,2025-12-16,INT,FN-117,XAFN-508,FUGSZV,FUG-SZV,1188440147082,Category C,FUG-SZV,Class 4,TYPE-A,,Agent C2,Payment C,2025-12-21,Category D,CCY-4,Y,228.08,47.58,50.99,6.4,6.86,3.16,3.39,263.64,282.54,,FUG,282.54,4064,XM4EXJ,Basis-002,6.52,1.46,0.2,0.1,8.07
XA,2025-12-30,DOM,FN-105,XAFN-117,JYNFUG,JYN-FUG,8995121744756,Category C,JYN-FUG,Class 9,TYPE-D,,Agent B1,Payment A,2025-12-25,Category B,CCY-1,N,127.8,15.54,14.46,9.65,8.98,1.82,1.69,160.74,149.55,,JYN,149.55,393,KBF51X,Basis-001/BG,3.65,0.41,0.26,0.05,4.27
XA,2025-12-01,INT,FN-119,XAFN-132,KEETPX,KEE-TPX,8139795196245,Category C,KEE-TPX,Class 9,TYPE-C,,Agent A1,Payment B,2025-11-24,Category D,CCY-2,Y,147.07,33.73,39.89,13.06,15.45,0.69,0.82,170.47,201.59,,KEE,201.59,2108,3NC79W,Basis-003,4.2,1.14,0.44,0.02,5.76
XA,2025-12-16,INT,FN-101,XAFN-117,KLCRZP,KLC-RZP,5984585542205,Category D,KLC-RZP,Class 3,TYPE-D,,Agent A2,Payment C,2025-11-08,Category B,CCY-2,N,90.15,0.47,0.49,9.47,9.89,2.59,2.71,93.65,97.82,,KLC,97.82,3869,IXYYQ4,Basis-002/BG,2.58,0.01,0.28,0.08,2.79
XA,2025-12-20,DOM,FN-132,XAFN-132,KSNYML,KSN-YML,7632951662156,,KSN-YML,Class 1,TYPE-C,,Agent C1,Payment C,2025-11-25,Category B,CCY-1,N,173.48,34.56,33.74,8.57,8.37,5.56,5.43,215.29,210.16,,KSN,210.16,2515,3BXHO8,Basis-003,4.96,0.96,0.24,0.16,6.0
XA,2025-12-27,INT,FN-105,XAFN-394,NABMFP,NAB-MFP,5840531886585,Category C,NAB-MFP,Class 1,TYPE-B,,Agent C1,Payment C,2025-12-11,Category D,CCY-2,N,159.98,52.49,52.73,11.86,11.91,3.08,3.09,220.53,221.53,,NAB,221.53,1208,QQ5CIK,Basis-001,4.57,1.51,0.34,0.09,6.33
XA,2025-12-27,INT,FN-119,XAFN-132,UBRKHV,UBR-KHV,1719949745009,,UBR-KHV,Class 9,TYPE-A,,Agent B2,Payment B,2025-12-31,Category C,CCY-2,Y,120.13,22.95,22.5,9.33,9.15,4.93,4.83,149.89,146.95,,UBR,146.95,4072,XCGL28,Basis-001,3.43,0.64,0.26,0.14,4.2
XA,2025-12-01,DOM,FN-117,XAFN-394,JKSUBR,JKS-UBR,8201581130839,Category D,JKS-UBR,Class 6,TYPE-B,,Agent A1,Payment A,2025-12-20,Category D,CCY-2,N,280.94,30.14,27.25,10.95,9.9,12.96,11.72,338.87,306.37,,JKS,306.37,1210,ME59HL,Basis-001,8.03,0.78,0.28,0.33,8.75
XA,2025-12-16,INT,FN-133,XAFN-133,KEEKUV,KEE-KUV,7080606050640,Category D,KEE-KUV,Class 8,TYPE-A,,Agent A1,Payment C,2025-11-15,Category B,CCY-1,N,111.41,40.64,46.48,17.31,19.8,4.41,5.04,150.97,172.65,,KEE,172.65,380,30X0BW,Basis-002,3.18,1.33,0.57,0.14,4.93
XA,2025-12-24,DOM,FN-117,XAFN-118,UMKTDX,UMK-TDX,6155224113414,,UMK-TDX,Class 4,TYPE-B,,Agent B2,Payment C,2025-12-06,Category B,CCY-3,N,186.05,31.82,31.24,10.37,10.18,2.13,2.09,229.56,225.38,,UMK,225.38,3230,TH8GIH,Basis-003,5.32,0.89,0.29,0.06,6.44
XA,2025-12-14,INT,FN-508,XAFN-118,KLCKHV,KLC-KHV,5684709319579,,KLC-KHV,Class 9,TYPE-C,,Agent C1,Payment A,2025-11-12,Category B,CCY-3,N,40.74,37.91,41.18,9.82,10.67,0.76,0.83,84.47,91.76,,KLC,91.76,2303,391VWA,Basis-003,1.16,1.18,0.3,0.02,2.62
XA,2025-12-02,INT,FN-117,XAFN-119,JKSHGV,JKS-HGV,0771465028601,,JKS-HGV,Class 9,TYPE-B,,Agent B2,Payment B,2025-12-24,Category A,CCY-3,Y,184.27,18.23,19.33,7.62,8.08,2.18,2.31,197.44,209.37,,JKS,209.37,4383,C6TVDX,Basis-001/BG,5.26,0.55,0.23,0.07,5.98
XA,2025-12-17,INT,FN-118,XAFN-118,UMKZYR,UMK-ZYR,4453256721195,,UMK-ZYR,Class 2,TYPE-A,,Agent A1,Payment C,2025-11-18,Category C,CCY-1,Y,117.12,46.07,45.32,8.25,8.11,0.26,0.26,173.13,170.29,,UMK,170.29,3493,M1XEOM,Basis-002,3.35,1.29,0.23,0.01,4.87
XA,2025-12-18,INT,FN-395,XAFN-394,KSNKUV,KSN-KUV,6414377222855,,KSN-KUV,Class 1,TYPE-B,,Agent A1,Payment B,2025-12-07,Category B,CCY-1,N,316.61,30.39,36.46,3.02,3.62,0.09,0.11,297.17,356.58,,KSN,356.58,2553,TCB7HQ,Basis-001,9.05,1.04,0.1,0.0,10.19
XA,2025-12-26,DOM,FN-117,XAFN-132,YMLJYN,YML-JYN,3759335851514,Category D,YML-JYN,Class 8,TYPE-A,,Agent C2,Payment A,2025-12-02,Category C,CCY-4,N,139.72,24.1,20.22,1.16,0.97,2.06,1.73,189.73,159.18,,YML,159.18,4074,EV137S,Basis-001,3.99,0.58,0.03,0.05,4.55
XA,2025-12-02,DOM,FN-394,XAFN-133,UMKUBR,UMK-UBR,0595587042537,,UMK-UBR,Class 3,TYPE-D,,Agent C1,Payment C,2025-11-27,Category D,CCY-1,Y,277.96,36.88,40.55,11.52,12.67,9.56,10.51,291.68,320.67,,UMK,320.67,1272,45VN67,Basis-001,7.94,1.16,0.36,0.3,9.16
XA,2025-12-27,DOM,FN-117,XAFN-119,UMKNAB,UMK-NAB,8057121662966,Category C,UMK-NAB,Class 8,TYPE-D,,Agent A2,Payment B,2025-11-11,Category A,CCY-2,N,163.23,8.29,9.27,6.78,7.58,6.96,7.78,154.08,172.3,,UMK,172.3,1593,OLYK3W,Basis-002/BG,4.66,0.26,0.22,0.22,4.92
XA,2025-12-27,INT,FN-119,XAFN-119,UMKSUQ,UMK-SUQ,0442179534856,Category D,UMK-SUQ,Class 4,TYPE-C,,Agent C2,Payment A,2025-11-19,Category C,CCY-2,N,217.34,17.13,14.23,3.2,2.66,0.91,0.76,281.0,233.47,,UMK,233.47,1579,J4L17K,Basis-001,6.21,0.41,0.08,0.02,6.67
XA,2025-12-04,INT,FN-394,XAFN-101,YMLLNR,YML-LNR,0033790474212,,YML-LNR,Class 7,TYPE-D,,Agent C2,Payment B,2025-11-02,Category C,CCY-4,Y,131.83,30.45,27.87,11.67,10.68,5.53,5.06,180.65,165.32,,YML,165.32,4585,1P710X,Basis-001,3.77,0.8,0.31,0.14,4.72
XA,2025-12-05,INT,FN-101,XAFN-394,KEEKHV,KEE-KHV,5308772269667,Category C,KEE-KHV,Class 9,TYPE-C,,Agent C1,Payment B,2025-12-27,Category D,CCY-1,Y,208.28,46.2,39.56,13.18,11.29,5.34,4.57,297.28,254.56,,KEE,254.56,931,0ZBNT1,Basis-003,5.95,1.13,0.32,0.13,7.27
XA,2025-12-26,DOM,FN-508,XAFN-117,PVSQFX,PVS-QFX,1271952617186,,PVS-QFX,Class 7,TYPE-A,,Agent C2,Payment C,2025-11-28,Category B,CCY-3,N,245.64,6.23,7.22,10.81,12.52,0.72,0.83,228.33,264.55,,PVS,264.55,1349,591JXL,Basis-002,7.02,0.21,0.36,0.02,7.56
XA,2025-12-23,INT,FN-508,XAFN-133,FUGVQR,FUG-VQR,3481300436256,,FUG-VQR,Class 4,TYPE-C,,Agent A2,Payment C,2025-12-12,Category B,CCY-2,Y,200.12,11.17,11.41,2.44,2.49,6.52,6.66,202.98,207.36,,FUG,207.36,3014,U87RN7,Basis-001,5.72,0.33,0.07,0.19,5.92
XA,2025-12-22,INT,FN-105,XAFN-508,DRWTPX,DRW-TPX,5816189329865,Category C,DRW-TPX,Class 2,TYPE-D,,Agent B2,Payment A,2025-11-20,Category C,CCY-1,Y,90.32,24.67,20.08,16.92,13.77,4.66,3.79,147.89,120.38,,DRW,120.38,829,TUU583,Basis-002,2.58,0.57,0.39,0.11,3.44
XA,2025-12-25,DOM,FN-133,XAFN-105,DRWNAB,DRW-NAB,8912415212193,Category C,DRW-NAB,Class 2,TYPE-D,,Agent A2,Payment A,2025-11-03,Category D,CCY-2,Y,100.84,18.76,17.15,7.59,6.94,1.87,1.71,134.82,123.22,,DRW,123.22,2124,X32VV8,Basis-002,2.88,0.49,0.2,0.05,3.52
XA,2025-12-23,INT,FN-118,XAFN-105,YMLHGV,YML-HGV,0894520725940,Category C,YML-HGV,Class 8,TYPE-D,,Agent B2,Payment B,2025-12-08,Category C,CCY-3,Y,239.49,27.53,30.2,8.3,9.1,4.76,5.22,249.43,273.57,,YML,273.57,1783,977S5J,Basis-002,6.84,0.86,0.26,0.15,7.82
XA,2025-12-20,INT,FN-118,XAFN-117,KSNMFP,KSN-MFP,2851413632558,,KSN-MFP,Class 3,TYPE-A,,Agent A2,Payment A,2025-12-18,Category B,CCY-3,Y,141.2,41.73,49.38,5.28,6.25,1.94,2.29,164.39,194.54,,KSN,194.54,288,MD66DE,Basis-001/BG,4.03,1.41,0.18,0.07,5.56
XA,2025-12-17,INT,FN-117,XAFN-105,KSNVQR,KSN-VQR,3522111189098,Category C,KSN-VQR,Class 7,TYPE-A,,Agent C1,Payment B,2025-12-08,Category B,CCY-4,Y,255.24,31.64,33.16,8.78,9.2,8.73,9.15,275.19,288.45,,KSN,288.45,1892,BXCSXC,Basis-003,7.29,0.95,0.26,0.26,8.24
XA,2025-12-17,INT,FN-117,XAFN-395,UBRZYR,UBR-ZYR,9681814335862,Category C,UBR-ZYR,Class 3,TYPE-C,,Agent C1,Payment C,2025-12-06,Category A,CCY-1,N,350.07,12.55,14.17,7.29,8.23,13.31,15.03,316.57,357.44,,UBR,357.44,4646,S1R8VS,Basis-002/BG,10.0,0.4,0.24,0.43,10.21
XA,2025-12-09,INT,FN-117,XAFN-119,UMKHGV,UMK-HGV,5986484092702,,UMK-HGV,Class 1,TYPE-D,,Agent B1,Payment B,2025-11-10,Category B,CCY-2,N,51.41,45.78,44.29,19.07,18.45,0.74,0.72,117.24,113.43,,UMK,113.43,4741,UBKNU1,Basis-001/BG,1.47,1.27,0.53,0.02,3.24
XA,2025-12-25,INT,FN-395,XAFN-133,YMLKUV,YML-KUV,6814034845453,,YML-KUV,Class 2,TYPE-D,,Agent C1,Payment A,2025-12-12,Category B,CCY-3,N,283.59,50.55,48.36,9.42,9.01,13.28,12.7,343.13,328.26,,YML,328.26,1756,HMQSC7,Basis-002,8.1,1.38,0.26,0.36,9.38
XA,2025-12-12,INT,FN-395,XAFN-118,DRWDPQ,DRW-DPQ,9089571070611,Category D,DRW-DPQ,Class 2,TYPE-A,,Agent A2,Payment A,2025-12-13,Category B,CCY-3,N,120.78,5.08,4.93,20.81,20.18,1.91,1.85,148.56,144.04,,DRW,144.04,3622,A7S4G5,Basis-003,3.45,0.14,0.58,0.05,4.12
XA,2025-12-24,INT,FN-118,XAFN-395,KEESUQ,KEE-SUQ,8486181745757,,KEE-SUQ,Class 5,TYPE-B,,Agent B2,Payment C,2025-11-14,Category D,CCY-3,Y,187.52,28.01,22.62,20.61,16.64,2.49,2.01,278.38,224.77,,KEE,224.77,497,6UR7I2,Basis-001/BG,5.36,0.65,0.48,0.06,6.42
XA,2025-12-26,INT,FN-118,XAFN-119,JKSSUQ,JKS-SUQ,3409705550133,Category C,JKS-SUQ,Class 1,TYPE-C,,Agent A2,Payment C,2025-11-06,Category D,CCY-4,Y,72.18,37.24,36.1,9.43,9.14,1.74,1.69,119.37,115.73,,JKS,115.73,4188,ZWPISS,Basis-001/BG,2.06,1.03,0.26,0.05,3.31
XA,2025-12-02,INT,FN-105,XAFN-132,KEEDPQ,KEE-DPQ,8526323107857,,KEE-DPQ,Class 3,TYPE-C,,Agent B2,Payment A,2025-11-03,Category C,CCY-4,N,201.09,25.7,29.05,2.43,2.75,7.95,8.99,198.06,223.9,,KEE,223.9,1301,AZDP5G,Basis-001/BG,5.75,0.83,0.08,0.26,6.4
XA,2025-12-03,INT,FN-118,XAFN-508,YMLMFP,YML-MFP,7741818271513,,YML-MFP,Class 5,TYPE-C,,Agent C1,Payment A,2025-12-18,Category B,CCY-1,N,156.05,45.56,45.73,9.81,9.85,0.62,0.62,210.23,211.01,,YML,211.01,3599,ZJ2JIQ,Basis-001,4.46,1.31,0.28,0.02,6.03
XA,2025-12-08,INT,FN-394,XAFN-118,NABKHV,NAB-KHV,5714727479319,,NAB-KHV,Class 4,TYPE-D,,Agent A1,Payment A,2025-11-16,Category B,CCY-3,N,212.01,14.48,14.32,9.98,9.87,10.62,10.5,228.21,225.7,,NAB,225.7,3830,SY0LJ2,Basis-001/BG,6.06,0.41,0.28,0.3,6.45
XA,2025-12-09,DOM,FN-105,XAFN-118,JYNYML,JYN-YML,5886136432359,,JYN-YML,Class 8,TYPE-D,,Agent A2,Payment A,2025-12-27,Category D,CCY-4,N,100.04,35.04,41.2,8.64,10.16,2.82,3.32,125.93,148.08,,JYN,148.08,2826,17ZSBA,Basis-001/BG,2.86,1.18,0.29,0.09,4.23
XA,2025-12-03,DOM,FN-508,XAFN-133,KLCKEE,KLC-KEE,6679399278360,,KLC-KEE,Class 8,TYPE-A,,Agent C2,Payment C,2025-12-02,Category B,CCY-3,Y,205.21,42.73,46.32,12.42,13.46,4.35,4.71,240.11,260.28,,KLC,260.28,4294,X0SI9I,Basis-001,5.86,1.32,0.38,0.13,7.44
XA,2025-12-17,DOM,FN-119,XAFN-105,FUGKLC,FUG-KLC,9526467445632,Category C,FUG-KLC,Class 4,TYPE-C,,Agent A1,Payment B,2025-11-20,Category D,CCY-4,N,171.85,16.48,15.03,10.95,9.99,8.29,7.56,207.53,189.31,,FUG,189.31,4479,53K543,Basis-002,4.91,0.43,0.29,0.22,5.41
XA,2025-12-19,INT,FN-117,XAFN-119,QFXHGV,QFX-HGV,4371424388013,,QFX-HGV,Class 5,TYPE-B,,Agent C2,Payment B,2025-12-09,Category B,CCY-2,N,107.35,29.19,24.84,9.55,8.13,0.05,0.04,164.83,140.28,,QFX,140.28,460,22O1LI,Basis-002,3.07,0.71,0.23,0.0,4.01
XA,2025-12-16,DOM,FN-117,XAFN-105,NABJYN,NAB-JYN,5980560222470,Category C,NAB-JYN,Class 6,TYPE-B,,Agent C2,Payment C,2025-11-06,Category B,CCY-1,Y,71.61,0.74,0.64,7.74,6.66,0.73,0.63,90.98,78.28,,NAB,78.28,4000,T5CTAY,Basis-002,2.05,0.02,0.19,0.02,2.24
XA,2025-12-21,DOM,FN-508,XAFN-119,TDXYML,TDX-YML,2008224491306,,TDX-YML,Class 9,TYPE-A,,Agent C1,Payment B,2025-11-21,Category D,CCY-3,Y,165.47,11.99,9.78,12.36,10.08,3.31,2.7,223.89,182.63,,TDX,182.63,2488,EGJ35J,Basis-001,4.73,0.28,0.29,0.08,5.22
XA,2025-12-08,INT,FN-117,XAFN-508,UBRLNR,UBR-LNR,5010232321399,Category C,UBR-LNR,Class 2,TYPE-C,,Agent C1,Payment A,2025-11-19,Category B,CCY-2,N,302.02,49.56,45.35,19.91,18.22,2.99,2.74,396.56,362.85,,UBR,362.85,2112,LGDJ7W,Basis-002/BG,8.63,1.3,0.52,0.08,10.37
XA,2025-12-03,DOM,FN-101,XAFN-132,KEEPVS,KEE-PVS,9784281435194,,KEE-PVS,Class 2,TYPE-D,,Agent C1,Payment C,2025-12-26,Category A,CCY-3,N,181.29,55.45,47.51,7.45,6.38,2.37,2.03,272.12,233.15,,KEE,233.15,3530,IXVX41,Basis-001,5.18,1.36,0.18,0.06,6.66
XA,2025-12-02,INT,FN-105,XAFN-118,QFXDPQ,QFX-DPQ,1048820645620,,QFX-DPQ,Class 4,TYPE-B,,Agent C2,Payment A,2025-12-16,Category D,CCY-1,Y,98.45,10.3,11.09,14.8,15.93,3.73,4.01,112.84,121.46,,QFX,121.46,3750,1FYUHQ,Basis-002,2.81,0.32,0.46,0.11,3.47
XA,2025-12-15,DOM,FN-508,XAFN-105,KEEPVS,KEE-PVS,6712794401305,,KEE-PVS,Class 6,TYPE-B,,Agent B1,Payment A,2025-11-16,Category B,CCY-4,N,273.23,20.18,21.7,8.12,8.73,4.46,4.79,278.0,298.87,,KEE,298.87,4978,QBYAU5,Basis-003,7.81,0.62,0.25,0.14,8.54
XA,2025-12-27,INT,FN-101,XAFN-117,UMKSZV,UMK-SZV,2854040261668,Category D,UMK-SZV,Class 7,TYPE-C,,Agent C2,Payment A,2025-11-07,Category C,CCY-1,N,89.69,30.37,35.74,13.27,15.62,2.19,2.58,117.67,138.47,,UMK,138.47,1264,F2JE1O,Basis-002,2.56,1.02,0.45,0.07,3.96
XA,2025-12-10,INT,FN-394,XAFN-101,UBRKUV,UBR-KUV,5649717291269,,UBR-KUV,Class 9,TYPE-C,,Agent A2,Payment A,2025-11-18,Category C,CCY-2,Y,10.58,35.44,36.14,8.45,8.62,0.36,0.37,53.91,54.97,,UBR,54.97,1772,T3AWPQ,Basis-003,0.3,1.03,0.25,0.01,1.57
XA,2025-12-17,DOM,FN-132,XAFN-117,YMLFUG,YML-FUG,0564598034405,Category D,YML-FUG,Class 1,TYPE-D,,Agent B1,Payment C,2025-12-10,Category C,CCY-2,Y,159.07,31.33,36.88,7.7,9.06,6.14,7.23,168.04,197.78,,YML,197.78,4983,30Z117,Basis-002,4.54,1.05,0.26,0.21,5.65
XA,2025-12-12,INT,FN-118,XAFN-132,KLCMFP,KLC-MFP,5491283117949,Category D,KLC-MFP,Class 5,TYPE-C,,Agent A2,Payment A,2025-12-24,Category B,CCY-2,Y,141.71,33.2,26.79,18.4,14.85,6.63,5.35,220.57,178.0,,KLC,178.0,4896,MSQ5F8,Basis-003,4.05,0.77,0.42,0.15,5.09
XA,2025-12-21,INT,FN-132,XAFN-101,PVSVQR,PVS-VQR,9478641638828,,PVS-VQR,Class 1,TYPE-A,,Agent C2,Payment B,2025-12-17,Category B,CCY-3,N,183.5,35.88,33.31,3.93,3.65,6.08,5.64,231.41,214.82,,PVS,214.82,1037,FE6V5N,Basis-001/BG,5.24,0.95,0.1,0.16,6.14
XA,2025-12-13,DOM,FN-119,XAFN-133,FUGDRW,FUG-DRW,3004335901564,,FUG-DRW,Class 7,TYPE-D,,Agent C2,Payment C,2025-11-24,Category C,CCY-3,N,119.71,38.3,43.48,8.98,10.19,4.37,4.96,148.35,168.42,,FUG,168.42,4844,KD7969,Basis-002,3.42,1.24,0.29,0.14,4.81
XA,2025-12-16,DOM,FN-394,XAFN-118,PVSUMK,PVS-UMK,1616566576406,Category C,PVS-UMK,Class 4,TYPE-B,,Agent B2,Payment B,2025-11-22,Category D,CCY-4,Y,202.76,59.64,56.5,16.03,15.19,8.69,8.23,281.0,266.22,,PVS,266.22,3866,ECUOUV,Basis-003,5.79,1.61,0.43,0.24,7.61
XA,2025-12-14,DOM,FN-508,XAFN-117,QFXTDX,QFX-TDX,8515628379477,Category D,QFX-TDX,Class 7,TYPE-A,,Agent B2,Payment C,2025-11-14,Category B,CCY-2,Y,157.45,24.46,22.34,3.03,2.77,1.95,1.78,197.93,180.78,,QFX,180.78,3597,0CBQTP,Basis-002/BG,4.5,0.64,0.08,0.05,5.17
XA,2025-12-18,DOM,FN-105,XAFN-133,JKSYML,JKS-YML,5498061846487,,JKS-YML,Class 5,TYPE-A,,Agent C1,Payment C,2025-11-24,Category D,CCY-3,N,136.53,26.96,25.11,12.83,11.95,0.27,0.25,186.13,173.34,,JKS,173.34,2705,P4HN5X,Basis-002,3.9,0.72,0.34,0.01,4.95
XA,2025-12-30,DOM,FN-508,XAFN-117,UMKKLC,UMK-KLC,1736656673906,,UMK-KLC,Class 7,TYPE-D,,Agent A2,Payment B,2025-12-14,Category D,CCY-4,Y,137.69,25.2,25.19,1.1,1.1,1.23,1.23,162.79,162.75,,UMK,162.75,1799,OZO7QP,Basis-002,3.93,0.72,0.03,0.04,4.65
XA,2025-12-13,INT,FN-105,XAFN-117,NABLNR,NAB-LNR,3494572449176,Category D,NAB-LNR,Class 7,TYPE-B,,Agent B2,Payment A,2025-11-20,Category A,CCY-3,Y,74.8,43.07,37.15,21.54,18.58,0.12,0.1,151.21,130.43,,NAB,130.43,4937,V77R38,Basis-001/BG,2.14,1.06,0.53,0.0,3.73
XA,2025-12-08,DOM,FN-105,XAFN-132,UMKNAB,UMK-NAB,6670533085198,Category C,UMK-NAB,Class 1,TYPE-D,,Agent A1,Payment B,2025-12-07,Category D,CCY-4,Y,142.2,39.3,34.92,16.61,14.76,7.96,7.07,208.02,184.81,,UMK,184.81,2719,9TVPUC,Basis-001/BG,4.06,1.0,0.42,0.2,5.28
XA,2025-12-23,DOM,FN-101,XAFN-118,UMKTDX,UMK-TDX,0441616613063,Category D,UMK-TDX,Class 8,TYPE-C,,Agent C1,Payment B,2025-11-13,Category D,CCY-3,Y,85.13,40.11,35.5,7.12,6.3,2.54,2.25,140.86,124.68,,UMK,124.68,305,KSAUA4,Basis-002/BG,2.43,1.01,0.18,0.06,3.56
XA,2025-12-09,INT,FN-101,XAFN-117,UBRKUV,UBR-KUV,4938713899279,Category C,UBR-KUV,Class 9,TYPE-C,,Agent C2,Payment B,2025-12-19,Category C,CCY-4,N,219.19,29.79,32.27,10.61,11.49,3.65,3.95,239.07,259.0,,UBR,259.0,2957,2T02A4,Basis-002/BG,6.26,0.92,0.33,0.11,7.4
XA,2025-12-09,DOM,FN-132,XAFN-394,NABKEE,NAB-KEE,8245663630512,,NAB-KEE,Class 2,TYPE-D,,Agent A2,Payment B,2025-12-10,Category D,CCY-3,Y,87.39,48.93,40.61,24.6,20.42,0.7,0.58,178.13,147.84,,NAB,147.84,931,9I1H54,Basis-002/BG,2.5,1.16,0.58,0.02,4.22
XA,2025-12-29,DOM,FN-101,XAFN-105,DRWTDX,DRW-TDX,5034316292356,Category C,DRW-TDX,Class 6,TYPE-A,,Agent A2,Payment B,2025-12-23,Category B,CCY-4,Y,69.37,22.81,24.9,10.22,11.16,0.13,0.14,96.46,105.29,,DRW,105.29,3228,8D2A9R,Basis-003,1.98,0.71,0.32,0.0,3.01
XA,2025-12-17,DOM,FN-508,XAFN-394,UBRFUG,UBR-FUG,2870245645310,,UBR-FUG,Class 4,TYPE-D,,Agent C2,Payment C,2025-12-15,Category A,CCY-4,N,212.91,21.57,21.61,4.16,4.17,0.03,0.03,238.26,238.66,,UBR,238.66,443,A8UBUQ,Basis-002,6.08,0.62,0.12,0.0,6.82
XA,2025-12-16,DOM,FN-105,XAFN-133,NABJKS,NAB-JKS,1563360610132,Category C,NAB-JKS,Class 4,TYPE-A,,Agent A2,Payment A,2025-11-02,Category B,CCY-3,N,258.74,38.99,41.41,1.21,1.29,4.43,4.71,279.38,296.73,,NAB,296.73,4271,FSP9BD,Basis-003,7.39,1.18,0.04,0.13,8.48
XA,2025-12-05,DOM,FN-101,XAFN-133,YMLJKS,YML-JKS,2895804248511,,YML-JKS,Class 1,TYPE-B,,Agent C1,Payment A,2025-11-05,Category A,CCY-2,N,101.39,58.9,53.52,18.97,17.24,4.04,3.67,185.4,168.48,,YML,168.48,2218,WRMQG2,Basis-002,2.9,1.53,0.49,0.1,4.81
XA,2025-12-02,INT,FN-101,XAFN-394,DRWHGV,DRW-HGV,3703877464385,,DRW-HGV,Class 7,TYPE-B,,Agent B1,Payment C,2025-11-29,Category A,CCY-4,N,225.09,26.15,27.36,9.95,10.41,5.72,5.98,245.51,256.88,,DRW,256.88,2376,612JUN,Basis-003,6.43,0.78,0.3,0.17,7.34
XA,2025-12-28,INT,FN-395,XAFN-101,NABMBT,NAB-MBT,5479489830186,,NAB-MBT,Class 3,TYPE-A,,Agent C2,Payment B,2025-11-24,Category B,CCY-1,Y,139.53,51.75,46.92,6.2,5.62,0.36,0.33,211.49,191.74,,NAB,191.74,4725,51Q1PA,Basis-001,3.99,1.34,0.16,0.01,5.48
XA,2025-12-11,INT,FN-118,XAFN-395,KSNHGV,KSN-HGV,9433805363471,,KSN-HGV,Class 1,TYPE-D,,Agent C1,Payment A,2025-11-17,Category D,CCY-2,Y,85.54,46.81,45.15,10.14,9.78,2.68,2.58,142.97,137.89,,KSN,137.89,3023,W2LMEG,Basis-003,2.44,1.29,0.28,0.07,3.94
XA,2025-12-09,DOM,FN-132,XAFN-508,QFXTDX,QFX-TDX,2189310587686,Category D,QFX-TDX,Class 2,TYPE-D,,Agent A1,Payment C,2025-12-30,Category C,CCY-3,Y,260.28,19.47,19.93,9.51,9.73,6.95,7.11,276.37,282.83,,QFX,282.83,3347,LRJX6Y,Basis-002,7.44,0.57,0.28,0.2,8.08
XA,2025-12-29,DOM,FN-117,XAFN-118,KEEJKS,KEE-JKS,6302578653578,,KEE-JKS,Class 7,TYPE-D,,Agent B2,Payment B,2025-12-28,Category B,CCY-4,N,76.21,35.35,30.11,3.06,2.61,0.87,0.74,127.0,108.19,,KEE,108.19,430,HFDWZJ,Basis-003,2.18,0.86,0.07,0.02,3.09
XA,2025-12-28,INT,FN-118,XAFN-118,FUGRZP,FUG-RZP,1851996832762,,FUG-RZP,Class 5,TYPE-B,,Agent A2,Payment B,2025-11-08,Category A,CCY-4,N,110.99,7.15,8.46,11.39,13.47,2.87,3.39,109.53,129.53,,FUG,129.53,3630,AFIVAQ,Basis-001/BG,3.17,0.24,0.38,0.1,3.7
XA,2025-12-25,DOM,FN-394,XAFN-132,JYNKLC,JYN-KLC,8116259697185,,JYN-KLC,Class 3,TYPE-A,,Agent B1,Payment C,2025-12-29,Category D,CCY-2,N,207.33,3.75,4.05,15.44,16.67,2.62,2.83,208.63,225.22,,JYN,225.22,4015,4NEL8S,Basis-003,5.92,0.12,0.48,0.08,6.43
XA,2025-12-17,INT,FN-508,XAFN-105,KSNKUV,KSN-KUV,9283440260835,,KSN-KUV,Class 8,TYPE-C,,Agent C2,Payment C,2025-11-14,Category C,CCY-4,N,349.79,36.34,30.69,8.04,6.79,18.24,15.4,440.33,371.87,,KSN,371.87,697,47SL7K,Basis-001,9.99,0.88,0.19,0.44,10.62
XA,2025-12-16,INT,FN-133,XAFN-394,TDXDPQ,TDX-DPQ,5675386688145,Category C,TDX-DPQ,Class 6,TYPE-B,,Agent C2,Payment B,2025-12-23,Category A,CCY-3,Y,375.95,11.72,10.22,11.59,10.1,19.92,17.36,434.69,378.91,,TDX,378.91,1861,RGGOKB,Basis-001,10.74,0.29,0.29,0.5,10.83
XA,2025-12-17,INT,FN-118,XAFN-117,QFXMBT,QFX-MBT,7359919215786,Category D,QFX-MBT,Class 9,TYPE-C,,Agent C2,Payment C,2025-12-23,Category B,CCY-1,N,164.37,58.46,50.18,13.75,11.8,7.35,6.31,256.36,220.04,,QFX,220.04,849,3A8F5Q,Basis-001,4.7,1.43,0.34,0.18,6.29
XA,2025-12-25,DOM,FN-132,XAFN-117,TDXKEE,TDX-KEE,1225624437629,Category C,TDX-KEE,Class 7,TYPE-A,,Agent B2,Payment B,2025-12-30,Category C,CCY-2,N,110.11,16.21,15.73,8.54,8.29,5.61,5.45,132.57,128.68,,TDX,128.68,3207,757PR7,Basis-002/BG,3.15,0.45,0.24,0.16,3.68
XA,2025-12-31,DOM,FN-132,XAFN-132,JYNKEE,JYN-KEE,7538825784371,,JYN-KEE,Class 2,TYPE-D,,Agent C2,Payment A,2025-12-24,Category C,CCY-1,N,69.45,26.35,30.72,6.16,7.18,1.69,1.97,90.38,105.38,,JYN,105.38,1075,YZR3CU,Basis-002,1.98,0.88,0.21,0.06,3.01
XA,2025-12-15,DOM,FN-395,XAFN-118,JKSUMK,JKS-UMK,0871957156210,,JKS-UMK,Class 2,TYPE-A,,Agent B1,Payment B,2025-12-16,Category A,CCY-4,N,30.48,46.92,48.83,7.22,7.51,0.2,0.21,83.21,86.61,,JKS,86.61,565,PLPMV3,Basis-001/BG,0.87,1.4,0.21,0.01,2.47
XA,2025-12-28,INT,FN-119,XAFN-508,KEEKHV,KEE-KHV,1027423783762,Category C,KEE-KHV,Class 7,TYPE-A,,Agent C2,Payment B,2025-12-01,Category A,CCY-1,Y,48.55,29.84,27.48,11.23,10.34,2.44,2.25,91.33,84.12,,KEE,84.12,1392,OANOZ6,Basis-001/BG,1.39,0.79,0.3,0.06,2.4
XA,2025-12-04,DOM,FN-119,XAFN-118,DRWUBR,DRW-UBR,2148763029862,,DRW-UBR,Class 3,TYPE-A,,Agent C1,Payment A,2025-11-13,Category A,CCY-2,N,10.28,42.6,34.97,5.8,4.76,0.24,0.2,60.68,49.81,,DRW,49.81,4465,TGVGMS,Basis-002/BG,0.29,1.0,0.14,0.01,1.42
XA,2025-12-23,DOM,FN-395,XAFN-117,JYNPVS,JYN-PVS,4591987813391,,JYN-PVS,Class 5,TYPE-B,,Agent A2,Payment A,2025-12-06,Category B,CCY-4,Y,286.88,37.51,37.86,7.93,8.0,7.46,7.53,322.21,325.21,,JYN,325.21,1699,Z4LDHT,Basis-001,8.2,1.08,0.23,0.22,9.29
XA,2025-12-10,INT,FN-394,XAFN-132,JKSMBT,JKS-MBT,5324136907024,,JKS-MBT,Class 5,TYPE-C,,Agent C2,Payment A,2025-11-01,Category D,CCY-1,Y,90.39,30.43,28.43,13.98,13.06,3.85,3.6,137.32,128.28,,JKS,128.28,4066,3QURMH,Basis-002/BG,2.58,0.81,0.37,0.1,3.67
XA,2025-12-05,DOM,FN-394,XAFN-132,KEEQFX,KEE-QFX,3737326953724,Category D,KEE-QFX,Class 6,TYPE-C,,Agent C1,Payment B,2025-12-17,Category A,CCY-3,Y,147.96,25.65,26.74,9.87,10.29,2.43,2.53,175.0,182.46,,KEE,182.46,1502,NV7K56,Basis-002/BG,4.23,0.76,0.29,0.07,5.21
XA,2025-12-17,DOM,FN-132,XAFN-119,KEEUBR,KEE-UBR,4029708953897,,KEE-UBR,Class 2,TYPE-D,,Agent C2,Payment B,2025-11-03,Category A,CCY-2,Y,101.69,22.85,24.85,0.4,0.43,4.63,5.04,112.13,121.93,,KEE,121.93,4247,JU3UE4,Basis-002/BG,2.91,0.71,0.01,0.14,3.48
XA,2025-12-30,INT,FN-508,XAFN-508,TDXGNP,TDX-GNP,3180447940505,,TDX-GNP,Class 5,TYPE-C,,Agent C1,Payment B,2025-12-09,Category A,CCY-4,N,227.9,36.98,34.48,6.57,6.13,0.85,0.79,287.14,267.72,,TDX,267.72,697,ILW9QA,Basis-002/BG,6.51,0.99,0.18,0.02,7.65
XA,2025-12-04,DOM,FN-394,XAFN-105,KEENAB,KEE-NAB,9537281774089,Category D,KEE-NAB,Class 6,TYPE-D,,Agent C1,Payment B,2025-11-24,Category B,CCY-1,Y,301.9,28.25,31.31,4.35,4.82,0.79,0.88,304.2,337.15,,KEE,337.15,1162,N4L9CK,Basis-001/BG,8.63,0.89,0.14,0.03,9.63
XA,2025-12-31,DOM,FN-101,XAFN-101,UMKUBR,UMK-UBR,9741886828757,,UMK-UBR,Class 4,TYPE-D,,Agent A2,Payment C,2025-12-20,Category B,CCY-4,Y,218.54,31.72,35.97,10.56,11.97,8.14,9.23,226.85,257.25,,UMK,257.25,3797,M733OX,Basis-002/BG,6.24,1.03,0.34,0.26,7.35
XA,2025-12-01,INT,FN-101,XAFN-508,UBRKHV,UBR-KHV,3220646206672,Category C,UBR-KHV,Class 5,TYPE-D,,Agent A1,Payment C,2025-12-11,Category C,CCY-1,Y,115.94,41.84,36.76,9.89,8.69,4.91,4.31,178.78,157.08,,UBR,157.08,437,GSY7VH,Basis-003,3.31,1.05,0.25,0.12,4.49
XA,2025-12-02,DOM,FN-119,XAFN-105,KSNDRW,KSN-DRW,5122658177292,Category D,KSN-DRW,Class 5,TYPE-D,,Agent C1,Payment A,2025-11-28,Category B,CCY-2,N,194.48,1.29,1.43,7.08,7.83,7.32,8.1,176.83,195.64,,KSN,195.64,4551,DILH4E,Basis-001,5.56,0.04,0.22,0.23,5.59
XA,2025-12-08,DOM,FN-101,XAFN-394,FUGNAB,FUG-NAB,3888012212436,Category D,FUG-NAB,Class 2,TYPE-B,,Agent A1,Payment A,2025-11-05,Category A,CCY-1,N,287.77,15.84,18.49,5.98,6.98,10.96,12.79,257.43,300.45,,FUG,300.45,2434,L6BMBV,Basis-003,8.22,0.53,0.2,0.37,8.58
XA,2025-12-26,DOM,FN-132,XAFN-105,FUGTDX,FUG-TDX,1150412250112,,FUG-TDX,Class 8,TYPE-C,,Agent A1,Payment C,2025-11-12,Category D,CCY-1,N,114.16,14.52,11.78,1.28,1.04,2.27,1.84,154.26,125.14,,FUG,125.14,540,HBRUPV,Basis-002,3.26,0.34,0.03,0.05,3.58
XA,2025-12-04,DOM,FN-118,XAFN-133,JYNFUG,JYN-FUG,8817561095834,Category C,JYN-FUG,Class 2,TYPE-C,,Agent C1,Payment A,2025-12-23,Category B,CCY-1,N,131.55,37.95,32.04,11.54,9.74,2.14,1.81,203.14,171.52,,JYN,171.52,2949,580K5W,Basis-003,3.76,0.92,0.28,0.05,4.9
XA,2025-12-10,DOM,FN-394,XAFN-132,JKSKSN,JKS-KSN,0917835636405,Category D,JKS-KSN,Class 4,TYPE-A,,Agent A1,Payment C,2025-11-24,Category C,CCY-2,N,138.41,28.8,30.65,14.2,15.11,6.12,6.51,166.94,177.66,,JKS,177.66,4092,D9PQR9,Basis-002/BG,3.95,0.88,0.43,0.19,5.08
XA,2025-12-06,DOM,FN-101,XAFN-119,JYNFUG,JYN-FUG,0735386828159,,JYN-FUG,Class 1,TYPE-A,,Agent A1,Payment C,2025-11-30,Category D,CCY-4,Y,134.76,26.29,21.39,10.56,8.59,0.86,0.7,201.65,164.04,,JYN,164.04,3713,VCSIZL,Basis-001,3.85,0.61,0.25,0.02,4.69
XA,2025-12-25,INT,FN-508,XAFN-118,QFXKHV,QFX-KHV,4692662639519,,QFX-KHV,Class 2,TYPE-B,,Agent C1,Payment A,2025-11-13,Category C,CCY-3,N,196.35,55.49,51.18,7.44,6.86,3.19,2.94,272.64,251.45,,QFX,251.45,850,LMG04F,Basis-002/BG,5.61,1.46,0.2,0.08,7.18
XA,2025-12-31,INT,FN-133,XAFN-105,NABHGV,NAB-HGV,6001311378718,,NAB-HGV,Class 2,TYPE-D,,Agent C2,Payment C,2025-12-04,Category B,CCY-2,Y,157.91,33.51,35.08,4.81,5.04,2.79,2.92,186.36,195.11,,NAB,195.11,678,U7QQ3T,Basis-001,4.51,1.0,0.14,0.08,5.57
XA,2025-12-01,DOM,FN-508,XAFN-118,TDXNAB,TDX-NAB,6660506890255,Category C,TDX-NAB,Class 1,TYPE-D,,Agent A2,Payment B,2025-12-11,Category C,CCY-4,Y,151.63,7.6,8.01,1.09,1.15,6.8,7.16,145.85,153.63,,TDX,153.63,3820,XJEA93,Basis-002/BG,4.33,0.23,0.03,0.2,4.39
XA,2025-12-15,DOM,FN-119,XAFN-101,JYNUBR,JYN-UBR,9053301925186,Category D,JYN-UBR,Class 3,TYPE-D,,Agent A1,Payment B,2025-12-04,Category C,CCY-2,N,179.34,23.58,24.24,10.71,11.01,8.25,8.48,200.49,206.11,,JYN,206.11,574,GC2810,Basis-002,5.12,0.69,0.31,0.24,5.89
XA,2025-12-16,INT,FN-105,XAFN-132,FUGSZV,FUG-SZV,0074883826820,,FUG-SZV,Class 6,TYPE-B,,Agent A1,Payment A,2025-12-16,Category A,CCY-4,N,148.57,17.3,15.35,11.01,9.77,3.0,2.66,192.75,171.03,,FUG,171.03,1373,O4BXYP,Basis-002/BG,4.24,0.44,0.28,0.08,4.89
XA,2025-12-25,INT,FN-395,XAFN-133,PVSDPQ,PVS-DPQ,9725006973658,,PVS-DPQ,Class 8,TYPE-C,,Agent C1,Payment C,2025-11-10,Category B,CCY-3,Y,51.35,60.43,50.86,3.83,3.22,2.07,1.74,123.21,103.69,,PVS,103.69,3039,DA7WCR,Basis-001/BG,1.47,1.45,0.09,0.05,2.96
XA,2025-12-23,DOM,FN-119,XAFN-133,YMLJKS,YML-JKS,6176588188376,,YML-JKS,Class 8,TYPE-D,,Agent A1,Payment C,2025-12-15,Category D,CCY-1,Y,134.34,17.45,14.37,15.6,12.85,7.4,6.09,188.79,155.47,,YML,155.47,1283,8MBQTU,Basis-003,3.84,0.41,0.37,0.17,4.44
XA,2025-12-09,DOM,FN-101,XAFN-395,KLCNAB,KLC-NAB,3444340288559,,KLC-NAB,Class 8,TYPE-A,,Agent C1,Payment B,2025-11-29,Category A,CCY-2,N,123.49,19.21,22.22,12.33,14.27,4.46,5.16,133.82,154.82,,KLC,154.82,2770,3NYLU4,Basis-003,3.53,0.63,0.41,0.15,4.42
XA,2025-12-31,DOM,FN-119,XAFN-395,UMKDRW,UMK-DRW,6543701126992,,UMK-DRW,Class 9,TYPE-B,,Agent A2,Payment B,2025-12-07,Category D,CCY-2,N,152.35,46.96,37.75,6.33,5.09,1.53,1.23,241.3,193.96,,UMK,193.96,938,82H3RX,Basis-002/BG,4.35,1.08,0.15,0.04,5.54
XA,2025-12-14,DOM,FN-117,XAFN-118,FUGYML,FUG-YML,5311571826522,,FUG-YML,Class 2,TYPE-A,,Agent C2,Payment A,2025-11-26,Category C,CCY-1,N,37.61,31.2,31.61,8.3,8.41,1.32,1.34,75.29,76.29,,FUG,76.29,3666,45MPTB,Basis-001/BG,1.07,0.9,0.24,0.04,2.18
XA,2025-12-07,DOM,FN-133,XAFN-118,NABKEE,NAB-KEE,5671212498764,,NAB-KEE,Class 4,TYPE-C,,Agent B1,Payment B,2025-12-24,Category B,CCY-4,Y,200.11,24.48,28.8,9.37,11.03,2.27,2.67,201.67,237.27,,NAB,237.27,2231,89ZWI9,Basis-003,5.72,0.82,0.32,0.08,6.78
XA,2025-12-19,DOM,FN-394,XAFN-133,KLCTDX,KLC-TDX,7220711350336,,KLC-TDX,Class 1,TYPE-C,,Agent C1,Payment B,2025-12-09,Category B,CCY-2,N,20.13,58.29,58.33,9.17,9.18,0.79,0.79,86.79,86.85,,KLC,86.85,4791,HRKRGK,Basis-002/BG,0.58,1.67,0.26,0.02,2.48
XA,2025-12-18,DOM,FN-118,XAFN-394,TDXJKS,TDX-JKS,2760412817717,,TDX-JKS,Class 6,TYPE-D,,Agent C1,Payment C,2025-12-24,Category C,CCY-3,N,205.81,14.85,17.46,9.82,11.54,4.95,5.82,194.79,228.99,,TDX,228.99,2739,G8GN7G,Basis-002/BG,5.88,0.5,0.33,0.17,6.54
XA,2025-12-24,DOM,FN-118,XAFN-394,KEEQFX,KEE-QFX,1200731680806,Category C,KEE-QFX,Class 3,TYPE-C,,Agent A2,Payment A,2025-12-10,Category D,CCY-3,N,45.77,31.28,36.78,6.99,8.22,1.89,2.22,75.31,88.55,,KEE,88.55,3409,Y8H7UT,Basis-003,1.31,1.05,0.23,0.06,2.53
XA,2025-12-31,DOM,FN-105,XAFN-508,UMKJYN,UMK-JYN,4824641188034,,UMK-JYN,Class 6,TYPE-D,,Agent A1,Payment C,2025-11-02,Category D,CCY-1,Y,152.34,40.0,40.47,3.8,3.84,2.73,2.76,191.63,193.89,,UMK,193.89,3661,VTJIC1,Basis-002/BG,4.35,1.16,0.11,0.08,5.54
XA,2025-12-18,DOM,FN-117,XAFN-117,JYNKEE,JYN-KEE,6163405464985,,JYN-KEE,Class 8,TYPE-A,,Agent B2,Payment B,2025-11-11,Category C,CCY-2,Y,95.24,38.85,36.86,21.59,20.49,0.36,0.34,160.46,152.25,,JYN,152.25,264,CNAVIQ,Basis-001,2.72,1.05,0.59,0.01,4.35
XA,2025-12-24,INT,FN-132,XAFN-119,FUGGNP,FUG-GNP,3879283929123,,FUG-GNP,Class 8,TYPE-A,,Agent C2,Payment C,2025-12-02,Category C,CCY-4,Y,138.95,34.22,38.87,8.34,9.47,0.15,0.17,164.76,187.12,,FUG,187.12,653,2J1NT0,Basis-002,3.97,1.11,0.27,0.0,5.35
XA,2025-12-28,DOM,FN-119,XAFN-132,KSNYML,KSN-YML,6729442472226,Category D,KSN-YML,Class 8,TYPE-D,,Agent A2,Payment C,2025-12-26,Category B,CCY-4,Y,305.38,3.47,3.79,9.6,10.47,0.58,0.63,292.48,319.01,,KSN,319.01,1996,KIWB5Y,Basis-001/BG,8.73,0.11,0.3,0.02,9.11
XA,2025-12-29,DOM,FN-132,XAFN-395,KSNUBR,KSN-UBR,3441730981819,Category C,KSN-UBR,Class 8,TYPE-C,,Agent C2,Payment C,2025-11-10,Category C,CCY-3,Y,19.96,7.6,7.6,11.5,11.49,0.37,0.37,38.7,38.68,,KSN,38.68,1597,V9MVNE,Basis-003,0.57,0.22,0.33,0.01,1.11
XA,2025-12-02,DOM,FN-101,XAFN-508,KSNKEE,KSN-KEE,2936778514554,Category D,KSN-KEE,Class 4,TYPE-C,,Agent B1,Payment C,2025-11-20,Category B,CCY-4,N,161.16,24.57,25.73,9.04,9.47,5.91,6.19,181.61,190.17,,KSN,190.17,2022,RPG2H2,Basis-003,4.6,0.74,0.27,0.18,5.43
XA,2025-12-21,DOM,FN-119,XAFN-394,YMLJYN,YML-JYN,8513931165312,,YML-JYN,Class 6,TYPE-C,,Agent B1,Payment B,2025-12-15,Category D,CCY-3,N,397.86,26.69,26.13,12.82,12.55,20.1,19.68,425.82,416.86,,YML,416.86,3083,4BR3RN,Basis-001,11.37,0.75,0.36,0.56,11.91
XA,2025-12-21,DOM,FN-132,XAFN-132,YMLKLC,YML-KLC,0135841034113,,YML-KLC,Class 4,TYPE-B,,Agent C2,Payment A,2025-11-02,Category B,CCY-2,Y,98.05,39.72,34.43,10.16,8.81,2.07,1.79,160.94,139.5,,YML,139.5,462,C7I394,Basis-002/BG,2.8,0.98,0.25,0.05,3.99
XA,2025-12-18,DOM,FN-133,XAFN-133,KLCDRW,KLC-DRW,3070996488639,,KLC-DRW,Class 9,TYPE-C,,Agent B2,Payment C,2025-12-31,Category A,CCY-4,Y,117.16,49.87,57.28,13.84,15.89,3.21,3.69,162.51,186.64,,KLC,186.64,4863,1U8DAW,Basis-003,3.35,1.64,0.45,0.11,5.33
XA,2025-12-08,INT,FN-117,XAFN-394,TDXKUV,TDX-KUV,5329694863201,Category C,TDX-KUV,Class 4,TYPE-A,,Agent B2,Payment B,2025-12-20,Category B,CCY-2,Y,160.94,4.05,4.56,7.27,8.19,2.28,2.57,151.94,171.12,,TDX,171.12,1606,IYO4V3,Basis-003,4.6,0.13,0.23,0.07,4.89
XA,2025-12-13,INT,FN-118,XAFN-118,DRWMBT,DRW-MBT,6592396597826,,DRW-MBT,Class 2,TYPE-A,,Agent C1,Payment A,2025-11-01,Category C,CCY-1,N,366.24,22.16,26.54,12.96,15.52,5.18,6.21,335.67,402.09,,DRW,402.09,225,HFBAT1,Basis-003,10.46,0.76,0.44,0.18,11.49
XA,2025-12-20,INT,FN-394,XAFN-119,UBRKUV,UBR-KUV,1053888931290,Category D,UBR-KUV,Class 4,TYPE-C,,Agent A2,Payment C,2025-12-27,Category B,CCY-1,Y,265.36,27.87,33.28,4.85,5.79,2.24,2.67,252.69,301.76,,UBR,301.76,3648,EBDXWR,Basis-003,7.58,0.95,0.17,0.08,8.62
XA,2025-12-21,DOM,FN-105,XAFN-101,PVSUMK,PVS-UMK,1510609784970,Category D,PVS-UMK,Class 3,TYPE-B,,Agent C2,Payment A,2025-12-08,Category D,CCY-1,N,44.82,36.64,40.26,5.4,5.93,0.25,0.28,82.57,90.73,,PVS,90.73,3520,4P3DBV,Basis-002,1.28,1.15,0.17,0.01,2.59
XA,2025-12-11,INT,FN-119,XAFN-117,YMLLNR,YML-LNR,7147250762332,,YML-LNR,Class 5,TYPE-C,,Agent A1,Payment C,2025-12-13,Category C,CCY-2,N,164.09,12.7,11.25,9.79,8.67,1.24,1.1,206.47,182.91,,YML,182.91,2325,SC7289,Basis-003,4.69,0.32,0.25,0.03,5.23
XA,2025-12-16,DOM,FN-133,XAFN-119,DRWKEE,DRW-KEE,0737225758483,,DRW-KEE,Class 2,TYPE-B,,Agent C1,Payment A,2025-11-29,Category A,CCY-4,Y,152.7,31.34,34.03,4.08,4.43,0.57,0.62,175.46,190.54,,DRW,190.54,1934,2WTAU3,Basis-003,4.36,0.97,0.13,0.02,5.44
XA,2025-12-28,DOM,FN-132,XAFN-395,KSNNAB,KSN-NAB,6234223422641,,KSN-NAB,Class 4,TYPE-A,,Agent B1,Payment C,2025-11-18,Category B,CCY-2,Y,245.75,18.44,21.05,1.43,1.63,7.3,8.33,227.81,260.1,,KSN,260.1,244,N321QA,Basis-002/BG,7.02,0.6,0.05,0.24,7.43
XA,2025-12-08,DOM,FN-118,XAFN-117,NABUBR,NAB-UBR,1084398893903,,NAB-UBR,Class 3,TYPE-D,,Agent C1,Payment B,2025-11-17,Category D,CCY-3,N,141.28,30.69,30.52,10.86,10.8,6.99,6.95,176.64,175.65,,NAB,175.65,4435,A83O5T,Basis-002,4.04,0.87,0.31,0.2,5.02
XA,2025-12-31,INT,FN-133,XAFN-105,FUGKUV,FUG-KUV,2476859766469,Category C,FUG-KUV,Class 2,TYPE-D,,Agent B1,Payment C,2025-12-14,Category A,CCY-4,Y,258.97,27.28,26.45,9.69,9.4,11.04,10.71,293.0,284.11,,FUG,284.11,4706,8R7ZO9,Basis-002,7.4,0.76,0.27,0.31,8.12
XA,2025-12-10,DOM,FN-394,XAFN-395,JKSPVS,JKS-PVS,2001376835281,Category C,JKS-PVS,Class 5,TYPE-D,,Agent A2,Payment C,2025-11-17,Category B,CCY-3,Y,61.75,47.15,42.31,12.17,10.92,1.6,1.44,126.54,113.54,,JKS,113.54,2557,PN8LCR,Basis-001,1.76,1.21,0.31,0.04,3.24
XA,2025-12-19,INT,FN-395,XAFN-119,KLCSZV,KLC-SZV,0020304330779,,KLC-SZV,Class 8,TYPE-A,,Agent C2,Payment A,2025-11-09,Category A,CCY-2,N,116.4,1.43,1.43,17.25,17.22,2.2,2.2,133.12,132.85,,KLC,132.85,1798,GSL4WN,Basis-001,3.33,0.04,0.49,0.06,3.8
XA,2025-12-07,INT,FN-105,XAFN-508,UBRGNP,UBR-GNP,8544806676462,,UBR-GNP,Class 8,TYPE-D,,Agent B1,Payment A,2025-11-26,Category C,CCY-1,Y,51.79,25.76,21.13,14.37,11.79,1.76,1.44,101.51,83.27,,UBR,83.27,1284,9L564R,Basis-002,1.48,0.6,0.34,0.04,2.38
XA,2025-12-18,DOM,FN-394,XAFN-394,KLCNAB,KLC-NAB,8700098545069,Category C,KLC-NAB,Class 2,TYPE-C,,Agent C2,Payment B,2025-11-26,Category B,CCY-3,Y,54.28,8.86,7.6,0.72,0.62,0.37,0.32,72.49,62.18,,KLC,62.18,4418,5EGLKX,Basis-001/BG,1.55,0.22,0.02,0.01,1.78
XA,2025-12-14,DOM,FN-101,XAFN-117,DRWKEE,DRW-KEE,0707373668031,,DRW-KEE,Class 7,TYPE-D,,Agent B2,Payment A,2025-11-29,Category A,CCY-2,N,207.68,21.88,21.82,24.7,24.64,0.06,0.06,254.75,254.08,,DRW,254.08,3349,XAMVIC,Basis-003,5.93,0.62,0.7,0.0,7.26
XA,2025-12-21,INT,FN-133,XAFN-105,TDXVQR,TDX-VQR,5902879826225,Category D,TDX-VQR,Class 5,TYPE-C,,Agent B2,Payment B,2025-12-27,Category A,CCY-3,N,70.45,15.51,16.18,6.87,7.17,2.07,2.16,87.86,91.64,,TDX,91.64,3024,98BWWP,Basis-001,2.01,0.46,0.2,0.06,2.62
XA,2025-12-25,DOM,FN-133,XAFN-105,DRWYML,DRW-YML,6931333634528,,DRW-YML,Class 5,TYPE-C,,Agent C2,Payment A,2025-11-13,Category B,CCY-1,N,169.45,27.48,22.95,15.64,13.06,5.9,4.93,240.09,200.53,,DRW,200.53,2311,J32DK9,Basis-002/BG,4.84,0.66,0.37,0.14,5.73
XA,2025-12-30,DOM,FN-508,XAFN-105,KLCJKS,KLC-JKS,5674079491790,,KLC-JKS,Class 3,TYPE-A,,Agent C2,Payment C,2025-12-05,Category A,CCY-4,Y,71.71,9.97,9.28,1.08,1.01,2.13,1.98,85.94,80.02,,KLC,80.02,3017,PCBZTF,Basis-001/BG,2.05,0.27,0.03,0.06,2.29
XA,2025-12-14,INT,FN-394,XAFN-132,UMKSUQ,UMK-SUQ,9650002197976,Category D,UMK-SUQ,Class 8,TYPE-D,,Agent A1,Payment C,2025-11-20,Category D,CCY-1,Y,27.89,27.09,22.23,10.36,8.5,0.54,0.44,70.9,58.18,,UMK,58.18,872,OOFPEO,Basis-003,0.8,0.64,0.24,0.01,1.66
XA,2025-12-05,INT,FN-395,XAFN-101,FUGGNP,FUG-GNP,2614228474697,Category D,FUG-GNP,Class 6,TYPE-A,,Agent A2,Payment B,2025-12-04,Category A,CCY-1,N,99.49,43.42,48.65,14.4,16.14,1.87,2.1,144.74,162.18,,FUG,162.18,4620,AJ0IMT,Basis-001,2.84,1.39,0.46,0.06,4.63
XA,2025-12-03,DOM,FN-394,XAFN-105,PVSNAB,PVS-NAB,4112129058884,,PVS-NAB,Class 3,TYPE-B,,Agent B2,Payment C,2025-12-11,Category B,CCY-4,N,123.22,3.61,3.09,8.39,7.17,6.88,5.88,149.27,127.6,,PVS,127.6,1923,DHYVPQ,Basis-001,3.52,0.09,0.2,0.17,3.65
XA,2025-12-18,DOM,FN-132,XAFN-117,TDXJKS,TDX-JKS,2293114231154,,TDX-JKS,Class 3,TYPE-D,,Agent C2,Payment C,2025-12-26,Category A,CCY-1,N,102.01,18.91,20.14,6.11,6.51,4.58,4.88,116.24,123.78,,TDX,123.78,4881,1X79C5,Basis-001/BG,2.91,0.58,0.19,0.14,3.54
XA,2025-12-28,DOM,FN-118,XAFN-119,DRWNAB,DRW-NAB,2845129938788,Category D,DRW-NAB,Class 1,TYPE-B,,Agent A1,Payment A,2025-11-29,Category C,CCY-3,Y,97.72,23.43,24.2,6.6,6.82,3.9,4.03,120.72,124.71,,DRW,124.71,2352,8SOKPA,Basis-001,2.79,0.69,0.19,0.12,3.56
XA,2025-12-21,DOM,FN-508,XAFN-395,KEEKLC,KEE-KLC,3292401162801,,KEE-KLC,Class 2,TYPE-A,,Agent B2,Payment A,2025-11-11,Category A,CCY-4,N,166.67,31.87,35.41,4.9,5.45,0.46,0.51,186.3,207.02,,KEE,207.02,3204,WXBRC7,Basis-003,4.76,1.01,0.16,0.01,5.91
XA,2025-12-29,DOM,FN-132,XAFN-119,DRWUBR,DRW-UBR,4002671617277,Category D,DRW-UBR,Class 6,TYPE-B,,Agent C2,Payment C,2025-12-25,Category C,CCY-1,N,251.69,15.77,15.3,1.97,1.91,8.61,8.35,268.53,260.55,,DRW,260.55,1920,YZWP4T,Basis-003,7.19,0.44,0.05,0.24,7.44
XA,2025-12-19,DOM,FN-119,XAFN-101,QFXKLC,QFX-KLC,0449229468976,,QFX-KLC,Class 3,TYPE-D,,Agent B2,Payment A,2025-11-08,Category C,CCY-1,N,180.46,17.21,17.74,11.27,11.61,4.44,4.58,199.13,205.23,,QFX,205.23,497,0DAUC4,Basis-002/BG,5.16,0.51,0.33,0.13,5.86
XA,2025-12-26,DOM,FN-394,XAFN-105,JYNUMK,JYN-UMK,9557290341386,Category D,JYN-UMK,Class 7,TYPE-A,,Agent B2,Payment B,2025-12-02,Category B,CCY-4,N,42.29,47.68,50.89,12.52,13.36,0.64,0.68,99.18,105.86,,JYN,105.86,1417,2G42B7,Basis-002,1.21,1.45,0.38,0.02,3.02
XA,2025-12-01,DOM,FN-508,XAFN-508,FUGKSN,FUG-KSN,9129982486131,,FUG-KSN,Class 2,TYPE-A,,Agent A2,Payment B,2025-12-29,Category A,CCY-3,N,29.96,6.67,7.82,15.67,18.36,0.09,0.11,47.82,56.03,,FUG,56.03,4010,5D6DCY,Basis-002,0.86,0.22,0.52,0.0,1.6
XA,2025-12-11,DOM,FN-119,XAFN-132,UMKJYN,UMK-JYN,4681966230037,Category C,UMK-JYN,Class 6,TYPE-D,,Agent A2,Payment B,2025-12-20,Category C,CCY-4,N,91.01,16.45,17.49,1.25,1.33,0.97,1.03,102.36,108.8,,UMK,108.8,493,SLZ3Z7,Basis-002/BG,2.6,0.5,0.04,0.03,3.11
XA,2025-12-10,INT,FN-118,XAFN-133,UMKVQR,UMK-VQR,4557531002668,,UMK-VQR,Class 4,TYPE-C,,Agent A2,Payment B,2025-11-21,Category D,CCY-4,Y,121.94,27.57,26.58,14.08,13.58,3.33,3.21,164.79,158.89,,UMK,158.89,2439,S8GNED,Basis-002/BG,3.48,0.76,0.39,0.09,4.54
XA,2025-12-03,INT,FN-132,XAFN-395,YMLDPQ,YML-DPQ,6684927254528,Category C,YML-DPQ,Class 8,TYPE-B,,Agent B1,Payment A,2025-12-23,Category B,CCY-3,Y,38.07,7.99,7.2,13.6,12.25,0.58,0.52,63.29,57.0,,YML,57.0,465,906ZE5,Basis-003,1.09,0.21,0.35,0.01,1.63
XA,2025-12-02,INT,FN-105,XAFN-101,YMLSUQ,YML-SUQ,2394142900940,,YML-SUQ,Class 8,TYPE-D,,Agent B2,Payment C,2025-11-17,Category A,CCY-1,Y,230.54,5.37,6.43,12.87,15.41,9.35,11.19,201.45,241.19,,YML,241.19,4373,HKNDAZ,Basis-002/BG,6.59,0.18,0.44,0.32,6.89
XA,2025-12-14,DOM,FN-508,XAFN-508,NABKLC,NAB-KLC,3478776297467,Category C,NAB-KLC,Class 3,TYPE-A,,Agent C2,Payment B,2025-11-10,Category A,CCY-3,N,153.0,55.93,46.38,11.64,9.65,5.75,4.77,246.3,204.26,,NAB,204.26,4743,GXZ7R2,Basis-001,4.37,1.33,0.28,0.14,5.84
XA,2025-12-31,INT,FN-119,XAFN-118,PVSKHV,PVS-KHV,5763587311135,Category D,PVS-KHV,Class 5,TYPE-B,,Agent B1,Payment C,2025-11-25,Category D,CCY-4,N,51.78,27.36,27.72,15.1,15.3,0.74,0.75,92.83,94.05,,PVS,94.05,2819,O8K9EF,Basis-003,1.48,0.79,0.44,0.02,2.69
XA,2025-12-06,DOM,FN-119,XAFN-119,UBRPVS,UBR-PVS,2904608467407,Category C,UBR-PVS,Class 6,TYPE-C,,Agent C1,Payment A,2025-12-19,Category A,CCY-4,N,78.5,24.98,24.18,9.42,9.12,0.32,0.31,115.18,111.49,,UBR,111.49,4158,D777TJ,Basis-001,2.24,0.69,0.26,0.01,3.19
XA,2025-12-24,INT,FN-117,XAFN-394,PVSGNP,PVS-GNP,5073613204063,Category C,PVS-GNP,Class 8,TYPE-B,,Agent A2,Payment B,2025-11-12,Category A,CCY-4,N,81.96,66.43,55.07,6.62,5.49,3.44,2.85,168.49,139.67,,PVS,139.67,4812,W522HR,Basis-002/BG,2.34,1.57,0.16,0.08,3.99
XA,2025-12-19,INT,FN-133,XAFN-508,FUGDPQ,FUG-DPQ,7816266714168,Category C,FUG-DPQ,Class 7,TYPE-D,,Agent C2,Payment C,2025-11-24,Category D,CCY-4,Y,190.46,27.83,28.7,15.79,16.29,8.29,8.55,220.0,226.9,,FUG,226.9,645,Q7969E,Basis-001,5.44,0.82,0.47,0.24,6.48
XA,2025-12-29,DOM,FN-101,XAFN-508,FUGKLC,FUG-KLC,6273167349928,Category D,FUG-KLC,Class 6,TYPE-B,,Agent B2,Payment B,2025-12-04,Category D,CCY-1,Y,182.48,23.64,26.48,4.94,5.53,6.29,7.05,185.19,207.44,,FUG,207.44,3865,SKLT7X,Basis-001/BG,5.21,0.76,0.16,0.2,5.93
XA,2025-12-08,DOM,FN-394,XAFN-101,DRWFUG,DRW-FUG,1449877158927,,DRW-FUG,Class 3,TYPE-B,,Agent C2,Payment B,2025-12-09,Category B,CCY-4,Y,213.83,1.92,1.9,13.36,13.23,5.53,5.48,225.63,223.48,,DRW,223.48,4815,YCR0UP,Basis-002/BG,6.11,0.05,0.38,0.16,6.39
XA,2025-12-23,INT,FN-133,XAFN-105,KSNLNR,KSN-LNR,0912827756539,Category C,KSN-LNR,Class 6,TYPE-D,,Agent B2,Payment C,2025-12-11,Category D,CCY-1,Y,62.08,44.69,48.78,9.9,10.81,0.23,0.25,111.25,121.42,,KSN,121.42,1484,P4L9PO,Basis-002/BG,1.77,1.39,0.31,0.01,3.47
XA,2025-12-11,INT,FN-117,XAFN-394,YMLZYR,YML-ZYR,9434071627664,,YML-ZYR,Class 2,TYPE-C,,Agent C1,Payment B,2025-11-02,Category C,CCY-3,N,201.53,27.69,31.23,1.1,1.24,8.25,9.31,199.19,224.69,,YML,224.69,2255,9ECAO6,Basis-001,5.76,0.89,0.04,0.27,6.42
XA,2025-12-07,DOM,FN-132,XAFN-133,TDXPVS,TDX-PVS,0990148068106,Category D,TDX-PVS,Class 8,TYPE-C,,Agent C2,Payment A,2025-11-14,Category D,CCY-2,Y,81.14,42.95,40.09,11.6,10.83,2.68,2.5,138.8,129.56,,TDX,129.56,1405,P9RA94,Basis-002,2.32,1.15,0.31,0.07,3.7
XA,2025-12-09,DOM,FN-133,XAFN-117,KSNUBR,KSN-UBR,4068375945870,Category C,KSN-UBR,Class 7,TYPE-B,,Agent A1,Payment B,2025-12-11,Category A,CCY-1,Y,244.48,36.32,36.05,5.21,5.17,11.99,11.9,275.81,273.8,,KSN,273.8,2889,NBAQKN,Basis-002/BG,6.99,1.03,0.15,0.34,7.82
XA,2025-12-16,INT,FN-118,XAFN-105,TDXRZP,TDX-RZP,5507576449639,Category C,TDX-RZP,Class 3,TYPE-A,,Agent B1,Payment C,2025-12-22,Category A,CCY-3,N,86.31,29.95,31.54,1.49,1.57,2.97,3.13,110.41,116.29,,TDX,116.29,2744,FJ641O,Basis-002,2.47,0.9,0.04,0.09,3.32
XA,2025-12-23,INT,FN-117,XAFN-117,FUGSUQ,FUG-SUQ,6567992662434,,FUG-SUQ,Class 2,TYPE-D,,Agent C1,Payment C,2025-11-05,Category C,CCY-4,Y,283.88,34.68,36.63,15.28,16.14,0.67,0.71,318.06,335.94,,FUG,335.94,4600,V8M07N,Basis-002,8.11,1.05,0.46,0.02,9.6
XA,2025-12-22,INT,FN-133,XAFN-395,TDXGNP,TDX-GNP,7574122876704,Category D,TDX-GNP,Class 2,TYPE-C,,Agent B2,Payment A,2025-12-05,Category D,CCY-1,N,23.55,54.75,48.67,23.8,21.16,1.12,1.0,103.92,92.38,,TDX,92.38,721,IVJTSO,Basis-003,0.67,1.39,0.6,0.03,2.64
XA,2025-12-02,DOM,FN-508,XAFN-119,JKSPVS,JKS-PVS,1912125953532,Category D,JKS-PVS,Class 6,TYPE-A,,Agent A2,Payment B,2025-11-27,Category D,CCY-4,Y,44.33,47.58,41.57,11.46,10.01,0.25,0.22,109.53,95.69,,JKS,95.69,571,P6O27B,Basis-003,1.27,1.19,0.29,0.01,2.73
XA,2025-12-27,DOM,FN-105,XAFN-105,PVSKSN,PVS-KSN,2015026155427,,PVS-KSN,Class 9,TYPE-A,,Agent C2,Payment B,2025-11-05,Category A,CCY-3,N,26.45,45.19,37.39,17.12,14.17,1.27,1.05,93.01,76.96,,PVS,76.96,3131,ESQKP7,Basis-001,0.76,1.07,0.4,0.03,2.2
XA,2025-12-23,DOM,FN-105,XAFN-395,PVSNAB,PVS-NAB,5464137281122,Category C,PVS-NAB,Class 5,TYPE-A,,Agent B1,Payment B,2025-12-06,Category D,CCY-3,Y,101.91,58.55,47.49,2.06,1.67,0.99,0.8,185.27,150.27,,PVS,150.27,3602,PBVN7M,Basis-003,2.91,1.36,0.05,0.02,4.29
XA,2025-12-16,INT,FN-101,XAFN-101,JKSSZV,JKS-SZV,5628443290811,,JKS-SZV,Class 3,TYPE-A,,Agent C2,Payment C,2025-11-27,Category B,CCY-4,Y,30.42,28.56,32.05,9.03,10.13,0.47,0.53,64.22,72.07,,JKS,72.07,4831,005WDN,Basis-002,0.87,0.92,0.29,0.02,2.06
XA,2025-12-28,DOM,FN-508,XAFN-117,KEEKLC,KEE-KLC,1209698600775,,KEE-KLC,Class 1,TYPE-A,,Agent B1,Payment B,2025-12-21,Category C,CCY-2,N,92.67,40.09,42.14,12.04,12.65,2.19,2.3,138.11,145.16,,KEE,145.16,1332,9GYRLO,Basis-003,2.65,1.2,0.36,0.07,4.15
XA,2025-12-27,DOM,FN-101,XAFN-508,PVSQFX,PVS-QFX,5198095990560,Category C,PVS-QFX,Class 6,TYPE-B,,Agent B2,Payment B,2025-12-19,Category B,CCY-4,N,218.65,29.64,28.15,13.7,13.01,5.88,5.58,267.72,254.23,,PVS,254.23,996,BD4AQB,Basis-001/BG,6.25,0.8,0.37,0.16,7.26
XA,2025-12-22,DOM,FN-508,XAFN-133,UBRKSN,UBR-KSN,8870641080910,,UBR-KSN,Class 5,TYPE-B,,Agent C1,Payment C,2025-12-17,Category D,CCY-4,N,114.35,61.29,60.81,5.99,5.94,2.79,2.77,179.74,178.33,,UBR,178.33,1601,G1SMMW,Basis-001,3.27,1.74,0.17,0.08,5.1
XA,2025-12-22,DOM,FN-101,XAFN-101,QFXYML,QFX-YML,3570583349437,Category D,QFX-YML,Class 5,TYPE-D,,Agent B1,Payment A,2025-11-28,Category B,CCY-1,N,318.42,26.48,30.52,2.71,3.12,6.06,6.99,299.4,345.07,,QFX,345.07,4775,8HW67S,Basis-001/BG,9.1,0.87,0.09,0.2,9.86
XA,2025-12-03,INT,FN-132,XAFN-117,TDXKUV,TDX-KUV,5641650643305,Category D,TDX-KUV,Class 4,TYPE-A,,Agent C2,Payment B,2025-12-07,Category D,CCY-3,N,259.45,38.33,31.89,17.14,14.26,15.32,12.75,351.98,292.85,,TDX,292.85,1018,JF4UQM,Basis-001/BG,7.41,0.91,0.41,0.36,8.37
XA,2025-12-03,DOM,FN-394,XAFN-394,KEEUBR,KEE-UBR,1553673174211,Category D,KEE-UBR,Class 3,TYPE-B,,Agent A1,Payment C,2025-12-21,Category B,CCY-2,N,247.91,31.6,35.07,6.34,7.04,3.11,3.45,258.22,286.57,,KEE,286.57,2145,PURQ5W,Basis-002,7.08,1.0,0.2,0.1,8.19
XA,2025-12-14,DOM,FN-395,XAFN-395,YMLFUG,YML-FUG,6359412307567,Category D,YML-FUG,Class 1,TYPE-C,,Agent A2,Payment B,2025-12-31,Category D,CCY-2,Y,228.06,29.21,30.01,13.07,13.43,7.0,7.19,257.26,264.31,,YML,264.31,3439,JFNH1C,Basis-001,6.52,0.86,0.38,0.21,7.55
XA,2025-12-07,DOM,FN-395,XAFN-105,FUGKSN,FUG-KSN,4540327415464,Category C,FUG-KSN,Class 2,TYPE-B,,Agent B1,Payment B,2025-12-07,Category B,CCY-1,Y,22.3,43.03,36.7,7.98,6.81,0.39,0.33,76.77,65.48,,FUG,65.48,4290,CW9AKC,Basis-001,0.64,1.05,0.19,0.01,1.87
XA,2025-12-16,INT,FN-395,XAFN-119,NABKHV,NAB-KHV,2845381291660,Category D,NAB-KHV,Class 7,TYPE-A,,Agent C2,Payment A,2025-12-18,Category B,CCY-2,N,282.26,36.85,39.35,10.49,11.2,8.03,8.58,303.63,324.23,,NAB,324.23,4640,0BQCND,Basis-002,8.06,1.12,0.32,0.25,9.26
XA,2025-12-22,INT,FN-119,XAFN-105,KLCMBT,KLC-MBT,2226492327244,Category D,KLC-MBT,Class 5,TYPE-A,,Agent A2,Payment C,2025-12-07,Category B,CCY-1,N,188.9,16.2,15.02,19.54,18.12,0.64,0.59,238.86,221.45,,KLC,221.45,4143,PKWLZG,Basis-002,5.4,0.43,0.52,0.02,6.33
XA,2025-12-14,DOM,FN-394,XAFN-105,PVSJYN,PVS-JYN,6484351454626,,PVS-JYN,Class 8,TYPE-C,,Agent B1,Payment A,2025-12-03,Category C,CCY-3,N,309.31,41.58,35.89,20.8,17.95,13.9,12.0,406.86,351.15,,PVS,351.15,3065,TMUD6W,Basis-003,8.84,1.03,0.51,0.34,10.03
XA,2025-12-24,DOM,FN-508,XAFN-508,YMLQFX,YML-QFX,5853911130832,,YML-QFX,Class 8,TYPE-B,,Agent A1,Payment B,2025-11-07,Category D,CCY-4,N,104.47,20.03,18.04,11.32,10.2,3.96,3.57,143.36,129.14,,YML,129.14,1341,MD2Q4D,Basis-001,2.98,0.52,0.29,0.1,3.69
XA,2025-12-14,DOM,FN-132,XAFN-117,KLCNAB,KLC-NAB,8100749888710,Category D,KLC-NAB,Class 9,TYPE-C,,Agent C1,Payment B,2025-11-03,Category C,CCY-2,Y,184.8,28.76,24.09,15.15,12.69,2.41,2.02,262.1,219.56,,KLC,219.56,4755,5C7OL8,Basis-001,5.28,0.69,0.36,0.06,6.27
XA,2025-12-08,INT,FN-119,XAFN-508,UBRVQR,UBR-VQR,3646954946592,,UBR-VQR,Class 4,TYPE-C,,Agent B1,Payment C,2025-12-06,Category C,CCY-4,Y,174.51,13.06,15.03,10.94,12.59,1.18,1.36,174.52,200.77,,UBR,200.77,4029,6FQDGX,Basis-001,4.99,0.43,0.36,0.04,5.74
XA,2025-12-05,INT,FN-101,XAFN-508,JYNGNP,JYN-GNP,9662725070120,,JYN-GNP,Class 7,TYPE-C,,Agent A1,Payment B,2025-11-24,Category B,CCY-2,Y,219.08,36.84,32.57,17.83,15.76,4.51,3.99,297.98,263.42,,JYN,263.42,1393,RYSVIC,Basis-003,6.26,0.93,0.45,0.11,7.53
XA,2025-12-12,INT,FN-119,XAFN-395,UMKHGV,UMK-HGV,6767703737967,Category C,UMK-HGV,Class 9,TYPE-A,,Agent A2,Payment B,2025-11-29,Category A,CCY-4,N,52.61,45.08,37.02,5.05,4.15,0.66,0.54,113.53,93.24,,UMK,93.24,3510,03DGMS,Basis-001/BG,1.5,1.06,0.12,0.02,2.66
